#include <algorithm>
#include <cassert>
#include <cmath>
#include <fstream>
#include <iostream>
#include <map>
#include <sstream>
#include <vector>
#include "payroll-font-fixtures.generated.h"
namespace MyGUI {
struct Widget;struct ToolTipInfo{};struct MouseButton{};
struct IntPoint{int left,top;IntPoint(int x=0,int y=0):left(x),top(y){}};struct IntSize{int width,height;IntSize(int w=0,int h=0):width(w),height(h){}};
struct IntCoord{int left,top,width,height;IntCoord(int x=0,int y=0,int w=0,int h=0):left(x),top(y),width(w),height(h){}};
struct Colour{float r,g,b;Colour(float x=1,float y=1,float z=1):r(x),g(y),b(z){}};
struct Align{enum{Default=0,Left=1,Top=2,Center=4,VCenter=8};};
template<class T>T newDelegate(T v){return v;}
struct Event{template<class T>void operator+=(T){}};
struct Click{void(*callback)(Widget*);Click():callback(0){}void operator+=(void(*f)(Widget*)){callback=f;}};
struct Widget{
 Widget* parent;std::vector<Widget*> children;std::map<std::string,std::string> data;
 int x,y,w,h;float alpha;bool visible,enabled,mouse;Colour colour;std::string skin;
 Click eventMouseButtonClick;Event eventToolTip,eventMouseSetFocus,eventMouseLostFocus,eventMouseButtonPressed,eventMouseButtonReleased,eventWindowButtonPressed;
 Widget():parent(0),x(0),y(0),w(0),h(0),alpha(1),visible(true),enabled(true),mouse(true){}
 virtual ~Widget(){for(size_t i=0;i<children.size();++i)delete children[i];}
 virtual const char* type(){return "widget";}
 template<class T>T* createWidget(const char* s,int a,int b,int c,int d,int,const char* =0){T* t=new T;t->skin=s;t->parent=this;t->setCoord(a,b,c,d);children.push_back(t);return t;}
 void setCoord(int a,int b,int c,int d){x=a;y=b;w=c;h=d;}int getWidth(){return w;}int getHeight(){return h;}
 Widget* getParent(){return parent;}size_t getChildCount(){return children.size();}Widget* getChildAt(size_t i){return children[i];}
 void setVisible(bool v){visible=v;}bool getVisible(){return visible;}void setEnabled(bool v){enabled=v;}bool getEnabled(){return enabled;}
 void setAlpha(float v){alpha=v;}void setColour(Colour c){colour=c;}void setNeedMouseFocus(bool v){mouse=v;}void setNeedToolTip(bool){}
 void setUserString(const char* k,const std::string& s){data[k]=s;}std::string getUserString(const char* k){return data[k];}
 Widget* hit(int a,int b){if(!visible)return 0;for(size_t i=children.size();i>0;--i){Widget* c=children[i-1];if(a>=c->x&&a<c->x+c->w&&b>=c->y&&b<c->y+c->h){Widget* found=c->hit(a-c->x,b-c->y);if(found)return found;}}return mouse&&enabled?this:0;}
};
struct TextBox:Widget{
 std::string caption;int font,align;TextBox():font(24),align(0){}const char* type(){return "text";}
 void setTextColour(Colour c){colour=c;}void setFontHeight(int n){font=n;}int getFontHeight(){return font;}void setTextAlign(int a){align=a;}
 IntSize getTextSize(){double width=0,maxw=0;int lines=1;for(size_t i=0;i<caption.size();){unsigned char c=caption[i++];
  if(c=='#'&&i+6<=caption.size()){i+=6;continue;}if(c=='\n'){maxw=std::max(maxw,width);width=0;++lines;continue;}
  unsigned int cp=c;int extra=0;if(c>=240){cp=c&7;extra=3;}else if(c>=224){cp=c&15;extra=2;}else if(c>=192){cp=c&31;extra=1;}
  while(extra--&&i<caption.size())cp=(cp<<6)|((unsigned char)caption[i++]&63);
  width+=glyphWidth(cp)*font;
 }return IntSize((int)ceil(std::max(maxw,width)),lines*(font+3));}
};
struct UString:std::wstring{UString(const std::string& s=""){for(size_t i=0;i<s.size();){unsigned int c=(unsigned char)s[i++];int n=c>=240?3:c>=224?2:c>=192?1:0;if(n)c&=(1<<(6-n))-1;while(n--&&i<s.size())c=(c<<6)|((unsigned char)s[i++]&63);push_back(c);}}std::string asUTF8()const{std::string s;for(size_t i=0;i<size();++i){unsigned int c=(*this)[i];if(c<128)s+=(char)c;else if(c<2048){s+=(char)(192|(c>>6));s+=(char)(128|(c&63));}else{s+=(char)(224|(c>>12));s+=(char)(128|((c>>6)&63));s+=(char)(128|(c&63));}}return s;}};struct EditBox:TextBox{const char* type(){return "edit";}Event eventEditTextChange;UString getCaption(){return UString(caption);}};struct ComboBox:TextBox{const char* type(){return "combo";}std::vector<std::string> items;Event eventComboChangePosition;void setComboModeDrop(bool){}void addItem(const std::string& s){items.push_back(s);}void setIndexSelected(size_t n){if(n<items.size())caption=items[n];}};struct Button:TextBox{const char* type(){return "button";}};
struct ImageBox:Widget{std::string texture;IntCoord uv;const char* type(){return "image";}void setImageTexture(const char* s){texture=s;}void setImageCoord(IntCoord c){uv=c;}};
struct Window:TextBox{Widget* getClientWidget(){return this;}};
struct ScrollView:Widget{IntPoint offset;IntPoint getViewOffset(){return offset;}void setViewOffset(IntPoint p){offset=p;}IntSize canvas;const char* type(){return "scroll";}void setCanvasAlign(int){}void setVisibleHScroll(bool){}void setCanvasSize(int w,int h){canvas=IntSize(w,h);}};
struct Gui:Widget{static Gui* getInstancePtr(){return &getInstance();}static Gui& getInstance(){static Gui g;return g;}void destroyWidget(Widget* w){if(w->parent){std::vector<Widget*>& v=w->parent->children;v.erase(std::find(v.begin(),v.end(),w));}delete w;}};
struct RenderManager{IntSize size;static RenderManager& getInstance(){static RenderManager r;return r;}IntSize getViewSize(){return size;}};
struct InputManager{Widget* modal;InputManager():modal(0){}static InputManager& getInstance(){static InputManager i;return i;}bool isModalAny(){return modal!=0;}void removeWidgetModal(Widget*){modal=0;}void addWidgetModal(Widget* w){modal=w;}};
struct ResourceManager{bool loaded;ResourceManager():loaded(false){}static ResourceManager& getInstance(){static ResourceManager r;return r;}bool isExist(const char*){return loaded;}void load(const char* file){assert(std::string(file)=="MercenariePopup.xml");loaded=true;}};
}
namespace Loc{struct Engine{std::string language;};Engine& engine(){static Engine e;return e;}std::map<std::string,std::string> strings;const char* text(const char* k){return strings[k].c_str();}}
void setCatalogue(int n){Loc::engine().language=fixtureLanguages[n];for(int i=0;i<4;++i)Loc::strings[fixtureKeys[i]]=fixtureText[n][i];}
namespace MercenarieFonts{template<class T>void caption(T* p,const std::string& s){p->caption=s;}}
MyGUI::Colour registerAmber(1,.67f,.23f),registerIvory(.90f,.87f,.78f);
MyGUI::TextBox* registerText(MyGUI::Widget* p,int x,int y,int w,int h,int font,const std::string& s,const MyGUI::Colour& c){MyGUI::TextBox* t=p->createWidget<MyGUI::TextBox>("text",x,y,w,h,0);t->font=font;t->caption=s;t->colour=c;t->mouse=false;return t;}
MyGUI::Widget* registerSolid(MyGUI::Widget* p,int x,int y,int w,int h,const MyGUI::Colour& c){MyGUI::Widget* t=p->createWidget<MyGUI::Widget>("WhiteSkin",x,y,w,h,0);t->colour=c;t->mouse=false;return t;}
void applyMercenarieFrame(MyGUI::Widget*,bool){}
void bookWrap(MyGUI::TextBox* p,const std::string& s){p->caption=s;}
bool v9WidgetLive(MyGUI::Widget* p){return p!=0;}
void mercenarieDestroyLiveWidget(MyGUI::Widget* p){if(p)MyGUI::Gui::getInstance().destroyWidget(p);}
std::string registerNumber(int i){std::ostringstream s;s<<i;return s.str();}
void rerollBookRow(MyGUI::Widget*){}void rerollClassicRow(MyGUI::Widget*){}void bookRerollTooltip(MyGUI::Widget*,const MyGUI::ToolTipInfo&){}
struct Charges{int remaining;}guildRerolls;
#include "ContractRerollView.h"
MyGUI::Window* v9Confirmation=0;MyGUI::Widget* bookRerollTip=0;
void(*v9ConfirmationCallback)(int)=0;
int confirms=0,cancels=0;
void confirmReroll(int answer){if(answer){++confirms;--guildRerolls.remaining;}else ++cancels;}
#include "reroll-popup-dispatch.generated.h"
#include "tests/NativeInputLayoutStub.h"
#include "RerollPopupView.h"
#include "reroll-popup-create.generated.h"
std::string hex(const std::string& s){const char* h="0123456789abcdef";std::string r;for(size_t i=0;i<s.size();++i){unsigned char c=s[i];r+=h[c>>4];r+=h[c&15];}return r;}
void dump(MyGUI::Widget* w,std::ofstream& f,int x=0,int y=0,float opacity=1){
 x+=w->x;y+=w->y;opacity*=w->alpha;MyGUI::TextBox* t=dynamic_cast<MyGUI::TextBox*>(w);MyGUI::ImageBox* icon=dynamic_cast<MyGUI::ImageBox*>(w);
 f<<w->type()<<"\t"<<x<<"\t"<<y<<"\t"<<w->w<<"\t"<<w->h<<"\t"<<w->colour.r<<"\t"<<w->colour.g<<"\t"<<w->colour.b<<"\t"<<opacity<<"\t"<<(t?t->font:0)<<"\t"<<(t?t->align:0)<<"\t"<<(icon?icon->uv.left:0)<<"\t"<<(t?hex(t->caption):"")<<"\n";
 for(size_t i=0;i<w->children.size();++i)dump(w->children[i],f,x,y,opacity);
}
void verify(MyGUI::Widget* w,bool inScroll=false){
 for(size_t i=0;i<w->children.size();++i){MyGUI::Widget* c=w->children[i];assert(c->w>0&&c->h>0);assert(c->x>=0&&c->y>=0);
  if(!inScroll){assert(c->x+c->w<=w->w);assert(c->y+c->h<=w->h);}
  MyGUI::TextBox* t=dynamic_cast<MyGUI::TextBox*>(c);if(t){assert(t->getTextSize().width<=c->w);assert(t->getTextSize().height<=c->h);}
  MyGUI::ImageBox* icon=dynamic_cast<MyGUI::ImageBox*>(c);if(icon)assert(icon->w==icon->h&&icon->texture=="MercenariePopupIcons.png");
  verify(c,inScroll||dynamic_cast<MyGUI::ScrollView*>(c)!=0);
 }
}

void setPayrollCatalogue(int n){switch(n){
case 0:
Loc::strings["\x75\x69\x2e\x63\x61\x74\x73"]="\x20\x43\x61\x74\x73";
Loc::strings["\x66\x69\x6e\x61\x6e\x63\x65\x2e\x74\x69\x74\x6c\x65"]="\x46\x49\x4e\x41\x4e\x43\x45\x53";
Loc::strings["\x66\x69\x6e\x61\x6e\x63\x65\x2e\x73\x75\x62\x74\x69\x74\x6c\x65"]="\x53\x75\x69\x76\x65\x7a\x20\x6c\x65\x73\x20\x6d\x6f\x75\x76\x65\x6d\x65\x6e\x74\x73\x20\x64\x65\x20\x76\x6f\x73\x20\x43\x61\x74\x73\x20\x65\x74\x20\x70\x6c\x61\x6e\x69\x66\x69\x65\x7a\x20\x6c\x27\x61\x76\x65\x6e\x69\x72\x20\x64\x65\x20\x76\x6f\x74\x72\x65\x20\x47\x75\x69\x6c\x64\x65\x2e";
Loc::strings["\x66\x69\x6e\x61\x6e\x63\x65\x2e\x70\x65\x72\x69\x6f\x64\x37"]="\x50\xc3\xa9\x72\x69\x6f\x64\x65\x20\x3a\x20\x37\x20\x6a\x6f\x75\x72\x73";
Loc::strings["\x66\x69\x6e\x61\x6e\x63\x65\x2e\x70\x65\x72\x69\x6f\x64\x33\x30"]="\x50\xc3\xa9\x72\x69\x6f\x64\x65\x20\x3a\x20\x33\x30\x20\x6a\x6f\x75\x72\x73";
Loc::strings["\x66\x69\x6e\x61\x6e\x63\x65\x2e\x70\x65\x72\x69\x6f\x64\x39\x30"]="\x50\xc3\xa9\x72\x69\x6f\x64\x65\x20\x3a\x20\x39\x30\x20\x6a\x6f\x75\x72\x73";
Loc::strings["\x66\x69\x6e\x61\x6e\x63\x65\x2e\x66\x75\x6e\x64\x73"]="\x46\x4f\x4e\x44\x53\x20\x41\x43\x54\x55\x45\x4c\x53";
Loc::strings["\x66\x69\x6e\x61\x6e\x63\x65\x2e\x69\x6e\x63\x6f\x6d\x65"]="\x52\x45\x56\x45\x4e\x55\x53";
Loc::strings["\x66\x69\x6e\x61\x6e\x63\x65\x2e\x65\x78\x70\x65\x6e\x73\x65\x73"]="\x44\xc3\x89\x50\x45\x4e\x53\x45\x53";
Loc::strings["\x66\x69\x6e\x61\x6e\x63\x65\x2e\x6e\x65\x74"]="\x53\x4f\x4c\x44\x45\x20\x4e\x45\x54";
Loc::strings["\x66\x69\x6e\x61\x6e\x63\x65\x2e\x66\x6f\x72\x65\x63\x61\x73\x74"]="\x50\x52\xc3\x89\x56\x49\x53\x49\x4f\x4e\x20\x37\x20\x4a\x4f\x55\x52\x53";
Loc::strings["\x66\x69\x6e\x61\x6e\x63\x65\x2e\x63\x68\x61\x72\x74"]="\xc3\x89\x56\x4f\x4c\x55\x54\x49\x4f\x4e\x20\x44\x55\x20\x53\x4f\x4c\x44\x45";
Loc::strings["\x66\x69\x6e\x61\x6e\x63\x65\x2e\x6c\x65\x67\x65\x6e\x64"]="\x52\x65\x76\x65\x6e\x75\x73\x20\x2f\x20\x44\xc3\xa9\x70\x65\x6e\x73\x65\x73\x20\x2f\x20\x53\x6f\x6c\x64\x65\x20\x6e\x65\x74\x20\x63\x75\x6d\x75\x6c\xc3\xa9";
Loc::strings["\x66\x69\x6e\x61\x6e\x63\x65\x2e\x63\x68\x61\x72\x74\x5f\x61\x78\x69\x73"]="\x44\xc3\xa9\x62\x75\x74\x20\x64\x65\x20\x70\xc3\xa9\x72\x69\x6f\x64\x65\x20\x20\x20\x20\x20\x20\x20\x20\x20\x20\x20\x20\x20\x20\x20\x20\x20\x20\x20\x20\x20\x20\x20\x20\x20\x41\x75\x6a\x6f\x75\x72\x64\x27\x68\x75\x69";
Loc::strings["\x66\x69\x6e\x61\x6e\x63\x65\x2e\x65\x6d\x70\x74\x79"]="\x41\x75\x63\x75\x6e\x65\x20\x64\x6f\x6e\x6e\xc3\xa9\x65\x20\x66\x69\x6e\x61\x6e\x63\x69\xc3\xa8\x72\x65\x20\x64\x69\x73\x70\x6f\x6e\x69\x62\x6c\x65";
Loc::strings["\x66\x69\x6e\x61\x6e\x63\x65\x2e\x62\x72\x65\x61\x6b\x64\x6f\x77\x6e"]="\x52\xc3\x89\x50\x41\x52\x54\x49\x54\x49\x4f\x4e\x20\x44\x45\x53\x20\x44\xc3\x89\x50\x45\x4e\x53\x45\x53";
Loc::strings["\x66\x69\x6e\x61\x6e\x63\x65\x2e\x74\x6f\x74\x61\x6c"]="\x54\x6f\x74\x61\x6c";
Loc::strings["\x66\x69\x6e\x61\x6e\x63\x65\x2e\x72\x65\x63\x75\x72\x72\x69\x6e\x67"]="\x52\x45\x56\x45\x4e\x55\x53\x20\x52\xc3\x89\x43\x55\x52\x52\x45\x4e\x54\x53\x20\x2f\x20\x37\x20\x4a";
Loc::strings["\x66\x69\x6e\x61\x6e\x63\x65\x2e\x66\x75\x74\x75\x72\x65"]="\x53\x59\x53\x54\xc3\x88\x4d\x45\x20\xc3\x80\x20\x56\x45\x4e\x49\x52";
Loc::strings["\x66\x69\x6e\x61\x6e\x63\x65\x2e\x75\x6e\x61\x76\x61\x69\x6c\x61\x62\x6c\x65"]="\x49\x6e\x64\x69\x73\x70\x6f\x6e\x69\x62\x6c\x65";
Loc::strings["\x66\x69\x6e\x61\x6e\x63\x65\x2e\x72\x65\x63\x75\x72\x72\x69\x6e\x67\x5f\x6e\x6f\x74\x65"]="\x4d\x69\x73\x73\x69\x6f\x6e\x73\x20\x72\xc3\xa9\x67\x75\x6c\x69\xc3\xa8\x72\x65\x73\x20\x3a\x20\xe2\x80\x94\x0a\x52\x65\x76\x65\x6e\x75\x73\x20\x64\x65\x73\x20\x62\x75\x72\x65\x61\x75\x78\x20\x3a\x20\xe2\x80\x94\x0a\x41\x75\x74\x72\x65\x73\x20\x72\x65\x76\x65\x6e\x75\x73\x20\x72\xc3\xa9\x67\x75\x6c\x69\x65\x72\x73\x20\x3a\x20\xe2\x80\x94\x0a\x0a\x54\x6f\x74\x61\x6c\x20\x70\x72\xc3\xa9\x76\x75\x20\x3a\x20\xe2\x80\x94\x0a\x50\x72\x6f\x63\x68\x61\x69\x6e\x20\x76\x65\x72\x73\x65\x6d\x65\x6e\x74\x20\x3a\x20\xe2\x80\x94";
Loc::strings["\x66\x69\x6e\x61\x6e\x63\x65\x2e\x72\x65\x63\x65\x6e\x74"]="\x44\x45\x52\x4e\x49\xc3\x88\x52\x45\x53\x20\x54\x52\x41\x4e\x53\x41\x43\x54\x49\x4f\x4e\x53";
Loc::strings["\x66\x69\x6e\x61\x6e\x63\x65\x2e\x64\x61\x74\x65"]="\x44\x61\x74\x65";
Loc::strings["\x66\x69\x6e\x61\x6e\x63\x65\x2e\x64\x65\x73\x63\x72\x69\x70\x74\x69\x6f\x6e"]="\x44\x65\x73\x63\x72\x69\x70\x74\x69\x6f\x6e";
Loc::strings["\x66\x69\x6e\x61\x6e\x63\x65\x2e\x63\x61\x74\x65\x67\x6f\x72\x79"]="\x43\x61\x74\xc3\xa9\x67\x6f\x72\x69\x65";
Loc::strings["\x66\x69\x6e\x61\x6e\x63\x65\x2e\x61\x6d\x6f\x75\x6e\x74"]="\x4d\x6f\x6e\x74\x61\x6e\x74";
Loc::strings["\x66\x69\x6e\x61\x6e\x63\x65\x2e\x62\x61\x6c\x61\x6e\x63\x65"]="\x53\x6f\x6c\x64\x65\x20\x61\x70\x72\xc3\xa8\x73";
Loc::strings["\x66\x69\x6e\x61\x6e\x63\x65\x2e\x61\x6c\x6c"]="\x56\x4f\x49\x52\x20\x54\x4f\x55\x54\x45\x53\x20\x4c\x45\x53\x20\x54\x52\x41\x4e\x53\x41\x43\x54\x49\x4f\x4e\x53\x20\x3e";
Loc::strings["\x66\x69\x6e\x61\x6e\x63\x65\x2e\x73\x75\x6d\x6d\x61\x72\x79"]="\x52\xc3\x89\x53\x55\x4d\xc3\x89\x20\x44\x45\x20\x4c\x41\x20\x50\xc3\x89\x52\x49\x4f\x44\x45";
Loc::strings["\x66\x69\x6e\x61\x6e\x63\x65\x2e\x73\x61\x6c\x61\x72\x79"]="\x53\x41\x4c\x41\x49\x52\x45\x53\x20\x44\x45\x53\x20\x4d\x45\x52\x43\x45\x4e\x41\x49\x52\x45\x53";
Loc::strings["\x66\x69\x6e\x61\x6e\x63\x65\x2e\x72\x65\x63\x72\x75\x69\x74\x73"]="\x4d\x65\x72\x63\x65\x6e\x61\x69\x72\x65\x73\x20\x73\x61\x6c\x61\x72\x69\xc3\xa9\x73";
Loc::strings["\x66\x69\x6e\x61\x6e\x63\x65\x2e\x64\x61\x69\x6c\x79\x5f\x77\x61\x67\x65"]="\x53\x61\x6c\x61\x69\x72\x65\x20\x6d\x6f\x79\x65\x6e\x20\x2f\x20\x6a\x6f\x75\x72";
Loc::strings["\x66\x69\x6e\x61\x6e\x63\x65\x2e\x77\x65\x65\x6b\x6c\x79\x5f\x77\x61\x67\x65"]="\x4d\x61\x73\x73\x65\x20\x73\x61\x6c\x61\x72\x69\x61\x6c\x65\x20\x2f\x20\x37\x20\x6a\x6f\x75\x72\x73";
Loc::strings["\x66\x69\x6e\x61\x6e\x63\x65\x2e\x6e\x65\x78\x74\x5f\x70\x61\x79"]="\x50\x72\x6f\x63\x68\x61\x69\x6e\x65\x20\x70\x61\x69\x65";
Loc::strings["\x66\x69\x6e\x61\x6e\x63\x65\x2e\x73\x61\x6c\x61\x72\x79\x5f\x6e\x6f\x74\x65"]="\x4c\x27\x69\x6e\x74\x65\x72\x66\x61\x63\x65\x20\x65\x73\x74\x20\x70\x72\xc3\xaa\x74\x65\x20\x70\x6f\x75\x72\x20\x6c\x65\x20\x66\x75\x74\x75\x72\x20\x73\x79\x73\x74\xc3\xa8\x6d\x65\x20\x64\x65\x20\x73\x61\x6c\x61\x69\x72\x65\x73\x2e";
Loc::strings["\x66\x69\x6e\x61\x6e\x63\x65\x2e\x67\x6f\x61\x6c\x73"]="\x4f\x42\x4a\x45\x43\x54\x49\x46\x53\x20\x46\x49\x4e\x41\x4e\x43\x49\x45\x52\x53";
Loc::strings["\x66\x69\x6e\x61\x6e\x63\x65\x2e\x67\x6f\x61\x6c\x73\x5f\x6e\x6f\x74\x65"]="\x52\xc3\xa9\x73\x65\x72\x76\x65\x2c\x20\x66\x6f\x6e\x64\x73\x20\x63\x69\x62\x6c\x65\x73\x2c\x20\x6d\x61\xc3\xae\x74\x72\x69\x73\x65\x20\x64\x65\x73\x20\x64\xc3\xa9\x70\x65\x6e\x73\x65\x73\x20\x3a\x20\x63\x65\x73\x20\x6f\x62\x6a\x65\x63\x74\x69\x66\x73\x20\x73\x65\x72\x6f\x6e\x74\x20\x64\x69\x73\x70\x6f\x6e\x69\x62\x6c\x65\x73\x20\x61\x76\x65\x63\x20\x6c\x65\x75\x72\x20\x73\x79\x73\x74\xc3\xa8\x6d\x65\x20\x64\x65\x20\x73\x75\x69\x76\x69\x2e";
Loc::strings["\x66\x69\x6e\x61\x6e\x63\x65\x2e\x62\x75\x64\x67\x65\x74"]="\x42\x55\x44\x47\x45\x54\x20\x26\x20\x50\x52\xc3\x89\x56\x49\x53\x49\x4f\x4e\x53\x20\x2f\x20\x37\x20\x4a";
Loc::strings["\x66\x69\x6e\x61\x6e\x63\x65\x2e\x62\x75\x64\x67\x65\x74\x5f\x6e\x6f\x74\x65"]="\x41\x75\x63\x75\x6e\x20\x66\x6c\x75\x78\x20\x72\xc3\xa9\x63\x75\x72\x72\x65\x6e\x74\x20\x67\x61\x72\x61\x6e\x74\x69\x20\x6e\x27\x65\x73\x74\x20\x61\x63\x74\x75\x65\x6c\x6c\x65\x6d\x65\x6e\x74\x20\x62\x72\x61\x6e\x63\x68\xc3\xa9\x2e\x20\x4c\x65\x73\x20\x64\x65\x74\x74\x65\x73\x20\x66\x69\x73\x63\x61\x6c\x65\x73\x20\x6e\x65\x20\x73\x6f\x6e\x74\x20\x70\x61\x73\x20\x64\x65\x73\x20\x64\xc3\xa9\x62\x69\x74\x73\x20\x70\x72\x6f\x67\x72\x61\x6d\x6d\xc3\xa9\x73\x2e";
Loc::strings["\x66\x69\x6e\x61\x6e\x63\x65\x2e\x74\x61\x78\x5f\x64\x65\x74\x61\x69\x6c\x73"]="\x46\x49\x53\x43\x41\x4c\x49\x54\xc3\x89\x20\x45\x54\x20\x44\x45\x54\x54\x45\x53\x20\x3e";
Loc::strings["\x66\x69\x6e\x61\x6e\x63\x65\x2e\x69\x6e\x66\x6f\x72\x6d\x61\x74\x69\x6f\x6e"]="\x49\x4e\x46\x4f\x52\x4d\x41\x54\x49\x4f\x4e\x53";
Loc::strings["\x66\x69\x6e\x61\x6e\x63\x65\x2e\x69\x6e\x66\x6f"]="\x50\x61\x69\x65\x6d\x65\x6e\x74\x73\x20\x64\x75\x20\x6d\x6f\x64\x20\x65\x74\x20\x76\x61\x72\x69\x61\x74\x69\x6f\x6e\x73\x20\x6e\x65\x74\x74\x65\x73\x20\x6f\x62\x73\x65\x72\x76\xc3\xa9\x65\x73\x2e\x20\x43\x6f\x6d\x6d\x65\x72\x63\x65\x20\x6e\x6f\x6e\x20\x69\x64\x65\x6e\x74\x69\x66\x69\xc3\xa9\x2e\x20\x48\x69\x73\x74\x6f\x72\x69\x71\x75\x65\x20\x6c\x69\x6d\x69\x74\xc3\xa9\x20\x3b\x20\x70\xc3\xa9\x72\x69\x6f\x64\x65\x20\x65\x6e\x20\x6a\x6f\x75\x72\x73\x20\x64\x65\x20\x6a\x65\x75\x2c\x20\x6a\x6f\x75\x72\x20\x61\x63\x74\x75\x65\x6c\x20\x69\x6e\x63\x6c\x75\x73\x2e\x20\x41\x75\x63\x75\x6e\x20\x63\x68\x69\x66\x66\x72\x65\x20\x72\x65\x63\x6f\x6e\x73\x74\x69\x74\x75\xc3\xa9\x20\x61\x76\x61\x6e\x74\x20\x6c\x65\x20\x64\xc3\xa9\x62\x75\x74\x20\x64\x75\x20\x73\x75\x69\x76\x69\x2e";
Loc::strings["\x66\x69\x6e\x61\x6e\x63\x65\x2e\x68\x69\x73\x74\x6f\x72\x79"]="\x4a\x4f\x55\x52\x4e\x41\x4c\x20\x44\x45\x53\x20\x43\x41\x54\x53";
Loc::strings["\x66\x69\x6e\x61\x6e\x63\x65\x2e\x62\x61\x63\x6b"]="\x3c\x20\x52\x45\x54\x4f\x55\x52";
Loc::strings["\x66\x69\x6e\x61\x6e\x63\x65\x2e\x66\x69\x6c\x74\x65\x72\x5f\x61\x6c\x6c"]="\x54\x6f\x75\x74\x65\x73\x20\x6c\x65\x73\x20\x74\x72\x61\x6e\x73\x61\x63\x74\x69\x6f\x6e\x73";
Loc::strings["\x66\x69\x6e\x61\x6e\x63\x65\x2e\x70\x72\x65\x76\x69\x6f\x75\x73"]="\x3c\x20\x50\x72\xc3\xa9\x63\xc3\xa9\x64\x65\x6e\x74";
Loc::strings["\x66\x69\x6e\x61\x6e\x63\x65\x2e\x6e\x65\x78\x74"]="\x53\x75\x69\x76\x61\x6e\x74\x20\x3e";
Loc::strings["\x66\x69\x6e\x61\x6e\x63\x65\x2e\x74\x72\x61\x6e\x73\x61\x63\x74\x69\x6f\x6e\x73"]="\x74\x72\x61\x6e\x73\x61\x63\x74\x69\x6f\x6e\x73";
Loc::strings["\x66\x69\x6e\x61\x6e\x63\x65\x2e\x64\x61\x79"]="\x4a\x6f\x75\x72";
Loc::strings["\x66\x69\x6e\x61\x6e\x63\x65\x2e\x63\x6f\x76\x65\x72\x61\x67\x65"]="\x53\x75\x69\x76\x69\x20\x63\x6f\x6d\x6d\x65\x6e\x63\xc3\xa9\x20\x61\x75";
Loc::strings["\x66\x69\x6e\x61\x6e\x63\x65\x2e\x72\x65\x74\x65\x6e\x74\x69\x6f\x6e"]="\x34\x20\x30\x39\x36\x20\x64\x65\x72\x6e\x69\xc3\xa8\x72\x65\x73\x20\x6f\x70\xc3\xa9\x72\x61\x74\x69\x6f\x6e\x73\x20\x3b\x20\x61\x67\x72\xc3\xa9\x67\x61\x74\x73\x20\x33\x36\x36\x20\x6a\x6f\x75\x72\x73";
Loc::strings["\x66\x69\x6e\x61\x6e\x63\x65\x2e\x69\x6e\x76\x61\x6c\x69\x64"]="\x4a\x6f\x75\x72\x6e\x61\x6c\x20\x69\x6e\x64\x69\x73\x70\x6f\x6e\x69\x62\x6c\x65\x20\x3a\x20\x66\x6f\x72\x6d\x61\x74\x20\x69\x6e\x76\x61\x6c\x69\x64\x65";
Loc::strings["\x66\x69\x6e\x61\x6e\x63\x65\x2e\x64\x65\x62\x74"]="\x44\x65\x74\x74\x65\x20\x61\x63\x74\x75\x65\x6c\x6c\x65";
Loc::strings["\x66\x69\x6e\x61\x6e\x63\x65\x2e\x70\x61\x69\x64"]="\x54\x61\x78\x65\x73\x20\x70\x61\x79\xc3\xa9\x65\x73\x20\x64\x65\x70\x75\x69\x73\x20\x6c\x65\x20\x64\xc3\xa9\x62\x75\x74";
Loc::strings["\x66\x69\x6e\x61\x6e\x63\x65\x2e\x74\x61\x78\x5f\x6e\x6f\x74\x65"]="\x4c\x65\x73\x20\x64\x65\x74\x74\x65\x73\x20\x6e\x65\x20\x73\x6f\x6e\x74\x20\x63\x6f\x6d\x70\x74\xc3\xa9\x65\x73\x20\x63\x6f\x6d\x6d\x65\x20\x64\xc3\xa9\x70\x65\x6e\x73\x65\x73\x20\x71\x75\x27\x61\x75\x20\x70\x61\x69\x65\x6d\x65\x6e\x74\x2e\x20\x4c\x65\x73\x20\x70\x72\x6f\x63\xc3\xa9\x64\x75\x72\x65\x73\x20\x65\x74\x20\x72\xc3\xa8\x67\x6c\x65\x6d\x65\x6e\x74\x73\x20\x61\x75\x70\x72\xc3\xa8\x73\x20\x64\x65\x73\x20\x63\x6f\x6c\x6c\x65\x63\x74\x65\x75\x72\x73\x20\x72\x65\x73\x74\x65\x6e\x74\x20\x69\x6e\x63\x68\x61\x6e\x67\xc3\xa9\x73\x2e";
Loc::strings["\x66\x69\x6e\x61\x6e\x63\x65\x2e\x63\x6f\x6e\x74\x72\x61\x63\x74\x73"]="\x43\x6f\x6e\x74\x72\x61\x74\x73";
Loc::strings["\x66\x69\x6e\x61\x6e\x63\x65\x2e\x70\x75\x72\x63\x68\x61\x73\x65\x73"]="\x41\x63\x68\x61\x74\x73\x20\x64\x69\x76\x65\x72\x73";
Loc::strings["\x66\x69\x6e\x61\x6e\x63\x65\x2e\x73\x61\x6c\x65\x73"]="\x56\x65\x6e\x74\x65\x73";
Loc::strings["\x66\x69\x6e\x61\x6e\x63\x65\x2e\x77\x61\x67\x65\x73"]="\x53\x61\x6c\x61\x69\x72\x65\x73";
Loc::strings["\x66\x69\x6e\x61\x6e\x63\x65\x2e\x6f\x66\x66\x69\x63\x65\x73"]="\x42\x75\x72\x65\x61\x75\x78";
Loc::strings["\x66\x69\x6e\x61\x6e\x63\x65\x2e\x6d\x61\x69\x6e\x74\x65\x6e\x61\x6e\x63\x65"]="\x45\x6e\x74\x72\x65\x74\x69\x65\x6e";
Loc::strings["\x66\x69\x6e\x61\x6e\x63\x65\x2e\x65\x71\x75\x69\x70\x6d\x65\x6e\x74"]="\xc3\x89\x71\x75\x69\x70\x65\x6d\x65\x6e\x74";
Loc::strings["\x66\x69\x6e\x61\x6e\x63\x65\x2e\x74\x72\x61\x76\x65\x6c"]="\x44\xc3\xa9\x70\x6c\x61\x63\x65\x6d\x65\x6e\x74";
Loc::strings["\x66\x69\x6e\x61\x6e\x63\x65\x2e\x74\x61\x78\x65\x73"]="\x54\x61\x78\x65\x73";
Loc::strings["\x66\x69\x6e\x61\x6e\x63\x65\x2e\x69\x6e\x76\x65\x73\x74\x6d\x65\x6e\x74\x73"]="\x49\x6e\x76\x65\x73\x74\x69\x73\x73\x65\x6d\x65\x6e\x74\x73";
Loc::strings["\x66\x69\x6e\x61\x6e\x63\x65\x2e\x6f\x74\x68\x65\x72"]="\x41\x75\x74\x72\x65\x73";
Loc::strings["\x66\x69\x6e\x61\x6e\x63\x65\x2e\x75\x6e\x69\x64\x65\x6e\x74\x69\x66\x69\x65\x64"]="\x56\x61\x72\x69\x61\x74\x69\x6f\x6e\x20\x6e\x65\x74\x74\x65\x20\x6e\x6f\x6e\x20\x69\x64\x65\x6e\x74\x69\x66\x69\xc3\xa9\x65";
Loc::strings["\x66\x69\x6e\x61\x6e\x63\x65\x2e\x74\x61\x78\x5f\x70\x61\x79\x6d\x65\x6e\x74"]="\x50\x61\x69\x65\x6d\x65\x6e\x74\x20\x64\x65\x20\x74\x61\x78\x65\x73";
Loc::strings["\x66\x69\x6e\x61\x6e\x63\x65\x2e\x61\x64\x76\x61\x6e\x63\x65\x5f\x72\x65\x74\x75\x72\x6e"]="\x52\x65\x6d\x62\x6f\x75\x72\x73\x65\x6d\x65\x6e\x74\x20\x64\x27\x61\x76\x61\x6e\x63\x65";
Loc::strings["\x66\x69\x6e\x61\x6e\x63\x65\x2e\x61\x64\x76\x61\x6e\x63\x65"]="\x41\x76\x61\x6e\x63\x65\x20\x64\x65\x20\x63\x6f\x6e\x74\x72\x61\x74";
Loc::strings["\x66\x69\x6e\x61\x6e\x63\x65\x2e\x64\x65\x6c\x65\x67\x61\x74\x65\x64"]="\x4d\x69\x73\x73\x69\x6f\x6e\x20\x64\xc3\xa9\x6c\xc3\xa9\x67\x75\xc3\xa9\x65";
Loc::strings["\x66\x69\x6e\x61\x6e\x63\x65\x2e\x6d\x61\x69\x6c"]="\x43\x6f\x6e\x74\x72\x61\x74\x20\x64\x65\x20\x63\x6f\x75\x72\x72\x69\x65\x72";
Loc::strings["\x66\x69\x6e\x61\x6e\x63\x65\x2e\x63\x6f\x6e\x74\x72\x61\x63\x74"]="\x52\xc3\xa8\x67\x6c\x65\x6d\x65\x6e\x74\x20\x64\x65\x20\x63\x6f\x6e\x74\x72\x61\x74";
Loc::strings["\x66\x69\x6e\x61\x6e\x63\x65\x2e\x62\x6f\x75\x6e\x74\x79"]="\x43\x6f\x6e\x74\x72\x61\x74\x20\x64\x65\x20\x70\x72\x69\x6d\x65";
Loc::strings["\x66\x69\x6e\x61\x6e\x63\x65\x2e\x62\x6f\x75\x6e\x74\x79\x5f\x61\x64\x6a\x75\x73\x74\x6d\x65\x6e\x74"]="\x41\x6a\x75\x73\x74\x65\x6d\x65\x6e\x74\x20\x64\x65\x20\x70\x72\x69\x6d\x65";
Loc::strings["\x66\x69\x6e\x61\x6e\x63\x65\x2e\x69\x6e\x76\x65\x73\x74\x6d\x65\x6e\x74"]="\x49\x6e\x76\x65\x73\x74\x69\x73\x73\x65\x6d\x65\x6e\x74\x20\x64\x65\x20\x47\x75\x69\x6c\x64\x65";
Loc::strings["\x66\x69\x6e\x61\x6e\x63\x65\x2e\x67\x72\x6f\x75\x70\x65\x64"]="\x56\x61\x72\x69\x61\x74\x69\x6f\x6e\x73\x20\x6e\x6f\x6e\x20\x69\x64\x65\x6e\x74\x69\x66\x69\xc3\xa9\x65\x73";
Loc::strings["\x66\x69\x6e\x61\x6e\x63\x65\x2e\x6d\x6f\x76\x65\x6d\x65\x6e\x74\x73"]="\x6d\x6f\x75\x76\x65\x6d\x65\x6e\x74\x73";
Loc::strings["\x66\x69\x6e\x61\x6e\x63\x65\x2e\x61\x72\x63\x68\x69\x76\x65\x64"]="\x41\x72\x63\x68\x69\x76\x65\x20\x6a\x6f\x75\x72\x6e\x61\x6c\x69\xc3\xa8\x72\x65\x20\x28\x64\xc3\xa9\x74\x61\x69\x6c\x20\x6e\x6f\x6e\x20\x63\x6f\x6e\x73\x65\x72\x76\xc3\xa9\x29";
Loc::strings["\x66\x69\x6e\x61\x6e\x63\x65\x2e\x6f\x75\x74\x73\x74\x61\x6e\x64\x69\x6e\x67"]="\x44\x45\x54\x54\x45\x53\x20\x45\x4e\x20\x43\x4f\x55\x52\x53";
Loc::strings["\x66\x69\x6e\x61\x6e\x63\x65\x2e\x6e\x6f\x5f\x64\x65\x62\x74"]="\x41\x75\x63\x75\x6e\x65\x20\x64\x65\x74\x74\x65";
Loc::strings["\x66\x69\x6e\x61\x6e\x63\x65\x2e\x70\x65\x72\x69\x6f\x64\x5f\x65\x6d\x70\x74\x79"]="\x41\x75\x63\x75\x6e\x65\x20\x74\x72\x61\x6e\x73\x61\x63\x74\x69\x6f\x6e\x20\x73\x75\x72\x20\x63\x65\x74\x74\x65\x20\x70\xc3\xa9\x72\x69\x6f\x64\x65";
Loc::strings["\x66\x69\x6e\x61\x6e\x63\x65\x2e\x70\x65\x72\x69\x6f\x64\x5f\x61\x6c\x6c"]="\x50\xc3\xa9\x72\x69\x6f\x64\x65\x20\x3a\x20\x74\x6f\x75\x74";
Loc::strings["\x66\x69\x6e\x61\x6e\x63\x65\x2e\x73\x74\x61\x74\x75\x73"]="\x53\x74\x61\x74\x75\x74";
Loc::strings["\x66\x69\x6e\x61\x6e\x63\x65\x2e\x64\x75\x65"]="\xc3\x89\x63\x68\xc3\xa9\x61\x6e\x63\x65\x20\x65\x6e\x72\x65\x67\x69\x73\x74\x72\xc3\xa9\x65";
Loc::strings["\x66\x69\x6e\x61\x6e\x63\x65\x2e\x61\x72\x63\x68\x69\x76\x65\x5f\x6e\x6f\x74\x65"]="\x41\x72\x63\x68\x69\x76\x65\x73\x20\x6a\x6f\x75\x72\x6e\x61\x6c\x69\xc3\xa8\x72\x65\x73\x20\x69\x6e\x63\x6c\x75\x73\x65\x73\x20\x3b\x20\x73\x6f\x6c\x64\x65\x20\x68\x69\x73\x74\x6f\x72\x69\x71\x75\x65\x20\x69\x6e\x64\x69\x73\x70\x6f\x6e\x69\x62\x6c\x65";
Loc::strings["\x66\x69\x6e\x61\x6e\x63\x65\x2e\x63\x6f\x6e\x74\x72\x61\x63\x74\x2e\x65\x73\x63\x6f\x72\x74"]="\x52\xc3\xa8\x67\x6c\x65\x6d\x65\x6e\x74\x20\x3a\x20\x45\x73\x63\x6f\x72\x74\x65";
Loc::strings["\x66\x69\x6e\x61\x6e\x63\x65\x2e\x63\x6f\x6e\x74\x72\x61\x63\x74\x2e\x63\x61\x72\x61\x76\x61\x6e"]="\x52\xc3\xa8\x67\x6c\x65\x6d\x65\x6e\x74\x20\x3a\x20\x45\x73\x63\x6f\x72\x74\x65\x20\x64\x65\x20\x63\x61\x72\x61\x76\x61\x6e\x65";
Loc::strings["\x66\x69\x6e\x61\x6e\x63\x65\x2e\x63\x6f\x6e\x74\x72\x61\x63\x74\x2e\x73\x63\x69\x65\x6e\x63\x65"]="\x52\xc3\xa8\x67\x6c\x65\x6d\x65\x6e\x74\x20\x3a\x20\x45\x78\x70\xc3\xa9\x64\x69\x74\x69\x6f\x6e\x20\x73\x63\x69\x65\x6e\x74\x69\x66\x69\x71\x75\x65";
Loc::strings["\x70\x61\x79\x72\x6f\x6c\x6c\x2e\x72\x61\x6e\x6b\x2e\x72\x65\x63\x72\x75\x69\x74"]="\x52\x65\x63\x72\x75\x65";
Loc::strings["\x70\x61\x79\x72\x6f\x6c\x6c\x2e\x72\x61\x6e\x6b\x2e\x6d\x65\x72\x63\x65\x6e\x61\x72\x79"]="\x4d\x65\x72\x63\x65\x6e\x61\x69\x72\x65";
Loc::strings["\x70\x61\x79\x72\x6f\x6c\x6c\x2e\x72\x61\x6e\x6b\x2e\x76\x65\x74\x65\x72\x61\x6e"]="\x56\xc3\xa9\x74\xc3\xa9\x72\x61\x6e";
Loc::strings["\x70\x61\x79\x72\x6f\x6c\x6c\x2e\x72\x61\x6e\x6b\x2e\x65\x6c\x69\x74\x65"]="\xc3\x89\x6c\x69\x74\x65";
Loc::strings["\x70\x61\x79\x72\x6f\x6c\x6c\x2e\x72\x61\x6e\x6b\x2e\x6d\x61\x73\x74\x65\x72"]="\x4d\x61\xc3\xae\x74\x72\x65\x20\x6d\x65\x72\x63\x65\x6e\x61\x69\x72\x65";
Loc::strings["\x70\x61\x79\x72\x6f\x6c\x6c\x2e\x70\x61\x67\x65"]="\x53\x61\x6c\x61\x69\x72\x65\x73\x20\x2f\x20\x4d\x65\x72\x63\x65\x6e\x61\x69\x72\x65\x73";
Loc::strings["\x70\x61\x79\x72\x6f\x6c\x6c\x2e\x72\x61\x74\x65\x73"]="\x53\x61\x6c\x61\x69\x72\x65\x73";
Loc::strings["\x70\x61\x79\x72\x6f\x6c\x6c\x2e\x6d\x65\x6d\x62\x65\x72\x73"]="\x4d\x65\x72\x63\x65\x6e\x61\x69\x72\x65\x73";
Loc::strings["\x70\x61\x79\x72\x6f\x6c\x6c\x2e\x66\x6f\x72\x6d\x65\x72"]="\x41\x6e\x63\x69\x65\x6e\x73\x20\x6d\x65\x72\x63\x65\x6e\x61\x69\x72\x65\x73";
Loc::strings["\x70\x61\x79\x72\x6f\x6c\x6c\x2e\x68\x69\x73\x74\x6f\x72\x79"]="\x48\x69\x73\x74\x6f\x72\x69\x71\x75\x65";
Loc::strings["\x70\x61\x79\x72\x6f\x6c\x6c\x2e\x73\x68\x65\x65\x74"]="\x46\x69\x63\x68\x65\x20\x64\x65\x20\x70\x61\x69\x65\x20\x64\x65\x20\x6c\x61\x20\x47\x75\x69\x6c\x64\x65";
Loc::strings["\x70\x61\x79\x72\x6f\x6c\x6c\x2e\x70\x61\x79"]="\x50\x41\x59\x45\x52";
Loc::strings["\x70\x61\x79\x72\x6f\x6c\x6c\x2e\x72\x65\x66\x75\x73\x65"]="\x52\x45\x46\x55\x53\x45\x52\x20\x44\x45\x20\x50\x41\x59\x45\x52";
Loc::strings["\x70\x61\x79\x72\x6f\x6c\x6c\x2e\x74\x6f\x74\x61\x6c"]="\x54\x6f\x74\x61\x6c\x20\x3a";
Loc::strings["\x70\x61\x79\x72\x6f\x6c\x6c\x2e\x65\x6e\x61\x62\x6c\x65\x64"]="\x41\x63\x74\x69\x76\x65\x72\x20\x6c\x65\x73\x20\x73\x61\x6c\x61\x69\x72\x65\x73\x20\x64\x65\x73\x20\x6d\x65\x72\x63\x65\x6e\x61\x69\x72\x65\x73";
Loc::strings["\x70\x61\x79\x72\x6f\x6c\x6c\x2e\x65\x6e\x61\x62\x6c\x65\x64\x5f\x74\x69\x70"]="\x41\x72\x72\xc3\xaa\x74\x65\x20\x70\x61\x69\x65\x73\x2c\x20\x69\x6e\x64\x65\x6d\x6e\x69\x74\xc3\xa9\x73\x20\x65\x74\x20\x72\x65\x74\x65\x6e\x75\x65\x73\x2e\x20\x44\x65\x74\x74\x65\x73\x20\x63\x6f\x6e\x73\x65\x72\x76\xc3\xa9\x65\x73\x2e\x20\x52\x65\x70\x72\x69\x73\x65\x20\x73\x75\x72\x20\x75\x6e\x20\x6e\x6f\x75\x76\x65\x61\x75\x20\x63\x79\x63\x6c\x65\x20\x64\x65\x20\x31\x36\x38\x20\x68\x2c\x20\x73\x61\x6e\x73\x20\x72\xc3\xa9\x74\x72\x6f\x61\x63\x74\x69\x76\x69\x74\xc3\xa9\x2e";
Loc::strings["\x70\x61\x79\x72\x6f\x6c\x6c\x2e\x72\x6f\x62\x6f\x74"]="\x53\x71\x75\x65\x6c\x65\x74\x74\x65\x20\xe2\x80\x94\x20\x53\x61\x6c\x61\x69\x72\x65\x20\x3a\x20\x30\x20\x43\x61\x74\x73";
Loc::strings["\x70\x61\x79\x72\x6f\x6c\x6c\x2e\x61\x63\x74\x69\x76\x65"]="\x41\x63\x74\x69\x66";
Loc::strings["\x70\x61\x79\x72\x6f\x6c\x6c\x2e\x73\x75\x73\x70\x65\x6e\x64\x65\x64"]="\x53\x79\x73\x74\xc3\xa8\x6d\x65\x20\x73\x75\x73\x70\x65\x6e\x64\x75";
Loc::strings["\x70\x61\x79\x72\x6f\x6c\x6c\x2e\x65\x6d\x70\x74\x79"]="\x41\x75\x63\x75\x6e\x65\x20\x65\x6e\x74\x72\xc3\xa9\x65\x2e";
Loc::strings["\x70\x61\x79\x72\x6f\x6c\x6c\x2e\x64\x61\x74\x65"]="\x4a\x6f\x75\x72\x20\x7b\x64\x61\x79\x7d\x2c\x20\x7b\x68\x6f\x75\x72\x7d\x20\x68";
Loc::strings["\x70\x61\x79\x72\x6f\x6c\x6c\x2e\x77\x61\x72\x6e\x69\x6e\x67"]="\x46\x6f\x6e\x64\x73\x20\x69\x6e\x73\x75\x66\x66\x69\x73\x61\x6e\x74\x73\x20\xe2\x80\x94\x20\x49\x6c\x20\x6d\x61\x6e\x71\x75\x65\x20\x7b\x61\x6d\x6f\x75\x6e\x74\x7d\x20\x43\x61\x74\x73\x20\x70\x6f\x75\x72\x20\x6c\x61\x20\x70\x72\x6f\x63\x68\x61\x69\x6e\x65\x20\x70\x61\x69\x65\x2e";
Loc::strings["\x70\x61\x79\x72\x6f\x6c\x6c\x2e\x73\x68\x65\x65\x74\x5f\x73\x75\x6d\x6d\x61\x72\x79"]="\x50\xc3\xa9\x72\x69\x6f\x64\x65\x20\x3a\x20\x7b\x73\x74\x61\x72\x74\x7d\x20\x20\x2d\x20\x20\x7b\x65\x6e\x64\x7d\x0a\x4e\x6f\x75\x76\x65\x6c\x6c\x65\x20\x70\x61\x69\x65\x20\x3a\x20\x7b\x6e\x65\x77\x7d\x0a\x54\x72\xc3\xa9\x73\x6f\x72\x65\x72\x69\x65\x20\x3a\x20\x7b\x63\x61\x73\x68\x7d\x0a\x41\x6e\x63\x69\x65\x6e\x6e\x65\x73\x20\x64\x65\x74\x74\x65\x73\x20\x73\x61\x6c\x61\x72\x69\x61\x6c\x65\x73\x20\x3a\x20\x7b\x6f\x6c\x64\x7d\x0a\x49\x6e\x64\x65\x6d\x6e\x69\x74\xc3\xa9\x73\x20\x64\x75\x65\x73\x20\x3a\x20\x7b\x6c\x69\x6d\x62\x73\x7d\x0a\x54\x6f\x74\x61\x6c\x20\x72\x65\x73\x74\x61\x6e\x74\x20\xc3\xa0\x20\x70\x61\x79\x65\x72\x20\x3a\x20\x7b\x74\x6f\x74\x61\x6c\x7d";
Loc::strings["\x70\x61\x79\x72\x6f\x6c\x6c\x2e\x73\x65\x67\x6d\x65\x6e\x74"]="\x7b\x72\x61\x6e\x6b\x7d\x20\x3a\x20\x7b\x72\x61\x74\x65\x7d\x20\x43\x61\x74\x73\x2f\x6a\x6f\x75\x72\x20\xc3\x97\x20\x7b\x64\x61\x79\x73\x7d\x20\x6a\x6f\x75\x72\x73\x20\x3d\x20\x7b\x61\x6d\x6f\x75\x6e\x74\x7d";
Loc::strings["\x70\x61\x79\x72\x6f\x6c\x6c\x2e\x66\x6f\x72\x65\x63\x61\x73\x74"]="\x54\x72\xc3\xa9\x73\x6f\x72\x65\x72\x69\x65\x20\x3a\x20\x7b\x63\x61\x73\x68\x7d\x0a\x50\x72\x6f\x63\x68\x61\x69\x6e\x65\x20\x70\x61\x69\x65\x20\x3a\x20\x7b\x64\x61\x74\x65\x7d\x0a\x43\x6f\xc3\xbb\x74\x20\x65\x73\x74\x69\x6d\xc3\xa9\x20\x64\x75\x20\x63\x79\x63\x6c\x65\x20\x3a\x20\x7b\x65\x73\x74\x69\x6d\x61\x74\x65\x7d\x0a\x44\x65\x74\x74\x65\x20\x73\x61\x6c\x61\x72\x69\x61\x6c\x65\x20\x3a\x20\x7b\x77\x61\x67\x65\x73\x7d\x0a\x49\x6e\x64\x65\x6d\x6e\x69\x74\xc3\xa9\x73\x20\x64\x75\x65\x73\x20\x3a\x20\x7b\x6c\x69\x6d\x62\x73\x7d\x0a\x44\x65\x74\x74\x65\x20\x74\x6f\x74\x61\x6c\x65\x20\x3a\x20\x7b\x64\x65\x62\x74\x7d\x0a\x53\x6f\x6c\x64\x65\x20\x65\x73\x74\x69\x6d\xc3\xa9\x20\x61\x70\x72\xc3\xa8\x73\x20\x70\x61\x69\x65\x20\x65\x74\x20\x64\x65\x74\x74\x65\x73\x20\x28\x6e\xc3\xa9\x67\x61\x74\x69\x66\x20\x3d\x20\x6d\x61\x6e\x71\x75\x65\x29\x20\x3a\x20\x7b\x62\x61\x6c\x61\x6e\x63\x65\x7d";
Loc::strings["\x70\x61\x79\x72\x6f\x6c\x6c\x2e\x6d\x61\x73\x73"]="\x7b\x63\x6f\x75\x6e\x74\x7d\x20\xc3\x97\x20\x7b\x72\x61\x74\x65\x7d\x20\x43\x61\x74\x73\x2f\x6a\x6f\x75\x72\x20\x3d\x20\x7b\x63\x6f\x73\x74\x7d\x2f\x6a\x6f\x75\x72";
Loc::strings["\x70\x61\x79\x72\x6f\x6c\x6c\x2e\x6d\x61\x73\x73\x5f\x74\x6f\x74\x61\x6c"]="\x54\x4f\x54\x41\x4c\x2f\x4a\x4f\x55\x52\x20\x3a\x20\x7b\x64\x61\x79\x7d\x0a\x54\x4f\x54\x41\x4c\x2f\x37\x20\x4a\x4f\x55\x52\x53\x20\x61\x75\x20\x74\x61\x72\x69\x66\x20\x61\x63\x74\x75\x65\x6c\x20\x3a\x20\x7b\x77\x65\x65\x6b\x7d";
Loc::strings["\x70\x61\x79\x72\x6f\x6c\x6c\x2e\x6d\x65\x6d\x62\x65\x72\x5f\x64\x65\x74\x61\x69\x6c"]="\x45\x6e\x74\x72\xc3\xa9\x65\x20\x3a\x20\x7b\x6a\x6f\x69\x6e\x65\x64\x7d\x20\xe2\x80\x94\x20\x46\x69\x6e\x20\x3a\x20\x7b\x65\x6e\x64\x65\x64\x7d\x0a\x53\x61\x6c\x61\x69\x72\x65\x2f\x6a\x6f\x75\x72\x20\x3a\x20\x7b\x72\x61\x74\x65\x7d\x0a\x53\x61\x6c\x61\x69\x72\x65\x20\x64\x75\x20\x63\x79\x63\x6c\x65\x20\x65\x73\x74\x69\x6d\xc3\xa9\x20\x3a\x20\x7b\x70\x65\x72\x69\x6f\x64\x7d\x0a\x44\x65\x74\x74\x65\x20\x73\x61\x6c\x61\x72\x69\x61\x6c\x65\x20\x3a\x20\x7b\x77\x61\x67\x65\x73\x7d\x0a\x49\x6e\x64\x65\x6d\x6e\x69\x74\xc3\xa9\x73\x20\x64\x75\x65\x73\x20\x3a\x20\x7b\x6c\x69\x6d\x62\x73\x7d\x0a\x52\x65\x76\x65\x6e\x75\x73\x20\x67\xc3\xa9\x6e\xc3\xa9\x72\xc3\xa9\x73\x20\x3a\x20\x7b\x69\x6e\x63\x6f\x6d\x65\x7d\x0a\x53\x61\x6c\x61\x69\x72\x65\x73\x20\x70\x61\x79\xc3\xa9\x73\x20\x3a\x20\x7b\x70\x61\x69\x64\x7d\x0a\x49\x6e\x64\x65\x6d\x6e\x69\x74\xc3\xa9\x73\x20\x70\x61\x79\xc3\xa9\x65\x73\x20\x3a\x20\x7b\x63\x6f\x6d\x70\x65\x6e\x73\x61\x74\x69\x6f\x6e\x7d\x0a\x43\x6f\xc3\xbb\x74\x20\x72\xc3\xa9\x65\x6c\x6c\x65\x6d\x65\x6e\x74\x20\x70\x61\x79\xc3\xa9\x20\x3a\x20\x7b\x63\x6f\x73\x74\x7d\x0a\x42\xc3\xa9\x6e\xc3\xa9\x66\x69\x63\x65\x20\x2f\x20\x70\x65\x72\x74\x65\x20\x3a\x20\x7b\x70\x72\x6f\x66\x69\x74\x7d\x0a\x43\x6f\x6e\x74\x72\x61\x74\x73\x20\x64\xc3\xa9\x6c\xc3\xa9\x67\x75\xc3\xa9\x73\x20\x74\x65\x72\x6d\x69\x6e\xc3\xa9\x73\x20\x3a\x20\x7b\x63\x6f\x6e\x74\x72\x61\x63\x74\x73\x7d";
Loc::strings["\x70\x61\x79\x72\x6f\x6c\x6c\x2e\x72\x65\x63\x65\x69\x70\x74"]="\x52\xc3\xa9\x63\x6f\x6d\x70\x65\x6e\x73\x65\x20\x3a\x20\x7b\x67\x72\x6f\x73\x73\x7d\x20\x43\x61\x74\x73\x0a\x52\x65\x6d\x62\x6f\x75\x72\x73\x65\x6d\x65\x6e\x74\x20\x64\x65\x73\x20\x64\x65\x74\x74\x65\x73\x20\x3a\x20\x2d\x7b\x70\x61\x69\x64\x7d\x20\x43\x61\x74\x73\x0a\x4d\x6f\x6e\x74\x61\x6e\x74\x20\x72\x65\xc3\xa7\x75\x20\x3a\x20\x7b\x6e\x65\x74\x7d\x20\x43\x61\x74\x73\x0a\x44\x65\x74\x74\x65\x20\x72\x65\x73\x74\x61\x6e\x74\x65\x20\x3a\x20\x7b\x64\x65\x62\x74\x7d\x20\x43\x61\x74\x73";
Loc::strings["\x70\x61\x79\x72\x6f\x6c\x6c\x2e\x64\x65\x62\x74\x5f\x64\x65\x74\x61\x69\x6c"]="\x44\x61\x74\x65\x20\x3a\x20\x7b\x64\x61\x74\x65\x7d\x0a\x4d\x6f\x6e\x74\x61\x6e\x74\x20\x69\x6e\x69\x74\x69\x61\x6c\x20\x3a\x20\x7b\x69\x6e\x69\x74\x69\x61\x6c\x7d\x0a\x52\x65\x73\x74\x61\x6e\x74\x20\x3a\x20\x7b\x72\x65\x6d\x61\x69\x6e\x69\x6e\x67\x7d";
Loc::strings["\x70\x61\x79\x72\x6f\x6c\x6c\x2e\x72\x65\x70\x61\x79\x6d\x65\x6e\x74\x5f\x6c\x69\x6e\x65"]="\x52\x65\x6d\x62\x6f\x75\x72\x73\xc3\xa9\x20\x6c\x65\x20\x7b\x64\x61\x74\x65\x7d\x20\x3a\x20\x7b\x61\x6d\x6f\x75\x6e\x74\x7d";
Loc::strings["\x70\x61\x79\x72\x6f\x6c\x6c\x2e\x73\x61\x6c\x61\x72\x79"]="\x44\x65\x74\x74\x65\x20\x73\x61\x6c\x61\x72\x69\x61\x6c\x65";
Loc::strings["\x70\x61\x79\x72\x6f\x6c\x6c\x2e\x66\x69\x6e\x61\x6c\x5f\x73\x61\x6c\x61\x72\x79"]="\x53\x6f\x6c\x64\x65\x20\x73\x61\x6c\x61\x72\x69\x61\x6c\x20\x64\x65\x20\x66\x69\x6e\x20\x64\x65\x20\x63\x61\x72\x72\x69\xc3\xa8\x72\x65";
Loc::strings["\x70\x61\x79\x72\x6f\x6c\x6c\x2e\x6c\x65\x66\x74\x5f\x61\x72\x6d"]="\x49\x6e\x64\x65\x6d\x6e\x69\x74\xc3\xa9\x20\xe2\x80\x94\x20\x62\x72\x61\x73\x20\x67\x61\x75\x63\x68\x65";
Loc::strings["\x70\x61\x79\x72\x6f\x6c\x6c\x2e\x72\x69\x67\x68\x74\x5f\x61\x72\x6d"]="\x49\x6e\x64\x65\x6d\x6e\x69\x74\xc3\xa9\x20\xe2\x80\x94\x20\x62\x72\x61\x73\x20\x64\x72\x6f\x69\x74";
Loc::strings["\x70\x61\x79\x72\x6f\x6c\x6c\x2e\x6c\x65\x66\x74\x5f\x6c\x65\x67"]="\x49\x6e\x64\x65\x6d\x6e\x69\x74\xc3\xa9\x20\xe2\x80\x94\x20\x6a\x61\x6d\x62\x65\x20\x67\x61\x75\x63\x68\x65";
Loc::strings["\x70\x61\x79\x72\x6f\x6c\x6c\x2e\x72\x69\x67\x68\x74\x5f\x6c\x65\x67"]="\x49\x6e\x64\x65\x6d\x6e\x69\x74\xc3\xa9\x20\xe2\x80\x94\x20\x6a\x61\x6d\x62\x65\x20\x64\x72\x6f\x69\x74\x65";
Loc::strings["\x70\x61\x79\x72\x6f\x6c\x6c\x2e\x73\x61\x6c\x61\x72\x79\x5f\x70\x61\x79\x6d\x65\x6e\x74"]="\x50\x61\x69\x65\x6d\x65\x6e\x74\x20\x64\x65\x73\x20\x73\x61\x6c\x61\x69\x72\x65\x73\x20\x65\x74\x20\x64\x65\x74\x74\x65\x73";
Loc::strings["\x70\x61\x79\x72\x6f\x6c\x6c\x2e\x63\x6f\x6d\x70\x65\x6e\x73\x61\x74\x69\x6f\x6e\x5f\x70\x61\x79\x6d\x65\x6e\x74"]="\x50\x61\x69\x65\x6d\x65\x6e\x74\x20\x64\xe2\x80\x99\x69\x6e\x64\x65\x6d\x6e\x69\x74\xc3\xa9";
Loc::strings["\x70\x61\x79\x72\x6f\x6c\x6c\x2e\x63\x6f\x6e\x74\x72\x61\x63\x74\x5f\x72\x65\x70\x61\x79\x6d\x65\x6e\x74"]="\x52\x65\x6d\x62\x6f\x75\x72\x73\x65\x6d\x65\x6e\x74\x20\x70\x61\x72\x20\x63\x6f\x6e\x74\x72\x61\x74";
Loc::strings["\x70\x61\x79\x72\x6f\x6c\x6c\x2e\x61\x63\x63\x6f\x75\x6e\x74\x69\x6e\x67\x5f\x6e\x6f\x74\x65"]="\x4c\x65\x73\x20\x73\x71\x75\x65\x6c\x65\x74\x74\x65\x73\x20\x63\x6f\xc3\xbb\x74\x65\x6e\x74\x20\x30\x20\x65\x74\x20\x6e\x65\x20\x66\x69\x67\x75\x72\x65\x6e\x74\x20\x70\x61\x73\x20\x64\x61\x6e\x73\x20\x6c\x65\x73\x20\x65\x66\x66\x65\x63\x74\x69\x66\x73\x20\x70\x61\x79\x61\x6e\x74\x73\x2e\x20\x4c\x65\x73\x20\x64\x65\x74\x74\x65\x73\x20\x64\x65\x73\x20\x61\x6e\x63\x69\x65\x6e\x73\x20\x72\x65\x73\x74\x65\x6e\x74\x20\x64\x75\x65\x73\x2e\x20\x4c\x65\x73\x20\x70\x65\x72\x74\x65\x73\x20\x64\x65\x20\x6d\x65\x6d\x62\x72\x65\x73\x20\x61\x6e\x74\xc3\xa9\x72\x69\x65\x75\x72\x65\x73\x20\x61\x75\x20\x73\x75\x69\x76\x69\x20\x6e\x65\x20\x73\x6f\x6e\x74\x20\x70\x61\x73\x20\x69\x6e\x64\x65\x6d\x6e\x69\x73\xc3\xa9\x65\x73\x2e\x20\x4c\x65\x73\x20\x72\x65\x76\x65\x6e\x75\x73\x20\x64\xc3\xa9\x6c\xc3\xa9\x67\x75\xc3\xa9\x73\x20\x73\x6f\x6e\x74\x20\x70\x61\x72\x74\x61\x67\xc3\xa9\x73\x20\xc3\xa9\x67\x61\x6c\x65\x6d\x65\x6e\x74\x20\x65\x6e\x74\x72\x65\x20\x70\x61\x72\x74\x69\x63\x69\x70\x61\x6e\x74\x73\x20\x3b\x20\x61\x75\x63\x75\x6e\x20\x72\x65\x76\x65\x6e\x75\x20\x70\x65\x72\x73\x6f\x6e\x6e\x65\x6c\x20\x6e\xe2\x80\x99\x65\x73\x74\x20\x61\x74\x74\x72\x69\x62\x75\xc3\xa9\x20\x73\x61\x6e\x73\x20\x70\x61\x72\x74\x69\x63\x69\x70\x61\x6e\x74\x73\x20\x66\x69\x61\x62\x6c\x65\x73\x2e";
Loc::strings["\x70\x61\x79\x72\x6f\x6c\x6c\x2e\x61\x6e\x69\x6d\x61\x6c"]="\x41\x6e\x69\x6d\x61\x6c\x20\xe2\x80\x94\x20\x6e\x6f\x6e\x20\x73\x61\x6c\x61\x72\x69\xc3\xa9";
Loc::strings["\x70\x61\x79\x72\x6f\x6c\x6c\x2e\x73\x75\x73\x70\x65\x6e\x64\x65\x64\x5f\x62\x61\x6c\x61\x6e\x63\x65"]="\x53\x61\x6c\x61\x69\x72\x65\x20\x61\x63\x71\x75\x69\x73\x20\x61\x76\x61\x6e\x74\x20\x73\x75\x73\x70\x65\x6e\x73\x69\x6f\x6e";
Loc::strings["\x70\x61\x79\x72\x6f\x6c\x6c\x2e\x75\x69\x2e\x68\x65\x61\x64\x65\x72"]="\x54\x48\x45\x20\x4d\x45\x52\x43\x45\x4e\x41\x52\x49\x45\x20\x20\x7c\x20\x20\x47\x45\x53\x54\x49\x4f\x4e\x20\x44\x45\x20\x47\x55\x49\x4c\x44\x45";
Loc::strings["\x70\x61\x79\x72\x6f\x6c\x6c\x2e\x75\x69\x2e\x69\x6e\x66\x6f\x72\x6d\x61\x74\x69\x6f\x6e"]="\x49\x6e\x66\x6f\x72\x6d\x61\x74\x69\x6f\x6e\x73";
Loc::strings["\x70\x61\x79\x72\x6f\x6c\x6c\x2e\x75\x69\x2e\x61\x6c\x6c"]="\x54\x6f\x75\x73";
Loc::strings["\x70\x61\x79\x72\x6f\x6c\x6c\x2e\x75\x69\x2e\x75\x6e\x6b\x6e\x6f\x77\x6e"]="\x49\x6e\x63\x6f\x6e\x6e\x75";
Loc::strings["\x70\x61\x79\x72\x6f\x6c\x6c\x2e\x75\x69\x2e\x73\x65\x61\x72\x63\x68"]="\x52\x65\x63\x68\x65\x72\x63\x68\x65\x72\x20\x70\x61\x72\x20\x6e\x6f\x6d\x20\x6f\x75\x20\x64\x65\x73\x63\x72\x69\x70\x74\x69\x6f\x6e";
Loc::strings["\x70\x61\x79\x72\x6f\x6c\x6c\x2e\x75\x69\x2e\x6e\x61\x6d\x65"]="\x4e\x6f\x6d";
Loc::strings["\x70\x61\x79\x72\x6f\x6c\x6c\x2e\x75\x69\x2e\x6e\x65\x77\x65\x73\x74"]="\x50\x6c\x75\x73\x20\x72\xc3\xa9\x63\x65\x6e\x74";
Loc::strings["\x70\x61\x79\x72\x6f\x6c\x6c\x2e\x75\x69\x2e\x6f\x6c\x64\x65\x73\x74"]="\x50\x6c\x75\x73\x20\x61\x6e\x63\x69\x65\x6e";
Loc::strings["\x70\x61\x79\x72\x6f\x6c\x6c\x2e\x75\x69\x2e\x72\x61\x74\x65"]="\x54\x61\x72\x69\x66\x20\x6a\x6f\x75\x72\x6e\x61\x6c\x69\x65\x72";
Loc::strings["\x70\x61\x79\x72\x6f\x6c\x6c\x2e\x75\x69\x2e\x74\x72\x65\x61\x73\x75\x72\x79"]="\x54\x72\xc3\xa9\x73\x6f\x72\x65\x72\x69\x65";
Loc::strings["\x70\x61\x79\x72\x6f\x6c\x6c\x2e\x75\x69\x2e\x6e\x65\x78\x74"]="\x50\x72\x6f\x63\x68\x61\x69\x6e\x65\x20\x70\x61\x69\x65";
Loc::strings["\x70\x61\x79\x72\x6f\x6c\x6c\x2e\x75\x69\x2e\x65\x73\x74\x69\x6d\x61\x74\x65"]="\x43\x6f\xc3\xbb\x74\x20\x65\x73\x74\x69\x6d\xc3\xa9\x20\x28\x37\x20\x6a\x6f\x75\x72\x73\x29";
Loc::strings["\x70\x61\x79\x72\x6f\x6c\x6c\x2e\x75\x69\x2e\x64\x65\x62\x74"]="\x44\x65\x74\x74\x65\x20\x74\x6f\x74\x61\x6c\x65";
Loc::strings["\x70\x61\x79\x72\x6f\x6c\x6c\x2e\x75\x69\x2e\x72\x61\x74\x65\x73"]="\x54\x41\x52\x49\x46\x53\x20\x50\x41\x52\x20\x52\x41\x4e\x47";
Loc::strings["\x70\x61\x79\x72\x6f\x6c\x6c\x2e\x75\x69\x2e\x72\x61\x6e\x6b"]="\x52\x61\x6e\x67";
Loc::strings["\x70\x61\x79\x72\x6f\x6c\x6c\x2e\x75\x69\x2e\x63\x6f\x75\x6e\x74"]="\x45\x66\x66\x65\x63\x74\x69\x66\x20\x70\x61\x79\xc3\xa9";
Loc::strings["\x70\x61\x79\x72\x6f\x6c\x6c\x2e\x75\x69\x2e\x64\x61\x69\x6c\x79"]="\x54\x6f\x74\x61\x6c\x20\x70\x61\x72\x20\x6a\x6f\x75\x72";
Loc::strings["\x70\x61\x79\x72\x6f\x6c\x6c\x2e\x75\x69\x2e\x77\x65\x65\x6b\x6c\x79"]="\x54\x6f\x74\x61\x6c\x20\x70\x61\x72\x20\x37\x20\x6a\x6f\x75\x72\x73";
Loc::strings["\x70\x61\x79\x72\x6f\x6c\x6c\x2e\x75\x69\x2e\x68\x65\x61\x64\x63\x6f\x75\x6e\x74"]="\x45\x66\x66\x65\x63\x74\x69\x66";
Loc::strings["\x70\x61\x79\x72\x6f\x6c\x6c\x2e\x75\x69\x2e\x63\x6f\x6e\x74\x72\x61\x63\x74\x73"]="\x43\x6f\x6e\x74\x72\x61\x74\x73\x20\x74\x65\x72\x6d\x69\x6e\xc3\xa9\x73";
Loc::strings["\x70\x61\x79\x72\x6f\x6c\x6c\x2e\x75\x69\x2e\x69\x6e\x63\x6f\x6d\x65"]="\x52\x65\x76\x65\x6e\x75\x73";
Loc::strings["\x70\x61\x79\x72\x6f\x6c\x6c\x2e\x75\x69\x2e\x63\x6f\x73\x74"]="\x43\x6f\xc3\xbb\x74\x73";
Loc::strings["\x70\x61\x79\x72\x6f\x6c\x6c\x2e\x75\x69\x2e\x73\x74\x61\x74\x75\x73"]="\x53\x74\x61\x74\x75\x74";
Loc::strings["\x70\x61\x79\x72\x6f\x6c\x6c\x2e\x75\x69\x2e\x64\x61\x74\x65"]="\x44\x61\x74\x65";
Loc::strings["\x70\x61\x79\x72\x6f\x6c\x6c\x2e\x75\x69\x2e\x73\x65\x72\x76\x69\x63\x65"]="\x53\x65\x72\x76\x69\x63\x65";
Loc::strings["\x70\x61\x79\x72\x6f\x6c\x6c\x2e\x75\x69\x2e\x63\x61\x75\x73\x65"]="\x50\x6f\x75\x72\x71\x75\x6f\x69";
Loc::strings["\x70\x61\x79\x72\x6f\x6c\x6c\x2e\x75\x69\x2e\x63\x6f\x6d\x70\x65\x6e\x73\x61\x74\x69\x6f\x6e"]="\x49\x6e\x64\x65\x6d\x6e\x69\x74\xc3\xa9\x73\x20\x76\x65\x72\x73\xc3\xa9\x65\x73";
Loc::strings["\x70\x61\x79\x72\x6f\x6c\x6c\x2e\x75\x69\x2e\x64\x65\x74\x61\x69\x6c\x73"]="\x44\xc3\xa9\x74\x61\x69\x6c\x73";
Loc::strings["\x70\x61\x79\x72\x6f\x6c\x6c\x2e\x75\x69\x2e\x64\x61\x79\x73"]="\x6a\x6f\x75\x72\x73";
Loc::strings["\x70\x61\x79\x72\x6f\x6c\x6c\x2e\x75\x69\x2e\x73\x74\x61\x74\x69\x73\x74\x69\x63\x73"]="\x53\x74\x61\x74\x69\x73\x74\x69\x71\x75\x65\x73";
Loc::strings["\x70\x61\x79\x72\x6f\x6c\x6c\x2e\x75\x69\x2e\x74\x72\x61\x6e\x73\x61\x63\x74\x69\x6f\x6e\x73"]="\x54\x72\x61\x6e\x73\x61\x63\x74\x69\x6f\x6e\x73";
Loc::strings["\x70\x61\x79\x72\x6f\x6c\x6c\x2e\x75\x69\x2e\x74\x79\x70\x65"]="\x54\x79\x70\x65";
Loc::strings["\x70\x61\x79\x72\x6f\x6c\x6c\x2e\x75\x69\x2e\x64\x65\x73\x63\x72\x69\x70\x74\x69\x6f\x6e"]="\x44\x65\x73\x63\x72\x69\x70\x74\x69\x6f\x6e";
Loc::strings["\x70\x61\x79\x72\x6f\x6c\x6c\x2e\x75\x69\x2e\x61\x6d\x6f\x75\x6e\x74"]="\x4d\x6f\x6e\x74\x61\x6e\x74";
Loc::strings["\x70\x61\x79\x72\x6f\x6c\x6c\x2e\x75\x69\x2e\x62\x61\x6c\x61\x6e\x63\x65"]="\x53\x6f\x6c\x64\x65";
Loc::strings["\x70\x61\x79\x72\x6f\x6c\x6c\x2e\x75\x69\x2e\x65\x78\x70\x65\x6e\x73\x65\x73"]="\x44\xc3\xa9\x70\x65\x6e\x73\x65\x73";
Loc::strings["\x70\x61\x79\x72\x6f\x6c\x6c\x2e\x75\x69\x2e\x70\x65\x72\x69\x6f\x64\x5f\x62\x61\x6c\x61\x6e\x63\x65"]="\x53\x6f\x6c\x64\x65\x20\x64\x65\x73\x20\x65\x6e\x74\x72\xc3\xa9\x65\x73\x20\x61\x66\x66\x69\x63\x68\xc3\xa9\x65\x73";
Loc::strings["\x70\x61\x79\x72\x6f\x6c\x6c\x2e\x75\x69\x2e\x65\x6d\x70\x74\x79\x5f\x6d\x65\x6d\x62\x65\x72\x73"]="\x41\x55\x43\x55\x4e\x20\x4d\x45\x52\x43\x45\x4e\x41\x49\x52\x45";
Loc::strings["\x70\x61\x79\x72\x6f\x6c\x6c\x2e\x75\x69\x2e\x65\x6d\x70\x74\x79\x5f\x66\x6f\x72\x6d\x65\x72"]="\x41\x55\x43\x55\x4e\x20\x41\x4e\x43\x49\x45\x4e\x20\x4d\x45\x52\x43\x45\x4e\x41\x49\x52\x45";
Loc::strings["\x70\x61\x79\x72\x6f\x6c\x6c\x2e\x75\x69\x2e\x65\x6d\x70\x74\x79\x5f\x68\x69\x73\x74\x6f\x72\x79"]="\x41\x55\x43\x55\x4e\x45\x20\x54\x52\x41\x4e\x53\x41\x43\x54\x49\x4f\x4e";
Loc::strings["\x70\x61\x79\x72\x6f\x6c\x6c\x2e\x75\x69\x2e\x65\x6d\x70\x74\x79\x5f\x68\x69\x6e\x74"]="\x41\x75\x63\x75\x6e\x20\x72\xc3\xa9\x73\x75\x6c\x74\x61\x74\x20\x70\x6f\x75\x72\x20\x6c\x65\x73\x20\x66\x69\x6c\x74\x72\x65\x73\x20\x61\x63\x74\x75\x65\x6c\x73\x2e";
Loc::strings["\x70\x61\x79\x72\x6f\x6c\x6c\x2e\x75\x69\x2e\x72\x61\x74\x65\x73\x5f\x69\x6e\x66\x6f"]="\x50\x61\x69\x65\x20\x74\x6f\x75\x73\x20\x6c\x65\x73\x20\x37\x20\x6a\x6f\x75\x72\x73\x20\x28\x31\x36\x38\x20\x68\x65\x75\x72\x65\x73\x20\x4b\x65\x6e\x73\x68\x69\x29\x2e\x0a\x0a\x4c\x65\x73\x20\x74\x61\x72\x69\x66\x73\x20\x73\xe2\x80\x99\x61\x70\x70\x6c\x69\x71\x75\x65\x6e\x74\x20\x61\x75\x78\x20\x6d\x65\x6d\x62\x72\x65\x73\x20\x64\x75\x20\x72\x61\x6e\x67\x2e\x0a\x0a\x4c\x65\x73\x20\x64\x65\x74\x74\x65\x73\x20\x73\x6f\x6e\x74\x20\x72\x65\x6d\x62\x6f\x75\x72\x73\xc3\xa9\x65\x73\x20\x61\x76\x65\x63\x20\x61\x75\x20\x6d\x61\x78\x69\x6d\x75\x6d\x20\x6c\x61\x20\x6d\x6f\x69\x74\x69\xc3\xa9\x20\x64\x65\x73\x20\x72\xc3\xa9\x63\x6f\x6d\x70\x65\x6e\x73\x65\x73\x2e\x0a\x0a\x4c\x65\x73\x20\x73\x71\x75\x65\x6c\x65\x74\x74\x65\x73\x20\x63\x6f\xc3\xbb\x74\x65\x6e\x74\x20\x30\x20\x43\x61\x74\x73\x2e";
Loc::strings["\x70\x61\x79\x72\x6f\x6c\x6c\x2e\x75\x69\x2e\x66\x6f\x72\x6d\x65\x72\x5f\x69\x6e\x66\x6f"]="\x4c\x65\x73\x20\x61\x6e\x63\x69\x65\x6e\x73\x20\x6d\x65\x6d\x62\x72\x65\x73\x20\x72\x65\x73\x74\x65\x6e\x74\x20\x64\x61\x6e\x73\x20\x6c\xe2\x80\x99\x68\x69\x73\x74\x6f\x72\x69\x71\x75\x65\x2e\x20\x4c\x65\x20\x73\x74\x61\x74\x75\x74\x20\x64\x65\x20\x64\xc3\xa9\x70\x61\x72\x74\x20\x65\x74\x20\x73\x61\x20\x63\x61\x75\x73\x65\x20\x6e\x65\x20\x73\x6f\x6e\x74\x20\x70\x61\x73\x20\x65\x6e\x72\x65\x67\x69\x73\x74\x72\xc3\xa9\x73\x20\x3a\x20\x69\x6c\x73\x20\x72\x65\x73\x74\x65\x6e\x74\x20\x69\x6e\x63\x6f\x6e\x6e\x75\x73\x2e\x20\x4c\x65\x73\x20\x64\x65\x74\x74\x65\x73\x20\x72\x65\x73\x74\x65\x6e\x74\x20\x64\x75\x65\x73\x2e\x20\x4c\xe2\x80\x99\x69\x6e\x64\x65\x6d\x6e\x69\x74\xc3\xa9\x20\x70\x6f\x75\x72\x20\x70\x65\x72\x74\x65\x20\x64\xe2\x80\x99\x75\x6e\x20\x6d\x65\x6d\x62\x72\x65\x20\x65\x73\x74\x20\x64\x65\x20\x31\x20\x30\x30\x30\x20\x43\x61\x74\x73\x2e";
Loc::strings["\x70\x61\x79\x72\x6f\x6c\x6c\x2e\x75\x69\x2e\x68\x69\x73\x74\x6f\x72\x79\x5f\x69\x6e\x66\x6f"]="\x4a\x6f\x75\x72\x6e\x61\x6c\x20\x66\x69\x6e\x61\x6e\x63\x69\x65\x72\x20\x72\xc3\xa9\x65\x6c\x20\x64\x65\x20\x6c\x61\x20\x67\x75\x69\x6c\x64\x65\x2e\x20\x4c\x65\x73\x20\x74\x6f\x74\x61\x75\x78\x20\x70\x6f\x72\x74\x65\x6e\x74\x20\x73\x75\x72\x20\x74\x6f\x75\x74\x65\x73\x20\x6c\x65\x73\x20\x6c\x69\x67\x6e\x65\x73\x20\x66\x69\x6c\x74\x72\xc3\xa9\x65\x73\x2c\x20\x79\x20\x63\x6f\x6d\x70\x72\x69\x73\x20\x6c\x65\x73\x20\x61\x75\x74\x72\x65\x73\x20\x70\x61\x67\x65\x73\x2e\x20\x4c\x65\x73\x20\x61\x72\x63\x68\x69\x76\x65\x73\x20\x61\x67\x72\xc3\xa9\x67\xc3\xa9\x65\x73\x20\x73\x6f\x6e\x74\x20\x69\x64\x65\x6e\x74\x69\x66\x69\xc3\xa9\x65\x73\x20\x3b\x20\x75\x6e\x20\x73\x6f\x6c\x64\x65\x20\x6e\x6f\x6e\x20\x63\x6f\x6e\x73\x65\x72\x76\xc3\xa9\x20\x72\x65\x73\x74\x65\x20\x69\x6e\x63\x6f\x6e\x6e\x75\x2e\x20\x4c\x65\x73\x20\x64\x65\x74\x74\x65\x73\x20\x65\x74\x20\x69\x6e\x64\x65\x6d\x6e\x69\x74\xc3\xa9\x73\x20\x69\x6e\x64\x69\x76\x69\x64\x75\x65\x6c\x6c\x65\x73\x20\x73\x6f\x6e\x74\x20\x63\x6f\x6e\x73\x75\x6c\x74\x61\x62\x6c\x65\x73\x20\x64\x61\x6e\x73\x20\x6c\x65\x73\x20\x64\xc3\xa9\x74\x61\x69\x6c\x73\x20\x64\x65\x73\x20\x6d\x65\x6d\x62\x72\x65\x73\x2e";
Loc::strings["\x70\x61\x79\x72\x6f\x6c\x6c\x2e\x75\x69\x2e\x64\x65\x63\x65\x61\x73\x65\x64"]="\x44\xc3\xa9\x63\xc3\xa9\x64\xc3\xa9\x73";
Loc::strings["\x70\x61\x79\x72\x6f\x6c\x6c\x2e\x75\x69\x2e\x64\x65\x70\x61\x72\x74\x65\x64"]="\x50\x61\x72\x74\x69\x73";
Loc::strings["\x70\x61\x79\x72\x6f\x6c\x6c\x2e\x73\x68\x65\x65\x74\x2e\x67\x65\x6e\x65\x72\x61\x6c"]="\x49\x6e\x66\x6f\x72\x6d\x61\x74\x69\x6f\x6e\x73\x20\x67\xc3\xa9\x6e\xc3\xa9\x72\x61\x6c\x65\x73";
Loc::strings["\x70\x61\x79\x72\x6f\x6c\x6c\x2e\x73\x68\x65\x65\x74\x2e\x70\x65\x72\x69\x6f\x64"]="\x50\xc3\xa9\x72\x69\x6f\x64\x65";
Loc::strings["\x70\x61\x79\x72\x6f\x6c\x6c\x2e\x73\x68\x65\x65\x74\x2e\x6e\x65\x77"]="\x4e\x6f\x75\x76\x65\x6c\x6c\x65\x20\x70\x61\x69\x65";
Loc::strings["\x70\x61\x79\x72\x6f\x6c\x6c\x2e\x73\x68\x65\x65\x74\x2e\x63\x61\x73\x68"]="\x54\x72\xc3\xa9\x73\x6f\x72\x65\x72\x69\x65\x20\x61\x63\x74\x75\x65\x6c\x6c\x65";
Loc::strings["\x70\x61\x79\x72\x6f\x6c\x6c\x2e\x73\x68\x65\x65\x74\x2e\x6f\x6c\x64"]="\x41\x6e\x63\x69\x65\x6e\x6e\x65\x73\x20\x64\x65\x74\x74\x65\x73\x20\x73\x61\x6c\x61\x72\x69\x61\x6c\x65\x73";
Loc::strings["\x70\x61\x79\x72\x6f\x6c\x6c\x2e\x73\x68\x65\x65\x74\x2e\x6c\x69\x6d\x62\x73"]="\x49\x6e\x64\x65\x6d\x6e\x69\x74\xc3\xa9\x73\x20\x64\x75\x65\x73";
Loc::strings["\x70\x61\x79\x72\x6f\x6c\x6c\x2e\x73\x68\x65\x65\x74\x2e\x64\x75\x65"]="\x54\x6f\x74\x61\x6c\x20\x72\x65\x73\x74\x61\x6e\x74\x20\xc3\xa0\x20\x70\x61\x79\x65\x72";
Loc::strings["\x70\x61\x79\x72\x6f\x6c\x6c\x2e\x73\x68\x65\x65\x74\x2e\x70\x65\x72\x69\x6f\x64\x5f\x76\x61\x6c\x75\x65"]="\x64\x75\x20\x7b\x73\x74\x61\x72\x74\x7d\x20\x61\x75\x20\x7b\x65\x6e\x64\x7d";
Loc::strings["\x70\x61\x79\x72\x6f\x6c\x6c\x2e\x73\x68\x65\x65\x74\x2e\x6d\x6f\x74\x74\x6f"]="\x44\x65\x73\x20\x63\x6f\x6e\x74\x72\x61\x74\x73\x2c\x0a\x75\x6e\x65\x20\x67\x75\x69\x6c\x64\x65\x2c\x0a\x75\x6e\x20\x6d\x6f\x6e\x64\x65\x20\x70\x6c\x75\x73\x20\x73\xc3\xbb\x72\x2e";
Loc::strings["\x70\x61\x79\x72\x6f\x6c\x6c\x2e\x73\x68\x65\x65\x74\x2e\x62\x79\x5f\x72\x61\x6e\x6b"]="\x44\xc3\xa9\x74\x61\x69\x6c\x20\x70\x61\x72\x20\x72\x61\x6e\x67";
Loc::strings["\x70\x61\x79\x72\x6f\x6c\x6c\x2e\x73\x68\x65\x65\x74\x2e\x72\x61\x6e\x6b"]="\x52\x61\x6e\x67";
Loc::strings["\x70\x61\x79\x72\x6f\x6c\x6c\x2e\x73\x68\x65\x65\x74\x2e\x63\x6f\x75\x6e\x74"]="\x4e\x6f\x6d\x62\x72\x65\x20\x64\x65\x20\x6d\x65\x72\x63\x65\x6e\x61\x69\x72\x65\x73";
Loc::strings["\x70\x61\x79\x72\x6f\x6c\x6c\x2e\x73\x68\x65\x65\x74\x2e\x64\x61\x69\x6c\x79"]="\x54\x61\x72\x69\x66\x20\x6a\x6f\x75\x72\x6e\x61\x6c\x69\x65\x72";
Loc::strings["\x70\x61\x79\x72\x6f\x6c\x6c\x2e\x73\x68\x65\x65\x74\x2e\x70\x65\x72\x69\x6f\x64\x5f\x74\x6f\x74\x61\x6c"]="\x54\x6f\x74\x61\x6c\x20\x64\x65\x20\x6c\x61\x20\x70\xc3\xa9\x72\x69\x6f\x64\x65";
Loc::strings["\x70\x61\x79\x72\x6f\x6c\x6c\x2e\x73\x68\x65\x65\x74\x2e\x76\x61\x72\x69\x61\x62\x6c\x65"]="\x56\x61\x72\x69\x61\x62\x6c\x65";
Loc::strings["\x70\x61\x79\x72\x6f\x6c\x6c\x2e\x73\x68\x65\x65\x74\x2e\x67\x72\x61\x6e\x64\x5f\x74\x6f\x74\x61\x6c"]="\x54\x4f\x54\x41\x4c\x20\x47\xc3\x89\x4e\xc3\x89\x52\x41\x4c";
Loc::strings["\x70\x61\x79\x72\x6f\x6c\x6c\x2e\x73\x68\x65\x65\x74\x2e\x67\x72\x6f\x75\x70\x5f\x6e\x6f\x74\x65"]="\x52\x61\x6e\x67\x20\xc3\xa0\x20\x6c\x61\x20\x63\x6c\xc3\xb4\x74\x75\x72\x65\x2e\x20\x4c\x65\x73\x20\x6d\x6f\x6e\x74\x61\x6e\x74\x73\x20\x69\x6e\x63\x6c\x75\x65\x6e\x74\x20\x6c\x65\x73\x20\x63\x68\x61\x6e\x67\x65\x6d\x65\x6e\x74\x73\x20\x64\x65\x20\x72\x61\x6e\x67\x20\x65\x74\x20\x64\x65\x20\x74\x61\x72\x69\x66\x20\x64\x65\x20\x6c\x61\x20\x70\xc3\xa9\x72\x69\x6f\x64\x65\x2e";
Loc::strings["\x70\x61\x79\x72\x6f\x6c\x6c\x2e\x73\x68\x65\x65\x74\x2e\x64\x65\x74\x61\x69\x6c\x73"]="\x56\x6f\x69\x72\x20\x6c\x65\x73\x20\x64\xc3\xa9\x74\x61\x69\x6c\x73";
Loc::strings["\x70\x61\x79\x72\x6f\x6c\x6c\x2e\x73\x68\x65\x65\x74\x2e\x68\x69\x64\x65\x5f\x64\x65\x74\x61\x69\x6c\x73"]="\x4d\x61\x73\x71\x75\x65\x72\x20\x6c\x65\x73\x20\x64\xc3\xa9\x74\x61\x69\x6c\x73";
Loc::strings["\x70\x61\x79\x72\x6f\x6c\x6c\x2e\x73\x68\x65\x65\x74\x2e\x64\x75\x72\x61\x74\x69\x6f\x6e"]="\x7b\x64\x61\x79\x73\x7d\x20\x6a\x20\x7b\x68\x6f\x75\x72\x73\x7d\x20\x68\x20\x7b\x6d\x69\x6e\x75\x74\x65\x73\x7d\x20\x6d\x69\x6e";
Loc::strings["\x70\x61\x79\x72\x6f\x6c\x6c\x2e\x73\x68\x65\x65\x74\x2e\x6c\x65\x73\x73\x5f\x6d\x69\x6e\x75\x74\x65"]="\x4d\x6f\x69\x6e\x73\x20\x64\x65\x20\x31\x20\x6d\x69\x6e";
Loc::strings["\x70\x61\x79\x72\x6f\x6c\x6c\x2e\x73\x68\x65\x65\x74\x2e\x73\x65\x67\x6d\x65\x6e\x74"]="\x7b\x72\x61\x6e\x6b\x7d\x20\xc2\xb7\x20\x7b\x72\x61\x74\x65\x7d\x2f\x6a\x6f\x75\x72\x20\xc2\xb7\x20\x7b\x64\x75\x72\x61\x74\x69\x6f\x6e\x7d\x20\x3d\x20\x7b\x61\x6d\x6f\x75\x6e\x74\x7d";
Loc::strings["\x66\x69\x6e\x61\x6e\x63\x65\x2e\x72\x65\x6e\x74\x73"]="\x4c\x6f\x79\x65\x72\x73";
Loc::strings["\x69\x6d\x70\x6f\x72\x74\x2e\x70\x61\x79\x72\x6f\x6c\x6c\x2e\x68\x65\x6c\x70"]="\x4c\x61\x20\x70\x61\x69\x65\x20\x72\x65\x70\x72\x65\x6e\x64\x72\x61\x20\x61\x75\x74\x6f\x6d\x61\x74\x69\x71\x75\x65\x6d\x65\x6e\x74\x20\x6c\x6f\x72\x73\x71\x75\x65\x20\x63\x68\x61\x71\x75\x65\x20\x6d\x65\x6d\x62\x72\x65\x20\x63\x69\x2d\x64\x65\x73\x73\x6f\x75\x73\x20\x63\x6f\x72\x72\x65\x73\x70\x6f\x6e\x64\x72\x61\x20\xc3\xa0\x20\x75\x6e\x20\x73\x65\x75\x6c\x20\x70\x65\x72\x73\x6f\x6e\x6e\x61\x67\x65\x20\x61\x63\x74\x75\x65\x6c\x20\x64\x65\x20\x6d\xc3\xaa\x6d\x65\x20\x6e\x6f\x6d\x20\x65\x74\x20\x64\x65\x20\x6d\xc3\xaa\x6d\x65\x20\x74\x79\x70\x65\x2e\x20\x44\x65\x74\x74\x65\x73\x20\x65\x74\x20\x68\x69\x73\x74\x6f\x72\x69\x71\x75\x65\x20\x63\x6f\x6e\x73\x65\x72\x76\xc3\xa9\x73\x20\x3b\x20\x61\x75\x63\x75\x6e\x20\x64\xc3\xa9\x62\x69\x74\x20\x6e\x69\x20\x73\x61\x6c\x61\x69\x72\x65\x20\x61\x6a\x6f\x75\x74\xc3\xa9\x20\x70\x6f\x75\x72\x20\x6c\x61\x20\x70\xc3\xa9\x72\x69\x6f\x64\x65\x20\x73\x75\x73\x70\x65\x6e\x64\x75\x65\x2e";
Loc::strings["\x69\x6d\x70\x6f\x72\x74\x2e\x70\x61\x79\x72\x6f\x6c\x6c\x2e\x61\x6d\x62\x69\x67\x75\x6f\x75\x73"]="\x52\x65\x70\x72\x69\x73\x65\x20\x69\x6d\x70\x6f\x73\x73\x69\x62\x6c\x65\x20\x3a\x20\x75\x6e\x20\x6d\x65\x6d\x62\x72\x65\x20\x6d\x61\x6e\x71\x75\x65\x2c\x20\x70\x6c\x75\x73\x69\x65\x75\x72\x73\x20\x70\x65\x72\x73\x6f\x6e\x6e\x61\x67\x65\x73\x20\x70\x6f\x72\x74\x65\x6e\x74\x20\x6c\x65\x20\x6d\xc3\xaa\x6d\x65\x20\x6e\x6f\x6d\x2c\x20\x6f\x75\x20\x75\x6e\x65\x20\x69\x64\x65\x6e\x74\x69\x74\xc3\xa9\x20\x65\x6e\x74\x72\x65\x20\x65\x6e\x20\x63\x6f\x6e\x66\x6c\x69\x74\x2e\x20\x52\x61\x73\x73\x65\x6d\x62\x6c\x65\x7a\x20\x6c\x65\x73\x20\x6d\x65\x6d\x62\x72\x65\x73\x20\x63\x6f\x6e\x63\x65\x72\x6e\xc3\xa9\x73\x20\x65\x74\x20\x64\x6f\x6e\x6e\x65\x7a\x2d\x6c\x65\x75\x72\x20\x64\x65\x73\x20\x6e\x6f\x6d\x73\x20\x64\x69\x73\x74\x69\x6e\x63\x74\x73\x20\x63\x6f\x72\x72\x65\x73\x70\x6f\x6e\x64\x61\x6e\x74\x20\x61\x75\x78\x20\x6e\x6f\x6d\x73\x20\x65\x6e\x72\x65\x67\x69\x73\x74\x72\xc3\xa9\x73\x2e";
Loc::strings["\x69\x6d\x70\x6f\x72\x74\x2e\x70\x61\x79\x72\x6f\x6c\x6c\x2e\x72\x65\x76\x69\x65\x77"]="\x56\xc3\xa9\x72\x69\x66\x69\x65\x72\x20\x6c\x61\x20\x72\x65\x70\x72\x69\x73\x65\x20\x64\x65\x20\x6c\x61\x20\x70\x61\x69\x65";
Loc::strings["\x69\x6d\x70\x6f\x72\x74\x2e\x63\x6f\x6e\x66\x69\x72\x6d"]="\x43\x6f\x6e\x66\x69\x72\x6d\x65\x72\x20\x6c\x61\x20\x72\x65\x70\x72\x69\x73\x65";
Loc::strings["\x69\x6d\x70\x6f\x72\x74\x2e\x61\x72\x74\x69\x73\x61\x6e\x2e\x68\x65\x6c\x70"]="\x43\x68\x6f\x69\x73\x69\x73\x73\x65\x7a\x20\x75\x6e\x20\x61\x6e\x63\x69\x65\x6e\x20\x61\x74\x65\x6c\x69\x65\x72\x20\xc3\xa0\x20\x74\x72\x61\x6e\x73\x66\xc3\xa9\x72\x65\x72\x20\x76\x65\x72\x73\x20\x63\x65\x74\x20\x61\x72\x74\x69\x73\x61\x6e\x2e\x20\x4c\x65\x73\x20\x63\x6f\x6d\x6d\x61\x6e\x64\x65\x73\x20\x72\x65\x73\x74\x65\x6e\x74\x20\x70\x61\x79\xc3\xa9\x65\x73\x2c\x20\x61\x76\x65\x63\x20\x6c\x65\x75\x72\x73\x20\x71\x75\x61\x6e\x74\x69\x74\xc3\xa9\x73\x20\x72\x65\x73\x74\x61\x6e\x74\x65\x73\x20\x3b\x20\x61\x75\x63\x75\x6e\x20\x6e\x6f\x75\x76\x65\x61\x75\x20\x64\xc3\xa9\x62\x69\x74\x2e\x20\x4c\xe2\x80\x99\x61\x72\x74\x69\x73\x61\x6e\x20\x64\x6f\x69\x74\x20\x61\x76\x6f\x69\x72\x20\x6c\x65\x20\x62\x6f\x6e\x20\x6d\xc3\xa9\x74\x69\x65\x72\x20\x65\x74\x20\x61\x75\x63\x75\x6e\x20\x61\x75\x74\x72\x65\x20\x70\x61\x6e\x69\x65\x72\x20\x6f\x75\x20\x68\x69\x73\x74\x6f\x72\x69\x71\x75\x65\x20\x64\x65\x20\x63\x6f\x6d\x6d\x61\x6e\x64\x65\x73\x2e\x20\x50\x6f\x75\x72\x20\x6c\x65\x73\x20\x61\x6e\x63\x69\x65\x6e\x6e\x65\x73\x20\x73\x61\x75\x76\x65\x67\x61\x72\x64\x65\x73\x20\x73\x61\x6e\x73\x20\x64\x61\x74\x65\x20\x64\x65\x20\x73\x75\x73\x70\x65\x6e\x73\x69\x6f\x6e\x2c\x20\x6c\x65\x20\x74\x72\x61\x76\x61\x69\x6c\x20\x6e\x6f\x6e\x20\x74\x65\x72\x6d\x69\x6e\xc3\xa9\x20\x72\x65\x63\x6f\x6d\x6d\x65\x6e\x63\x65\x20\x73\x61\x20\x64\x75\x72\xc3\xa9\x65\x20\x64\x65\x20\x66\x61\x62\x72\x69\x63\x61\x74\x69\x6f\x6e\x2e";
Loc::strings["\x69\x6d\x70\x6f\x72\x74\x2e\x61\x72\x74\x69\x73\x61\x6e\x2e\x6f\x70\x65\x6e"]="\x43\x6f\x6d\x6d\x61\x6e\x64\x65\x73\x20\x69\x6d\x70\x6f\x72\x74\xc3\xa9\x65\x73";
Loc::strings["\x69\x6d\x70\x6f\x72\x74\x2e\x61\x72\x74\x69\x73\x61\x6e\x2e\x74\x72\x61\x6e\x73\x66\x65\x72"]="\x54\x72\x61\x6e\x73\x66\xc3\xa9\x72\x65\x72\x20\x76\x65\x72\x73\x20\x63\x65\x74\x20\x61\x72\x74\x69\x73\x61\x6e";
Loc::strings["\x69\x6d\x70\x6f\x72\x74\x2e\x61\x72\x74\x69\x73\x61\x6e\x2e\x63\x6f\x6e\x66\x69\x72\x6d"]="\x43\x6f\x6e\x66\x69\x72\x6d\x65\x72\x20\x6c\x65\x20\x74\x72\x61\x6e\x73\x66\x65\x72\x74\x20\x64\x65\x20\x63\x65\x74\x20\x61\x74\x65\x6c\x69\x65\x72\x2c\x20\x64\x65\x20\x73\x6f\x6e\x20\x70\x61\x6e\x69\x65\x72\x20\x65\x74\x20\x64\x65\x20\x73\x6f\x6e\x20\x68\x69\x73\x74\x6f\x72\x69\x71\x75\x65\x20\x76\x65\x72\x73\x20\x3a";
Loc::strings["\x69\x6d\x70\x6f\x72\x74\x2e\x61\x72\x74\x69\x73\x61\x6e\x2e\x64\x6f\x6e\x65"]="\x43\x6f\x6d\x6d\x61\x6e\x64\x65\x73\x20\x72\x65\x70\x72\x69\x73\x65\x73\x20\x73\x61\x6e\x73\x20\x6e\x6f\x75\x76\x65\x61\x75\x20\x70\x61\x69\x65\x6d\x65\x6e\x74\x2e\x20\x4c\x65\x73\x20\x6f\x62\x6a\x65\x74\x73\x20\x64\xc3\xa9\x6a\xc3\xa0\x20\x72\x65\x74\x69\x72\xc3\xa9\x73\x20\x6e\x65\x20\x73\x6f\x6e\x74\x20\x70\x61\x73\x20\x72\x65\x6e\x64\x75\x73\x20\x75\x6e\x65\x20\x73\x65\x63\x6f\x6e\x64\x65\x20\x66\x6f\x69\x73\x2e";
Loc::strings["\x69\x6d\x70\x6f\x72\x74\x2e\x61\x72\x74\x69\x73\x61\x6e\x2e\x75\x6e\x61\x76\x61\x69\x6c\x61\x62\x6c\x65"]="\x54\x72\x61\x6e\x73\x66\x65\x72\x74\x20\x69\x6d\x70\x6f\x73\x73\x69\x62\x6c\x65\x20\x3a\x20\x63\x65\x74\x20\x61\x72\x74\x69\x73\x61\x6e\x20\x64\x6f\x69\x74\x20\x61\x76\x6f\x69\x72\x20\x6c\x65\x20\x62\x6f\x6e\x20\x6d\xc3\xa9\x74\x69\x65\x72\x20\x65\x74\x20\x61\x75\x63\x75\x6e\x20\x61\x75\x74\x72\x65\x20\x70\x61\x6e\x69\x65\x72\x20\x6f\x75\x20\x68\x69\x73\x74\x6f\x72\x69\x71\x75\x65\x2e\x20\x43\x68\x6f\x69\x73\x69\x73\x73\x65\x7a\x20\x75\x6e\x20\x61\x75\x74\x72\x65\x20\x61\x72\x74\x69\x73\x61\x6e\x2e";
break;
case 1:
Loc::strings["\x75\x69\x2e\x63\x61\x74\x73"]="\x20\x43\x61\x74\x73";
Loc::strings["\x66\x69\x6e\x61\x6e\x63\x65\x2e\x74\x69\x74\x6c\x65"]="\x46\x49\x4e\x41\x4e\x43\x45\x53";
Loc::strings["\x66\x69\x6e\x61\x6e\x63\x65\x2e\x73\x75\x62\x74\x69\x74\x6c\x65"]="\x54\x72\x61\x63\x6b\x20\x79\x6f\x75\x72\x20\x43\x61\x74\x73\x20\x61\x6e\x64\x20\x70\x6c\x61\x6e\x20\x79\x6f\x75\x72\x20\x47\x75\x69\x6c\x64\x27\x73\x20\x66\x75\x74\x75\x72\x65\x2e";
Loc::strings["\x66\x69\x6e\x61\x6e\x63\x65\x2e\x70\x65\x72\x69\x6f\x64\x37"]="\x50\x65\x72\x69\x6f\x64\x3a\x20\x37\x20\x64\x61\x79\x73";
Loc::strings["\x66\x69\x6e\x61\x6e\x63\x65\x2e\x70\x65\x72\x69\x6f\x64\x33\x30"]="\x50\x65\x72\x69\x6f\x64\x3a\x20\x33\x30\x20\x64\x61\x79\x73";
Loc::strings["\x66\x69\x6e\x61\x6e\x63\x65\x2e\x70\x65\x72\x69\x6f\x64\x39\x30"]="\x50\x65\x72\x69\x6f\x64\x3a\x20\x39\x30\x20\x64\x61\x79\x73";
Loc::strings["\x66\x69\x6e\x61\x6e\x63\x65\x2e\x66\x75\x6e\x64\x73"]="\x43\x55\x52\x52\x45\x4e\x54\x20\x46\x55\x4e\x44\x53";
Loc::strings["\x66\x69\x6e\x61\x6e\x63\x65\x2e\x69\x6e\x63\x6f\x6d\x65"]="\x49\x4e\x43\x4f\x4d\x45";
Loc::strings["\x66\x69\x6e\x61\x6e\x63\x65\x2e\x65\x78\x70\x65\x6e\x73\x65\x73"]="\x45\x58\x50\x45\x4e\x53\x45\x53";
Loc::strings["\x66\x69\x6e\x61\x6e\x63\x65\x2e\x6e\x65\x74"]="\x4e\x45\x54\x20\x43\x41\x53\x48\x20\x46\x4c\x4f\x57";
Loc::strings["\x66\x69\x6e\x61\x6e\x63\x65\x2e\x66\x6f\x72\x65\x63\x61\x73\x74"]="\x37\x20\x44\x41\x59\x20\x46\x4f\x52\x45\x43\x41\x53\x54";
Loc::strings["\x66\x69\x6e\x61\x6e\x63\x65\x2e\x63\x68\x61\x72\x74"]="\x43\x41\x53\x48\x20\x46\x4c\x4f\x57\x20\x4f\x56\x45\x52\x20\x54\x49\x4d\x45";
Loc::strings["\x66\x69\x6e\x61\x6e\x63\x65\x2e\x6c\x65\x67\x65\x6e\x64"]="\x49\x6e\x63\x6f\x6d\x65\x20\x2f\x20\x45\x78\x70\x65\x6e\x73\x65\x73\x20\x2f\x20\x43\x75\x6d\x75\x6c\x61\x74\x69\x76\x65\x20\x6e\x65\x74";
Loc::strings["\x66\x69\x6e\x61\x6e\x63\x65\x2e\x63\x68\x61\x72\x74\x5f\x61\x78\x69\x73"]="\x50\x65\x72\x69\x6f\x64\x20\x73\x74\x61\x72\x74\x20\x20\x20\x20\x20\x20\x20\x20\x20\x20\x20\x20\x20\x20\x20\x20\x20\x20\x20\x20\x20\x20\x20\x20\x20\x20\x20\x20\x20\x20\x20\x20\x20\x20\x20\x20\x20\x20\x54\x6f\x64\x61\x79";
Loc::strings["\x66\x69\x6e\x61\x6e\x63\x65\x2e\x65\x6d\x70\x74\x79"]="\x4e\x6f\x20\x66\x69\x6e\x61\x6e\x63\x69\x61\x6c\x20\x64\x61\x74\x61\x20\x61\x76\x61\x69\x6c\x61\x62\x6c\x65";
Loc::strings["\x66\x69\x6e\x61\x6e\x63\x65\x2e\x62\x72\x65\x61\x6b\x64\x6f\x77\x6e"]="\x45\x58\x50\x45\x4e\x53\x45\x20\x42\x52\x45\x41\x4b\x44\x4f\x57\x4e";
Loc::strings["\x66\x69\x6e\x61\x6e\x63\x65\x2e\x74\x6f\x74\x61\x6c"]="\x54\x6f\x74\x61\x6c";
Loc::strings["\x66\x69\x6e\x61\x6e\x63\x65\x2e\x72\x65\x63\x75\x72\x72\x69\x6e\x67"]="\x52\x45\x43\x55\x52\x52\x49\x4e\x47\x20\x49\x4e\x43\x4f\x4d\x45\x20\x2f\x20\x37\x20\x44";
Loc::strings["\x66\x69\x6e\x61\x6e\x63\x65\x2e\x66\x75\x74\x75\x72\x65"]="\x43\x4f\x4d\x49\x4e\x47\x20\x4c\x41\x54\x45\x52";
Loc::strings["\x66\x69\x6e\x61\x6e\x63\x65\x2e\x75\x6e\x61\x76\x61\x69\x6c\x61\x62\x6c\x65"]="\x55\x6e\x61\x76\x61\x69\x6c\x61\x62\x6c\x65";
Loc::strings["\x66\x69\x6e\x61\x6e\x63\x65\x2e\x72\x65\x63\x75\x72\x72\x69\x6e\x67\x5f\x6e\x6f\x74\x65"]="\x52\x65\x67\x75\x6c\x61\x72\x20\x6d\x69\x73\x73\x69\x6f\x6e\x73\x3a\x20\xe2\x80\x94\x0a\x4f\x66\x66\x69\x63\x65\x20\x69\x6e\x63\x6f\x6d\x65\x3a\x20\xe2\x80\x94\x0a\x4f\x74\x68\x65\x72\x20\x72\x65\x63\x75\x72\x72\x69\x6e\x67\x20\x69\x6e\x63\x6f\x6d\x65\x3a\x20\xe2\x80\x94\x0a\x0a\x45\x78\x70\x65\x63\x74\x65\x64\x20\x74\x6f\x74\x61\x6c\x3a\x20\xe2\x80\x94\x0a\x4e\x65\x78\x74\x20\x70\x61\x79\x6d\x65\x6e\x74\x3a\x20\xe2\x80\x94";
Loc::strings["\x66\x69\x6e\x61\x6e\x63\x65\x2e\x72\x65\x63\x65\x6e\x74"]="\x52\x45\x43\x45\x4e\x54\x20\x54\x52\x41\x4e\x53\x41\x43\x54\x49\x4f\x4e\x53";
Loc::strings["\x66\x69\x6e\x61\x6e\x63\x65\x2e\x64\x61\x74\x65"]="\x44\x61\x74\x65";
Loc::strings["\x66\x69\x6e\x61\x6e\x63\x65\x2e\x64\x65\x73\x63\x72\x69\x70\x74\x69\x6f\x6e"]="\x44\x65\x73\x63\x72\x69\x70\x74\x69\x6f\x6e";
Loc::strings["\x66\x69\x6e\x61\x6e\x63\x65\x2e\x63\x61\x74\x65\x67\x6f\x72\x79"]="\x43\x61\x74\x65\x67\x6f\x72\x79";
Loc::strings["\x66\x69\x6e\x61\x6e\x63\x65\x2e\x61\x6d\x6f\x75\x6e\x74"]="\x41\x6d\x6f\x75\x6e\x74";
Loc::strings["\x66\x69\x6e\x61\x6e\x63\x65\x2e\x62\x61\x6c\x61\x6e\x63\x65"]="\x42\x61\x6c\x61\x6e\x63\x65\x20\x61\x66\x74\x65\x72";
Loc::strings["\x66\x69\x6e\x61\x6e\x63\x65\x2e\x61\x6c\x6c"]="\x56\x49\x45\x57\x20\x41\x4c\x4c\x20\x54\x52\x41\x4e\x53\x41\x43\x54\x49\x4f\x4e\x53\x20\x3e";
Loc::strings["\x66\x69\x6e\x61\x6e\x63\x65\x2e\x73\x75\x6d\x6d\x61\x72\x79"]="\x50\x45\x52\x49\x4f\x44\x20\x53\x55\x4d\x4d\x41\x52\x59";
Loc::strings["\x66\x69\x6e\x61\x6e\x63\x65\x2e\x73\x61\x6c\x61\x72\x79"]="\x4d\x45\x52\x43\x45\x4e\x41\x52\x59\x20\x57\x41\x47\x45\x53";
Loc::strings["\x66\x69\x6e\x61\x6e\x63\x65\x2e\x72\x65\x63\x72\x75\x69\x74\x73"]="\x53\x61\x6c\x61\x72\x69\x65\x64\x20\x6d\x65\x72\x63\x65\x6e\x61\x72\x69\x65\x73";
Loc::strings["\x66\x69\x6e\x61\x6e\x63\x65\x2e\x64\x61\x69\x6c\x79\x5f\x77\x61\x67\x65"]="\x41\x76\x65\x72\x61\x67\x65\x20\x77\x61\x67\x65\x20\x2f\x20\x64\x61\x79";
Loc::strings["\x66\x69\x6e\x61\x6e\x63\x65\x2e\x77\x65\x65\x6b\x6c\x79\x5f\x77\x61\x67\x65"]="\x54\x6f\x74\x61\x6c\x20\x77\x61\x67\x65\x73\x20\x2f\x20\x37\x20\x64\x61\x79\x73";
Loc::strings["\x66\x69\x6e\x61\x6e\x63\x65\x2e\x6e\x65\x78\x74\x5f\x70\x61\x79"]="\x4e\x65\x78\x74\x20\x70\x61\x79\x64\x61\x79";
Loc::strings["\x66\x69\x6e\x61\x6e\x63\x65\x2e\x73\x61\x6c\x61\x72\x79\x5f\x6e\x6f\x74\x65"]="\x52\x65\x61\x64\x79\x20\x66\x6f\x72\x20\x74\x68\x65\x20\x66\x75\x74\x75\x72\x65\x20\x77\x61\x67\x65\x20\x73\x79\x73\x74\x65\x6d\x2e";
Loc::strings["\x66\x69\x6e\x61\x6e\x63\x65\x2e\x67\x6f\x61\x6c\x73"]="\x46\x49\x4e\x41\x4e\x43\x49\x41\x4c\x20\x47\x4f\x41\x4c\x53";
Loc::strings["\x66\x69\x6e\x61\x6e\x63\x65\x2e\x67\x6f\x61\x6c\x73\x5f\x6e\x6f\x74\x65"]="\x52\x65\x73\x65\x72\x76\x65\x73\x2c\x20\x74\x61\x72\x67\x65\x74\x20\x66\x75\x6e\x64\x73\x20\x61\x6e\x64\x20\x65\x78\x70\x65\x6e\x73\x65\x20\x63\x6f\x6e\x74\x72\x6f\x6c\x20\x77\x69\x6c\x6c\x20\x62\x65\x63\x6f\x6d\x65\x20\x61\x76\x61\x69\x6c\x61\x62\x6c\x65\x20\x77\x69\x74\x68\x20\x61\x20\x67\x6f\x61\x6c\x20\x74\x72\x61\x63\x6b\x69\x6e\x67\x20\x73\x79\x73\x74\x65\x6d\x2e";
Loc::strings["\x66\x69\x6e\x61\x6e\x63\x65\x2e\x62\x75\x64\x67\x65\x74"]="\x42\x55\x44\x47\x45\x54\x20\x26\x20\x46\x4f\x52\x45\x43\x41\x53\x54\x20\x2f\x20\x37\x20\x44";
Loc::strings["\x66\x69\x6e\x61\x6e\x63\x65\x2e\x62\x75\x64\x67\x65\x74\x5f\x6e\x6f\x74\x65"]="\x4e\x6f\x20\x67\x75\x61\x72\x61\x6e\x74\x65\x65\x64\x20\x72\x65\x63\x75\x72\x72\x69\x6e\x67\x20\x63\x61\x73\x68\x20\x66\x6c\x6f\x77\x20\x69\x73\x20\x63\x6f\x6e\x6e\x65\x63\x74\x65\x64\x20\x79\x65\x74\x2e\x20\x54\x61\x78\x20\x64\x65\x62\x74\x73\x20\x61\x72\x65\x20\x6e\x6f\x74\x20\x73\x63\x68\x65\x64\x75\x6c\x65\x64\x20\x64\x65\x62\x69\x74\x73\x2e";
Loc::strings["\x66\x69\x6e\x61\x6e\x63\x65\x2e\x74\x61\x78\x5f\x64\x65\x74\x61\x69\x6c\x73"]="\x54\x41\x58\x45\x53\x20\x41\x4e\x44\x20\x44\x45\x42\x54\x53\x20\x3e";
Loc::strings["\x66\x69\x6e\x61\x6e\x63\x65\x2e\x69\x6e\x66\x6f\x72\x6d\x61\x74\x69\x6f\x6e"]="\x49\x4e\x46\x4f\x52\x4d\x41\x54\x49\x4f\x4e";
Loc::strings["\x66\x69\x6e\x61\x6e\x63\x65\x2e\x69\x6e\x66\x6f"]="\x4d\x6f\x64\x20\x70\x61\x79\x6d\x65\x6e\x74\x73\x20\x61\x6e\x64\x20\x6f\x62\x73\x65\x72\x76\x65\x64\x20\x6e\x65\x74\x20\x63\x68\x61\x6e\x67\x65\x73\x2e\x20\x54\x72\x61\x64\x65\x20\x6e\x6f\x74\x20\x69\x64\x65\x6e\x74\x69\x66\x69\x65\x64\x2e\x20\x4c\x69\x6d\x69\x74\x65\x64\x20\x68\x69\x73\x74\x6f\x72\x79\x3b\x20\x67\x61\x6d\x65\x20\x64\x61\x79\x73\x20\x69\x6e\x63\x6c\x75\x64\x69\x6e\x67\x20\x74\x6f\x64\x61\x79\x2e\x20\x4e\x6f\x20\x72\x65\x63\x6f\x6e\x73\x74\x72\x75\x63\x74\x65\x64\x20\x66\x69\x67\x75\x72\x65\x73\x20\x62\x65\x66\x6f\x72\x65\x20\x74\x72\x61\x63\x6b\x69\x6e\x67\x20\x62\x65\x67\x61\x6e\x2e";
Loc::strings["\x66\x69\x6e\x61\x6e\x63\x65\x2e\x68\x69\x73\x74\x6f\x72\x79"]="\x43\x41\x54\x53\x20\x4a\x4f\x55\x52\x4e\x41\x4c";
Loc::strings["\x66\x69\x6e\x61\x6e\x63\x65\x2e\x62\x61\x63\x6b"]="\x3c\x20\x42\x41\x43\x4b";
Loc::strings["\x66\x69\x6e\x61\x6e\x63\x65\x2e\x66\x69\x6c\x74\x65\x72\x5f\x61\x6c\x6c"]="\x41\x6c\x6c\x20\x74\x72\x61\x6e\x73\x61\x63\x74\x69\x6f\x6e\x73";
Loc::strings["\x66\x69\x6e\x61\x6e\x63\x65\x2e\x70\x72\x65\x76\x69\x6f\x75\x73"]="\x3c\x20\x50\x72\x65\x76\x69\x6f\x75\x73";
Loc::strings["\x66\x69\x6e\x61\x6e\x63\x65\x2e\x6e\x65\x78\x74"]="\x4e\x65\x78\x74\x20\x3e";
Loc::strings["\x66\x69\x6e\x61\x6e\x63\x65\x2e\x74\x72\x61\x6e\x73\x61\x63\x74\x69\x6f\x6e\x73"]="\x74\x72\x61\x6e\x73\x61\x63\x74\x69\x6f\x6e\x73";
Loc::strings["\x66\x69\x6e\x61\x6e\x63\x65\x2e\x64\x61\x79"]="\x44\x61\x79";
Loc::strings["\x66\x69\x6e\x61\x6e\x63\x65\x2e\x63\x6f\x76\x65\x72\x61\x67\x65"]="\x54\x72\x61\x63\x6b\x69\x6e\x67\x20\x62\x65\x67\x61\x6e\x20\x6f\x6e";
Loc::strings["\x66\x69\x6e\x61\x6e\x63\x65\x2e\x72\x65\x74\x65\x6e\x74\x69\x6f\x6e"]="\x4c\x61\x73\x74\x20\x34\x2c\x30\x39\x36\x20\x65\x6e\x74\x72\x69\x65\x73\x3b\x20\x33\x36\x36\x20\x64\x61\x79\x73\x20\x6f\x66\x20\x74\x6f\x74\x61\x6c\x73";
Loc::strings["\x66\x69\x6e\x61\x6e\x63\x65\x2e\x69\x6e\x76\x61\x6c\x69\x64"]="\x4a\x6f\x75\x72\x6e\x61\x6c\x20\x75\x6e\x61\x76\x61\x69\x6c\x61\x62\x6c\x65\x3a\x20\x69\x6e\x76\x61\x6c\x69\x64\x20\x66\x6f\x72\x6d\x61\x74";
Loc::strings["\x66\x69\x6e\x61\x6e\x63\x65\x2e\x64\x65\x62\x74"]="\x43\x75\x72\x72\x65\x6e\x74\x20\x64\x65\x62\x74";
Loc::strings["\x66\x69\x6e\x61\x6e\x63\x65\x2e\x70\x61\x69\x64"]="\x4c\x69\x66\x65\x74\x69\x6d\x65\x20\x74\x61\x78\x65\x73\x20\x70\x61\x69\x64";
Loc::strings["\x66\x69\x6e\x61\x6e\x63\x65\x2e\x74\x61\x78\x5f\x6e\x6f\x74\x65"]="\x44\x65\x62\x74\x73\x20\x63\x6f\x75\x6e\x74\x20\x61\x73\x20\x65\x78\x70\x65\x6e\x73\x65\x73\x20\x6f\x6e\x6c\x79\x20\x77\x68\x65\x6e\x20\x70\x61\x69\x64\x2e\x20\x45\x78\x69\x73\x74\x69\x6e\x67\x20\x63\x6f\x6c\x6c\x65\x63\x74\x6f\x72\x20\x70\x72\x6f\x63\x65\x64\x75\x72\x65\x73\x20\x61\x6e\x64\x20\x70\x61\x79\x6d\x65\x6e\x74\x73\x20\x72\x65\x6d\x61\x69\x6e\x20\x75\x6e\x63\x68\x61\x6e\x67\x65\x64\x2e";
Loc::strings["\x66\x69\x6e\x61\x6e\x63\x65\x2e\x63\x6f\x6e\x74\x72\x61\x63\x74\x73"]="\x43\x6f\x6e\x74\x72\x61\x63\x74\x73";
Loc::strings["\x66\x69\x6e\x61\x6e\x63\x65\x2e\x70\x75\x72\x63\x68\x61\x73\x65\x73"]="\x50\x75\x72\x63\x68\x61\x73\x65\x73";
Loc::strings["\x66\x69\x6e\x61\x6e\x63\x65\x2e\x73\x61\x6c\x65\x73"]="\x53\x61\x6c\x65\x73";
Loc::strings["\x66\x69\x6e\x61\x6e\x63\x65\x2e\x77\x61\x67\x65\x73"]="\x57\x61\x67\x65\x73";
Loc::strings["\x66\x69\x6e\x61\x6e\x63\x65\x2e\x6f\x66\x66\x69\x63\x65\x73"]="\x4f\x66\x66\x69\x63\x65\x73";
Loc::strings["\x66\x69\x6e\x61\x6e\x63\x65\x2e\x6d\x61\x69\x6e\x74\x65\x6e\x61\x6e\x63\x65"]="\x4d\x61\x69\x6e\x74\x65\x6e\x61\x6e\x63\x65";
Loc::strings["\x66\x69\x6e\x61\x6e\x63\x65\x2e\x65\x71\x75\x69\x70\x6d\x65\x6e\x74"]="\x45\x71\x75\x69\x70\x6d\x65\x6e\x74";
Loc::strings["\x66\x69\x6e\x61\x6e\x63\x65\x2e\x74\x72\x61\x76\x65\x6c"]="\x54\x72\x61\x76\x65\x6c";
Loc::strings["\x66\x69\x6e\x61\x6e\x63\x65\x2e\x74\x61\x78\x65\x73"]="\x54\x61\x78\x65\x73";
Loc::strings["\x66\x69\x6e\x61\x6e\x63\x65\x2e\x69\x6e\x76\x65\x73\x74\x6d\x65\x6e\x74\x73"]="\x49\x6e\x76\x65\x73\x74\x6d\x65\x6e\x74\x73";
Loc::strings["\x66\x69\x6e\x61\x6e\x63\x65\x2e\x6f\x74\x68\x65\x72"]="\x4f\x74\x68\x65\x72";
Loc::strings["\x66\x69\x6e\x61\x6e\x63\x65\x2e\x75\x6e\x69\x64\x65\x6e\x74\x69\x66\x69\x65\x64"]="\x55\x6e\x69\x64\x65\x6e\x74\x69\x66\x69\x65\x64\x20\x6e\x65\x74\x20\x63\x68\x61\x6e\x67\x65";
Loc::strings["\x66\x69\x6e\x61\x6e\x63\x65\x2e\x74\x61\x78\x5f\x70\x61\x79\x6d\x65\x6e\x74"]="\x54\x61\x78\x20\x70\x61\x79\x6d\x65\x6e\x74";
Loc::strings["\x66\x69\x6e\x61\x6e\x63\x65\x2e\x61\x64\x76\x61\x6e\x63\x65\x5f\x72\x65\x74\x75\x72\x6e"]="\x41\x64\x76\x61\x6e\x63\x65\x20\x72\x65\x66\x75\x6e\x64";
Loc::strings["\x66\x69\x6e\x61\x6e\x63\x65\x2e\x61\x64\x76\x61\x6e\x63\x65"]="\x43\x6f\x6e\x74\x72\x61\x63\x74\x20\x61\x64\x76\x61\x6e\x63\x65";
Loc::strings["\x66\x69\x6e\x61\x6e\x63\x65\x2e\x64\x65\x6c\x65\x67\x61\x74\x65\x64"]="\x44\x65\x6c\x65\x67\x61\x74\x65\x64\x20\x6d\x69\x73\x73\x69\x6f\x6e";
Loc::strings["\x66\x69\x6e\x61\x6e\x63\x65\x2e\x6d\x61\x69\x6c"]="\x4d\x61\x69\x6c\x20\x63\x6f\x6e\x74\x72\x61\x63\x74";
Loc::strings["\x66\x69\x6e\x61\x6e\x63\x65\x2e\x63\x6f\x6e\x74\x72\x61\x63\x74"]="\x43\x6f\x6e\x74\x72\x61\x63\x74\x20\x73\x65\x74\x74\x6c\x65\x6d\x65\x6e\x74";
Loc::strings["\x66\x69\x6e\x61\x6e\x63\x65\x2e\x62\x6f\x75\x6e\x74\x79"]="\x42\x6f\x75\x6e\x74\x79\x20\x63\x6f\x6e\x74\x72\x61\x63\x74";
Loc::strings["\x66\x69\x6e\x61\x6e\x63\x65\x2e\x62\x6f\x75\x6e\x74\x79\x5f\x61\x64\x6a\x75\x73\x74\x6d\x65\x6e\x74"]="\x42\x6f\x75\x6e\x74\x79\x20\x61\x64\x6a\x75\x73\x74\x6d\x65\x6e\x74";
Loc::strings["\x66\x69\x6e\x61\x6e\x63\x65\x2e\x69\x6e\x76\x65\x73\x74\x6d\x65\x6e\x74"]="\x47\x75\x69\x6c\x64\x20\x69\x6e\x76\x65\x73\x74\x6d\x65\x6e\x74";
Loc::strings["\x66\x69\x6e\x61\x6e\x63\x65\x2e\x67\x72\x6f\x75\x70\x65\x64"]="\x55\x6e\x69\x64\x65\x6e\x74\x69\x66\x69\x65\x64\x20\x63\x68\x61\x6e\x67\x65\x73";
Loc::strings["\x66\x69\x6e\x61\x6e\x63\x65\x2e\x6d\x6f\x76\x65\x6d\x65\x6e\x74\x73"]="\x6d\x6f\x76\x65\x6d\x65\x6e\x74\x73";
Loc::strings["\x66\x69\x6e\x61\x6e\x63\x65\x2e\x61\x72\x63\x68\x69\x76\x65\x64"]="\x44\x61\x69\x6c\x79\x20\x61\x72\x63\x68\x69\x76\x65\x20\x28\x64\x65\x74\x61\x69\x6c\x20\x6e\x6f\x74\x20\x72\x65\x74\x61\x69\x6e\x65\x64\x29";
Loc::strings["\x66\x69\x6e\x61\x6e\x63\x65\x2e\x6f\x75\x74\x73\x74\x61\x6e\x64\x69\x6e\x67"]="\x4f\x55\x54\x53\x54\x41\x4e\x44\x49\x4e\x47\x20\x44\x45\x42\x54\x53";
Loc::strings["\x66\x69\x6e\x61\x6e\x63\x65\x2e\x6e\x6f\x5f\x64\x65\x62\x74"]="\x4e\x6f\x20\x64\x65\x62\x74";
Loc::strings["\x66\x69\x6e\x61\x6e\x63\x65\x2e\x70\x65\x72\x69\x6f\x64\x5f\x65\x6d\x70\x74\x79"]="\x4e\x6f\x20\x74\x72\x61\x6e\x73\x61\x63\x74\x69\x6f\x6e\x73\x20\x69\x6e\x20\x74\x68\x69\x73\x20\x70\x65\x72\x69\x6f\x64";
Loc::strings["\x66\x69\x6e\x61\x6e\x63\x65\x2e\x70\x65\x72\x69\x6f\x64\x5f\x61\x6c\x6c"]="\x50\x65\x72\x69\x6f\x64\x3a\x20\x61\x6c\x6c";
Loc::strings["\x66\x69\x6e\x61\x6e\x63\x65\x2e\x73\x74\x61\x74\x75\x73"]="\x53\x74\x61\x74\x75\x73";
Loc::strings["\x66\x69\x6e\x61\x6e\x63\x65\x2e\x64\x75\x65"]="\x52\x65\x63\x6f\x72\x64\x65\x64\x20\x64\x75\x65\x20\x64\x61\x74\x65";
Loc::strings["\x66\x69\x6e\x61\x6e\x63\x65\x2e\x61\x72\x63\x68\x69\x76\x65\x5f\x6e\x6f\x74\x65"]="\x44\x61\x69\x6c\x79\x20\x61\x72\x63\x68\x69\x76\x65\x73\x20\x69\x6e\x63\x6c\x75\x64\x65\x64\x3b\x20\x68\x69\x73\x74\x6f\x72\x69\x63\x61\x6c\x20\x62\x61\x6c\x61\x6e\x63\x65\x20\x75\x6e\x61\x76\x61\x69\x6c\x61\x62\x6c\x65";
Loc::strings["\x66\x69\x6e\x61\x6e\x63\x65\x2e\x63\x6f\x6e\x74\x72\x61\x63\x74\x2e\x65\x73\x63\x6f\x72\x74"]="\x53\x65\x74\x74\x6c\x65\x6d\x65\x6e\x74\x3a\x20\x45\x73\x63\x6f\x72\x74";
Loc::strings["\x66\x69\x6e\x61\x6e\x63\x65\x2e\x63\x6f\x6e\x74\x72\x61\x63\x74\x2e\x63\x61\x72\x61\x76\x61\x6e"]="\x53\x65\x74\x74\x6c\x65\x6d\x65\x6e\x74\x3a\x20\x43\x61\x72\x61\x76\x61\x6e\x20\x65\x73\x63\x6f\x72\x74";
Loc::strings["\x66\x69\x6e\x61\x6e\x63\x65\x2e\x63\x6f\x6e\x74\x72\x61\x63\x74\x2e\x73\x63\x69\x65\x6e\x63\x65"]="\x53\x65\x74\x74\x6c\x65\x6d\x65\x6e\x74\x3a\x20\x53\x63\x69\x65\x6e\x74\x69\x66\x69\x63\x20\x65\x78\x70\x65\x64\x69\x74\x69\x6f\x6e";
Loc::strings["\x70\x61\x79\x72\x6f\x6c\x6c\x2e\x72\x61\x6e\x6b\x2e\x72\x65\x63\x72\x75\x69\x74"]="\x52\x65\x63\x72\x75\x69\x74";
Loc::strings["\x70\x61\x79\x72\x6f\x6c\x6c\x2e\x72\x61\x6e\x6b\x2e\x6d\x65\x72\x63\x65\x6e\x61\x72\x79"]="\x4d\x65\x72\x63\x65\x6e\x61\x72\x79";
Loc::strings["\x70\x61\x79\x72\x6f\x6c\x6c\x2e\x72\x61\x6e\x6b\x2e\x76\x65\x74\x65\x72\x61\x6e"]="\x56\x65\x74\x65\x72\x61\x6e";
Loc::strings["\x70\x61\x79\x72\x6f\x6c\x6c\x2e\x72\x61\x6e\x6b\x2e\x65\x6c\x69\x74\x65"]="\x45\x6c\x69\x74\x65";
Loc::strings["\x70\x61\x79\x72\x6f\x6c\x6c\x2e\x72\x61\x6e\x6b\x2e\x6d\x61\x73\x74\x65\x72"]="\x4d\x61\x73\x74\x65\x72\x20\x6d\x65\x72\x63\x65\x6e\x61\x72\x79";
Loc::strings["\x70\x61\x79\x72\x6f\x6c\x6c\x2e\x70\x61\x67\x65"]="\x57\x61\x67\x65\x73\x20\x2f\x20\x4d\x65\x72\x63\x65\x6e\x61\x72\x69\x65\x73";
Loc::strings["\x70\x61\x79\x72\x6f\x6c\x6c\x2e\x72\x61\x74\x65\x73"]="\x57\x61\x67\x65\x73";
Loc::strings["\x70\x61\x79\x72\x6f\x6c\x6c\x2e\x6d\x65\x6d\x62\x65\x72\x73"]="\x4d\x65\x72\x63\x65\x6e\x61\x72\x69\x65\x73";
Loc::strings["\x70\x61\x79\x72\x6f\x6c\x6c\x2e\x66\x6f\x72\x6d\x65\x72"]="\x46\x6f\x72\x6d\x65\x72\x20\x6d\x65\x72\x63\x65\x6e\x61\x72\x69\x65\x73";
Loc::strings["\x70\x61\x79\x72\x6f\x6c\x6c\x2e\x68\x69\x73\x74\x6f\x72\x79"]="\x48\x69\x73\x74\x6f\x72\x79";
Loc::strings["\x70\x61\x79\x72\x6f\x6c\x6c\x2e\x73\x68\x65\x65\x74"]="\x47\x75\x69\x6c\x64\x20\x70\x61\x79\x72\x6f\x6c\x6c\x20\x73\x74\x61\x74\x65\x6d\x65\x6e\x74";
Loc::strings["\x70\x61\x79\x72\x6f\x6c\x6c\x2e\x70\x61\x79"]="\x50\x41\x59";
Loc::strings["\x70\x61\x79\x72\x6f\x6c\x6c\x2e\x72\x65\x66\x75\x73\x65"]="\x52\x45\x46\x55\x53\x45\x20\x50\x41\x59\x4d\x45\x4e\x54";
Loc::strings["\x70\x61\x79\x72\x6f\x6c\x6c\x2e\x74\x6f\x74\x61\x6c"]="\x54\x6f\x74\x61\x6c\x3a";
Loc::strings["\x70\x61\x79\x72\x6f\x6c\x6c\x2e\x65\x6e\x61\x62\x6c\x65\x64"]="\x45\x6e\x61\x62\x6c\x65\x20\x6d\x65\x72\x63\x65\x6e\x61\x72\x79\x20\x77\x61\x67\x65\x73";
Loc::strings["\x70\x61\x79\x72\x6f\x6c\x6c\x2e\x65\x6e\x61\x62\x6c\x65\x64\x5f\x74\x69\x70"]="\x53\x74\x6f\x70\x73\x20\x70\x61\x79\x72\x6f\x6c\x6c\x2c\x20\x63\x6f\x6d\x70\x65\x6e\x73\x61\x74\x69\x6f\x6e\x20\x61\x6e\x64\x20\x64\x65\x64\x75\x63\x74\x69\x6f\x6e\x73\x2e\x20\x44\x65\x62\x74\x73\x20\x72\x65\x6d\x61\x69\x6e\x2e\x20\x52\x65\x73\x75\x6d\x65\x73\x20\x77\x69\x74\x68\x20\x61\x20\x6e\x65\x77\x20\x31\x36\x38\x2d\x68\x6f\x75\x72\x20\x63\x79\x63\x6c\x65\x2c\x20\x77\x69\x74\x68\x6f\x75\x74\x20\x62\x61\x63\x6b\x20\x70\x61\x79\x2e";
Loc::strings["\x70\x61\x79\x72\x6f\x6c\x6c\x2e\x72\x6f\x62\x6f\x74"]="\x53\x6b\x65\x6c\x65\x74\x6f\x6e\x20\xe2\x80\x94\x20\x57\x61\x67\x65\x3a\x20\x30\x20\x43\x61\x74\x73";
Loc::strings["\x70\x61\x79\x72\x6f\x6c\x6c\x2e\x61\x63\x74\x69\x76\x65"]="\x41\x63\x74\x69\x76\x65";
Loc::strings["\x70\x61\x79\x72\x6f\x6c\x6c\x2e\x73\x75\x73\x70\x65\x6e\x64\x65\x64"]="\x53\x79\x73\x74\x65\x6d\x20\x73\x75\x73\x70\x65\x6e\x64\x65\x64";
Loc::strings["\x70\x61\x79\x72\x6f\x6c\x6c\x2e\x65\x6d\x70\x74\x79"]="\x4e\x6f\x20\x65\x6e\x74\x72\x69\x65\x73\x2e";
Loc::strings["\x70\x61\x79\x72\x6f\x6c\x6c\x2e\x64\x61\x74\x65"]="\x44\x61\x79\x20\x7b\x64\x61\x79\x7d\x2c\x20\x7b\x68\x6f\x75\x72\x7d\x20\x68";
Loc::strings["\x70\x61\x79\x72\x6f\x6c\x6c\x2e\x77\x61\x72\x6e\x69\x6e\x67"]="\x49\x6e\x73\x75\x66\x66\x69\x63\x69\x65\x6e\x74\x20\x66\x75\x6e\x64\x73\x20\xe2\x80\x94\x20\x54\x68\x65\x20\x6e\x65\x78\x74\x20\x70\x61\x79\x72\x6f\x6c\x6c\x20\x69\x73\x20\x73\x68\x6f\x72\x74\x20\x62\x79\x20\x7b\x61\x6d\x6f\x75\x6e\x74\x7d\x20\x43\x61\x74\x73\x2e";
Loc::strings["\x70\x61\x79\x72\x6f\x6c\x6c\x2e\x73\x68\x65\x65\x74\x5f\x73\x75\x6d\x6d\x61\x72\x79"]="\x50\x65\x72\x69\x6f\x64\x3a\x20\x7b\x73\x74\x61\x72\x74\x7d\x20\x20\x2d\x20\x20\x7b\x65\x6e\x64\x7d\x0a\x4e\x65\x77\x20\x70\x61\x79\x72\x6f\x6c\x6c\x3a\x20\x7b\x6e\x65\x77\x7d\x0a\x54\x72\x65\x61\x73\x75\x72\x79\x3a\x20\x7b\x63\x61\x73\x68\x7d\x0a\x50\x72\x65\x76\x69\x6f\x75\x73\x20\x77\x61\x67\x65\x20\x64\x65\x62\x74\x73\x3a\x20\x7b\x6f\x6c\x64\x7d\x0a\x43\x6f\x6d\x70\x65\x6e\x73\x61\x74\x69\x6f\x6e\x20\x6f\x77\x65\x64\x3a\x20\x7b\x6c\x69\x6d\x62\x73\x7d\x0a\x54\x6f\x74\x61\x6c\x20\x72\x65\x6d\x61\x69\x6e\x69\x6e\x67\x20\x64\x75\x65\x3a\x20\x7b\x74\x6f\x74\x61\x6c\x7d";
Loc::strings["\x70\x61\x79\x72\x6f\x6c\x6c\x2e\x73\x65\x67\x6d\x65\x6e\x74"]="\x7b\x72\x61\x6e\x6b\x7d\x3a\x20\x7b\x72\x61\x74\x65\x7d\x20\x43\x61\x74\x73\x2f\x64\x61\x79\x20\xc3\x97\x20\x7b\x64\x61\x79\x73\x7d\x20\x64\x61\x79\x73\x20\x3d\x20\x7b\x61\x6d\x6f\x75\x6e\x74\x7d";
Loc::strings["\x70\x61\x79\x72\x6f\x6c\x6c\x2e\x66\x6f\x72\x65\x63\x61\x73\x74"]="\x54\x72\x65\x61\x73\x75\x72\x79\x3a\x20\x7b\x63\x61\x73\x68\x7d\x0a\x4e\x65\x78\x74\x20\x70\x61\x79\x72\x6f\x6c\x6c\x3a\x20\x7b\x64\x61\x74\x65\x7d\x0a\x45\x73\x74\x69\x6d\x61\x74\x65\x64\x20\x63\x79\x63\x6c\x65\x20\x63\x6f\x73\x74\x3a\x20\x7b\x65\x73\x74\x69\x6d\x61\x74\x65\x7d\x0a\x57\x61\x67\x65\x20\x64\x65\x62\x74\x3a\x20\x7b\x77\x61\x67\x65\x73\x7d\x0a\x43\x6f\x6d\x70\x65\x6e\x73\x61\x74\x69\x6f\x6e\x20\x6f\x77\x65\x64\x3a\x20\x7b\x6c\x69\x6d\x62\x73\x7d\x0a\x54\x6f\x74\x61\x6c\x20\x64\x65\x62\x74\x3a\x20\x7b\x64\x65\x62\x74\x7d\x0a\x45\x73\x74\x69\x6d\x61\x74\x65\x64\x20\x62\x61\x6c\x61\x6e\x63\x65\x20\x61\x66\x74\x65\x72\x20\x70\x61\x79\x72\x6f\x6c\x6c\x20\x61\x6e\x64\x20\x64\x65\x62\x74\x73\x20\x28\x6e\x65\x67\x61\x74\x69\x76\x65\x20\x3d\x20\x73\x68\x6f\x72\x74\x66\x61\x6c\x6c\x29\x3a\x20\x7b\x62\x61\x6c\x61\x6e\x63\x65\x7d";
Loc::strings["\x70\x61\x79\x72\x6f\x6c\x6c\x2e\x6d\x61\x73\x73"]="\x7b\x63\x6f\x75\x6e\x74\x7d\x20\xc3\x97\x20\x7b\x72\x61\x74\x65\x7d\x20\x43\x61\x74\x73\x2f\x64\x61\x79\x20\x3d\x20\x7b\x63\x6f\x73\x74\x7d\x2f\x64\x61\x79";
Loc::strings["\x70\x61\x79\x72\x6f\x6c\x6c\x2e\x6d\x61\x73\x73\x5f\x74\x6f\x74\x61\x6c"]="\x54\x4f\x54\x41\x4c\x2f\x44\x41\x59\x3a\x20\x7b\x64\x61\x79\x7d\x0a\x54\x4f\x54\x41\x4c\x2f\x37\x20\x44\x41\x59\x53\x20\x61\x74\x20\x63\x75\x72\x72\x65\x6e\x74\x20\x72\x61\x74\x65\x73\x3a\x20\x7b\x77\x65\x65\x6b\x7d";
Loc::strings["\x70\x61\x79\x72\x6f\x6c\x6c\x2e\x6d\x65\x6d\x62\x65\x72\x5f\x64\x65\x74\x61\x69\x6c"]="\x54\x72\x61\x63\x6b\x65\x64\x20\x73\x69\x6e\x63\x65\x3a\x20\x7b\x6a\x6f\x69\x6e\x65\x64\x7d\x20\xe2\x80\x94\x20\x45\x6e\x64\x3a\x20\x7b\x65\x6e\x64\x65\x64\x7d\x0a\x57\x61\x67\x65\x2f\x64\x61\x79\x3a\x20\x7b\x72\x61\x74\x65\x7d\x0a\x45\x73\x74\x69\x6d\x61\x74\x65\x64\x20\x63\x79\x63\x6c\x65\x20\x77\x61\x67\x65\x3a\x20\x7b\x70\x65\x72\x69\x6f\x64\x7d\x0a\x57\x61\x67\x65\x20\x64\x65\x62\x74\x3a\x20\x7b\x77\x61\x67\x65\x73\x7d\x0a\x43\x6f\x6d\x70\x65\x6e\x73\x61\x74\x69\x6f\x6e\x20\x6f\x77\x65\x64\x3a\x20\x7b\x6c\x69\x6d\x62\x73\x7d\x0a\x52\x65\x76\x65\x6e\x75\x65\x20\x67\x65\x6e\x65\x72\x61\x74\x65\x64\x3a\x20\x7b\x69\x6e\x63\x6f\x6d\x65\x7d\x0a\x57\x61\x67\x65\x73\x20\x70\x61\x69\x64\x3a\x20\x7b\x70\x61\x69\x64\x7d\x0a\x43\x6f\x6d\x70\x65\x6e\x73\x61\x74\x69\x6f\x6e\x20\x70\x61\x69\x64\x3a\x20\x7b\x63\x6f\x6d\x70\x65\x6e\x73\x61\x74\x69\x6f\x6e\x7d\x0a\x41\x63\x74\x75\x61\x6c\x20\x70\x61\x69\x64\x20\x63\x6f\x73\x74\x3a\x20\x7b\x63\x6f\x73\x74\x7d\x0a\x50\x72\x6f\x66\x69\x74\x20\x2f\x20\x6c\x6f\x73\x73\x3a\x20\x7b\x70\x72\x6f\x66\x69\x74\x7d\x0a\x43\x6f\x6d\x70\x6c\x65\x74\x65\x64\x20\x64\x65\x6c\x65\x67\x61\x74\x65\x64\x20\x63\x6f\x6e\x74\x72\x61\x63\x74\x73\x3a\x20\x7b\x63\x6f\x6e\x74\x72\x61\x63\x74\x73\x7d";
Loc::strings["\x70\x61\x79\x72\x6f\x6c\x6c\x2e\x72\x65\x63\x65\x69\x70\x74"]="\x52\x65\x77\x61\x72\x64\x3a\x20\x7b\x67\x72\x6f\x73\x73\x7d\x20\x43\x61\x74\x73\x0a\x44\x65\x62\x74\x20\x72\x65\x70\x61\x79\x6d\x65\x6e\x74\x3a\x20\x2d\x7b\x70\x61\x69\x64\x7d\x20\x43\x61\x74\x73\x0a\x41\x6d\x6f\x75\x6e\x74\x20\x72\x65\x63\x65\x69\x76\x65\x64\x3a\x20\x7b\x6e\x65\x74\x7d\x20\x43\x61\x74\x73\x0a\x52\x65\x6d\x61\x69\x6e\x69\x6e\x67\x20\x64\x65\x62\x74\x3a\x20\x7b\x64\x65\x62\x74\x7d\x20\x43\x61\x74\x73";
Loc::strings["\x70\x61\x79\x72\x6f\x6c\x6c\x2e\x64\x65\x62\x74\x5f\x64\x65\x74\x61\x69\x6c"]="\x44\x61\x74\x65\x3a\x20\x7b\x64\x61\x74\x65\x7d\x0a\x4f\x72\x69\x67\x69\x6e\x61\x6c\x20\x61\x6d\x6f\x75\x6e\x74\x3a\x20\x7b\x69\x6e\x69\x74\x69\x61\x6c\x7d\x0a\x52\x65\x6d\x61\x69\x6e\x69\x6e\x67\x3a\x20\x7b\x72\x65\x6d\x61\x69\x6e\x69\x6e\x67\x7d";
Loc::strings["\x70\x61\x79\x72\x6f\x6c\x6c\x2e\x72\x65\x70\x61\x79\x6d\x65\x6e\x74\x5f\x6c\x69\x6e\x65"]="\x52\x65\x70\x61\x69\x64\x20\x6f\x6e\x20\x7b\x64\x61\x74\x65\x7d\x3a\x20\x7b\x61\x6d\x6f\x75\x6e\x74\x7d";
Loc::strings["\x70\x61\x79\x72\x6f\x6c\x6c\x2e\x73\x61\x6c\x61\x72\x79"]="\x57\x61\x67\x65\x20\x64\x65\x62\x74";
Loc::strings["\x70\x61\x79\x72\x6f\x6c\x6c\x2e\x66\x69\x6e\x61\x6c\x5f\x73\x61\x6c\x61\x72\x79"]="\x46\x69\x6e\x61\x6c\x20\x63\x61\x72\x65\x65\x72\x20\x77\x61\x67\x65\x20\x62\x61\x6c\x61\x6e\x63\x65";
Loc::strings["\x70\x61\x79\x72\x6f\x6c\x6c\x2e\x6c\x65\x66\x74\x5f\x61\x72\x6d"]="\x43\x6f\x6d\x70\x65\x6e\x73\x61\x74\x69\x6f\x6e\x20\xe2\x80\x94\x20\x6c\x65\x66\x74\x20\x61\x72\x6d";
Loc::strings["\x70\x61\x79\x72\x6f\x6c\x6c\x2e\x72\x69\x67\x68\x74\x5f\x61\x72\x6d"]="\x43\x6f\x6d\x70\x65\x6e\x73\x61\x74\x69\x6f\x6e\x20\xe2\x80\x94\x20\x72\x69\x67\x68\x74\x20\x61\x72\x6d";
Loc::strings["\x70\x61\x79\x72\x6f\x6c\x6c\x2e\x6c\x65\x66\x74\x5f\x6c\x65\x67"]="\x43\x6f\x6d\x70\x65\x6e\x73\x61\x74\x69\x6f\x6e\x20\xe2\x80\x94\x20\x6c\x65\x66\x74\x20\x6c\x65\x67";
Loc::strings["\x70\x61\x79\x72\x6f\x6c\x6c\x2e\x72\x69\x67\x68\x74\x5f\x6c\x65\x67"]="\x43\x6f\x6d\x70\x65\x6e\x73\x61\x74\x69\x6f\x6e\x20\xe2\x80\x94\x20\x72\x69\x67\x68\x74\x20\x6c\x65\x67";
Loc::strings["\x70\x61\x79\x72\x6f\x6c\x6c\x2e\x73\x61\x6c\x61\x72\x79\x5f\x70\x61\x79\x6d\x65\x6e\x74"]="\x50\x61\x79\x72\x6f\x6c\x6c\x20\x61\x6e\x64\x20\x64\x65\x62\x74\x20\x70\x61\x79\x6d\x65\x6e\x74";
Loc::strings["\x70\x61\x79\x72\x6f\x6c\x6c\x2e\x63\x6f\x6d\x70\x65\x6e\x73\x61\x74\x69\x6f\x6e\x5f\x70\x61\x79\x6d\x65\x6e\x74"]="\x43\x6f\x6d\x70\x65\x6e\x73\x61\x74\x69\x6f\x6e\x20\x70\x61\x79\x6d\x65\x6e\x74";
Loc::strings["\x70\x61\x79\x72\x6f\x6c\x6c\x2e\x63\x6f\x6e\x74\x72\x61\x63\x74\x5f\x72\x65\x70\x61\x79\x6d\x65\x6e\x74"]="\x44\x65\x62\x74\x20\x72\x65\x70\x61\x79\x6d\x65\x6e\x74\x20\x66\x72\x6f\x6d\x20\x61\x20\x63\x6f\x6e\x74\x72\x61\x63\x74";
Loc::strings["\x70\x61\x79\x72\x6f\x6c\x6c\x2e\x61\x63\x63\x6f\x75\x6e\x74\x69\x6e\x67\x5f\x6e\x6f\x74\x65"]="\x53\x6b\x65\x6c\x65\x74\x6f\x6e\x73\x20\x63\x6f\x73\x74\x20\x30\x20\x61\x6e\x64\x20\x61\x72\x65\x20\x65\x78\x63\x6c\x75\x64\x65\x64\x20\x66\x72\x6f\x6d\x20\x70\x61\x69\x64\x20\x68\x65\x61\x64\x63\x6f\x75\x6e\x74\x73\x2e\x20\x46\x6f\x72\x6d\x65\x72\x20\x6d\x65\x6d\x62\x65\x72\x73\xe2\x80\x99\x20\x64\x65\x62\x74\x73\x20\x72\x65\x6d\x61\x69\x6e\x20\x70\x61\x79\x61\x62\x6c\x65\x2e\x20\x4c\x69\x6d\x62\x20\x6c\x6f\x73\x73\x65\x73\x20\x62\x65\x66\x6f\x72\x65\x20\x74\x72\x61\x63\x6b\x69\x6e\x67\x20\x62\x65\x67\x61\x6e\x20\x61\x72\x65\x20\x6e\x6f\x74\x20\x63\x6f\x6d\x70\x65\x6e\x73\x61\x74\x65\x64\x2e\x20\x44\x65\x6c\x65\x67\x61\x74\x65\x64\x20\x72\x65\x76\x65\x6e\x75\x65\x20\x69\x73\x20\x73\x70\x6c\x69\x74\x20\x65\x71\x75\x61\x6c\x6c\x79\x20\x61\x6d\x6f\x6e\x67\x20\x70\x61\x72\x74\x69\x63\x69\x70\x61\x6e\x74\x73\x3b\x20\x70\x65\x72\x73\x6f\x6e\x61\x6c\x20\x72\x65\x76\x65\x6e\x75\x65\x20\x69\x73\x20\x6e\x6f\x74\x20\x61\x73\x73\x69\x67\x6e\x65\x64\x20\x77\x69\x74\x68\x6f\x75\x74\x20\x72\x65\x6c\x69\x61\x62\x6c\x65\x20\x70\x61\x72\x74\x69\x63\x69\x70\x61\x6e\x74\x20\x69\x64\x65\x6e\x74\x69\x74\x69\x65\x73\x2e";
Loc::strings["\x70\x61\x79\x72\x6f\x6c\x6c\x2e\x61\x6e\x69\x6d\x61\x6c"]="\x41\x6e\x69\x6d\x61\x6c\x20\xe2\x80\x94\x20\x6e\x6f\x20\x77\x61\x67\x65";
Loc::strings["\x70\x61\x79\x72\x6f\x6c\x6c\x2e\x73\x75\x73\x70\x65\x6e\x64\x65\x64\x5f\x62\x61\x6c\x61\x6e\x63\x65"]="\x57\x61\x67\x65\x73\x20\x65\x61\x72\x6e\x65\x64\x20\x62\x65\x66\x6f\x72\x65\x20\x73\x75\x73\x70\x65\x6e\x73\x69\x6f\x6e";
Loc::strings["\x70\x61\x79\x72\x6f\x6c\x6c\x2e\x75\x69\x2e\x68\x65\x61\x64\x65\x72"]="\x54\x48\x45\x20\x4d\x45\x52\x43\x45\x4e\x41\x52\x49\x45\x20\x20\x7c\x20\x20\x47\x55\x49\x4c\x44\x20\x4d\x41\x4e\x41\x47\x45\x4d\x45\x4e\x54";
Loc::strings["\x70\x61\x79\x72\x6f\x6c\x6c\x2e\x75\x69\x2e\x69\x6e\x66\x6f\x72\x6d\x61\x74\x69\x6f\x6e"]="\x49\x6e\x66\x6f\x72\x6d\x61\x74\x69\x6f\x6e";
Loc::strings["\x70\x61\x79\x72\x6f\x6c\x6c\x2e\x75\x69\x2e\x61\x6c\x6c"]="\x41\x6c\x6c";
Loc::strings["\x70\x61\x79\x72\x6f\x6c\x6c\x2e\x75\x69\x2e\x75\x6e\x6b\x6e\x6f\x77\x6e"]="\x55\x6e\x6b\x6e\x6f\x77\x6e";
Loc::strings["\x70\x61\x79\x72\x6f\x6c\x6c\x2e\x75\x69\x2e\x73\x65\x61\x72\x63\x68"]="\x53\x65\x61\x72\x63\x68\x20\x62\x79\x20\x6e\x61\x6d\x65\x20\x6f\x72\x20\x64\x65\x73\x63\x72\x69\x70\x74\x69\x6f\x6e";
Loc::strings["\x70\x61\x79\x72\x6f\x6c\x6c\x2e\x75\x69\x2e\x6e\x61\x6d\x65"]="\x4e\x61\x6d\x65";
Loc::strings["\x70\x61\x79\x72\x6f\x6c\x6c\x2e\x75\x69\x2e\x6e\x65\x77\x65\x73\x74"]="\x4e\x65\x77\x65\x73\x74\x20\x66\x69\x72\x73\x74";
Loc::strings["\x70\x61\x79\x72\x6f\x6c\x6c\x2e\x75\x69\x2e\x6f\x6c\x64\x65\x73\x74"]="\x4f\x6c\x64\x65\x73\x74\x20\x66\x69\x72\x73\x74";
Loc::strings["\x70\x61\x79\x72\x6f\x6c\x6c\x2e\x75\x69\x2e\x72\x61\x74\x65"]="\x44\x61\x69\x6c\x79\x20\x77\x61\x67\x65";
Loc::strings["\x70\x61\x79\x72\x6f\x6c\x6c\x2e\x75\x69\x2e\x74\x72\x65\x61\x73\x75\x72\x79"]="\x54\x72\x65\x61\x73\x75\x72\x79";
Loc::strings["\x70\x61\x79\x72\x6f\x6c\x6c\x2e\x75\x69\x2e\x6e\x65\x78\x74"]="\x4e\x65\x78\x74\x20\x70\x61\x79\x72\x6f\x6c\x6c";
Loc::strings["\x70\x61\x79\x72\x6f\x6c\x6c\x2e\x75\x69\x2e\x65\x73\x74\x69\x6d\x61\x74\x65"]="\x45\x73\x74\x69\x6d\x61\x74\x65\x64\x20\x63\x6f\x73\x74\x20\x28\x37\x20\x64\x61\x79\x73\x29";
Loc::strings["\x70\x61\x79\x72\x6f\x6c\x6c\x2e\x75\x69\x2e\x64\x65\x62\x74"]="\x54\x6f\x74\x61\x6c\x20\x64\x65\x62\x74";
Loc::strings["\x70\x61\x79\x72\x6f\x6c\x6c\x2e\x75\x69\x2e\x72\x61\x74\x65\x73"]="\x57\x41\x47\x45\x53\x20\x42\x59\x20\x52\x41\x4e\x4b";
Loc::strings["\x70\x61\x79\x72\x6f\x6c\x6c\x2e\x75\x69\x2e\x72\x61\x6e\x6b"]="\x52\x61\x6e\x6b";
Loc::strings["\x70\x61\x79\x72\x6f\x6c\x6c\x2e\x75\x69\x2e\x63\x6f\x75\x6e\x74"]="\x50\x61\x69\x64\x20\x6d\x65\x6d\x62\x65\x72\x73";
Loc::strings["\x70\x61\x79\x72\x6f\x6c\x6c\x2e\x75\x69\x2e\x64\x61\x69\x6c\x79"]="\x54\x6f\x74\x61\x6c\x20\x70\x65\x72\x20\x64\x61\x79";
Loc::strings["\x70\x61\x79\x72\x6f\x6c\x6c\x2e\x75\x69\x2e\x77\x65\x65\x6b\x6c\x79"]="\x54\x6f\x74\x61\x6c\x20\x70\x65\x72\x20\x37\x20\x64\x61\x79\x73";
Loc::strings["\x70\x61\x79\x72\x6f\x6c\x6c\x2e\x75\x69\x2e\x68\x65\x61\x64\x63\x6f\x75\x6e\x74"]="\x4d\x65\x6d\x62\x65\x72\x73";
Loc::strings["\x70\x61\x79\x72\x6f\x6c\x6c\x2e\x75\x69\x2e\x63\x6f\x6e\x74\x72\x61\x63\x74\x73"]="\x43\x6f\x6d\x70\x6c\x65\x74\x65\x64\x20\x63\x6f\x6e\x74\x72\x61\x63\x74\x73";
Loc::strings["\x70\x61\x79\x72\x6f\x6c\x6c\x2e\x75\x69\x2e\x69\x6e\x63\x6f\x6d\x65"]="\x49\x6e\x63\x6f\x6d\x65";
Loc::strings["\x70\x61\x79\x72\x6f\x6c\x6c\x2e\x75\x69\x2e\x63\x6f\x73\x74"]="\x43\x6f\x73\x74\x73";
Loc::strings["\x70\x61\x79\x72\x6f\x6c\x6c\x2e\x75\x69\x2e\x73\x74\x61\x74\x75\x73"]="\x53\x74\x61\x74\x75\x73";
Loc::strings["\x70\x61\x79\x72\x6f\x6c\x6c\x2e\x75\x69\x2e\x64\x61\x74\x65"]="\x44\x61\x74\x65";
Loc::strings["\x70\x61\x79\x72\x6f\x6c\x6c\x2e\x75\x69\x2e\x73\x65\x72\x76\x69\x63\x65"]="\x53\x65\x72\x76\x69\x63\x65";
Loc::strings["\x70\x61\x79\x72\x6f\x6c\x6c\x2e\x75\x69\x2e\x63\x61\x75\x73\x65"]="\x52\x65\x61\x73\x6f\x6e";
Loc::strings["\x70\x61\x79\x72\x6f\x6c\x6c\x2e\x75\x69\x2e\x63\x6f\x6d\x70\x65\x6e\x73\x61\x74\x69\x6f\x6e"]="\x43\x6f\x6d\x70\x65\x6e\x73\x61\x74\x69\x6f\x6e\x20\x70\x61\x69\x64";
Loc::strings["\x70\x61\x79\x72\x6f\x6c\x6c\x2e\x75\x69\x2e\x64\x65\x74\x61\x69\x6c\x73"]="\x44\x65\x74\x61\x69\x6c\x73";
Loc::strings["\x70\x61\x79\x72\x6f\x6c\x6c\x2e\x75\x69\x2e\x64\x61\x79\x73"]="\x64\x61\x79\x73";
Loc::strings["\x70\x61\x79\x72\x6f\x6c\x6c\x2e\x75\x69\x2e\x73\x74\x61\x74\x69\x73\x74\x69\x63\x73"]="\x53\x74\x61\x74\x69\x73\x74\x69\x63\x73";
Loc::strings["\x70\x61\x79\x72\x6f\x6c\x6c\x2e\x75\x69\x2e\x74\x72\x61\x6e\x73\x61\x63\x74\x69\x6f\x6e\x73"]="\x54\x72\x61\x6e\x73\x61\x63\x74\x69\x6f\x6e\x73";
Loc::strings["\x70\x61\x79\x72\x6f\x6c\x6c\x2e\x75\x69\x2e\x74\x79\x70\x65"]="\x54\x79\x70\x65";
Loc::strings["\x70\x61\x79\x72\x6f\x6c\x6c\x2e\x75\x69\x2e\x64\x65\x73\x63\x72\x69\x70\x74\x69\x6f\x6e"]="\x44\x65\x73\x63\x72\x69\x70\x74\x69\x6f\x6e";
Loc::strings["\x70\x61\x79\x72\x6f\x6c\x6c\x2e\x75\x69\x2e\x61\x6d\x6f\x75\x6e\x74"]="\x41\x6d\x6f\x75\x6e\x74";
Loc::strings["\x70\x61\x79\x72\x6f\x6c\x6c\x2e\x75\x69\x2e\x62\x61\x6c\x61\x6e\x63\x65"]="\x42\x61\x6c\x61\x6e\x63\x65";
Loc::strings["\x70\x61\x79\x72\x6f\x6c\x6c\x2e\x75\x69\x2e\x65\x78\x70\x65\x6e\x73\x65\x73"]="\x45\x78\x70\x65\x6e\x73\x65\x73";
Loc::strings["\x70\x61\x79\x72\x6f\x6c\x6c\x2e\x75\x69\x2e\x70\x65\x72\x69\x6f\x64\x5f\x62\x61\x6c\x61\x6e\x63\x65"]="\x42\x61\x6c\x61\x6e\x63\x65\x20\x6f\x66\x20\x64\x69\x73\x70\x6c\x61\x79\x65\x64\x20\x65\x6e\x74\x72\x69\x65\x73";
Loc::strings["\x70\x61\x79\x72\x6f\x6c\x6c\x2e\x75\x69\x2e\x65\x6d\x70\x74\x79\x5f\x6d\x65\x6d\x62\x65\x72\x73"]="\x4e\x4f\x20\x4d\x45\x52\x43\x45\x4e\x41\x52\x49\x45\x53";
Loc::strings["\x70\x61\x79\x72\x6f\x6c\x6c\x2e\x75\x69\x2e\x65\x6d\x70\x74\x79\x5f\x66\x6f\x72\x6d\x65\x72"]="\x4e\x4f\x20\x46\x4f\x52\x4d\x45\x52\x20\x4d\x45\x52\x43\x45\x4e\x41\x52\x49\x45\x53";
Loc::strings["\x70\x61\x79\x72\x6f\x6c\x6c\x2e\x75\x69\x2e\x65\x6d\x70\x74\x79\x5f\x68\x69\x73\x74\x6f\x72\x79"]="\x4e\x4f\x20\x54\x52\x41\x4e\x53\x41\x43\x54\x49\x4f\x4e\x53";
Loc::strings["\x70\x61\x79\x72\x6f\x6c\x6c\x2e\x75\x69\x2e\x65\x6d\x70\x74\x79\x5f\x68\x69\x6e\x74"]="\x4e\x6f\x20\x72\x65\x73\x75\x6c\x74\x73\x20\x66\x6f\x72\x20\x74\x68\x65\x20\x63\x75\x72\x72\x65\x6e\x74\x20\x66\x69\x6c\x74\x65\x72\x73\x2e";
Loc::strings["\x70\x61\x79\x72\x6f\x6c\x6c\x2e\x75\x69\x2e\x72\x61\x74\x65\x73\x5f\x69\x6e\x66\x6f"]="\x50\x61\x79\x72\x6f\x6c\x6c\x20\x65\x76\x65\x72\x79\x20\x37\x20\x64\x61\x79\x73\x20\x28\x31\x36\x38\x20\x4b\x65\x6e\x73\x68\x69\x20\x68\x6f\x75\x72\x73\x29\x2e\x0a\x0a\x52\x61\x74\x65\x73\x20\x61\x70\x70\x6c\x79\x20\x74\x6f\x20\x6d\x65\x6d\x62\x65\x72\x73\x20\x6f\x66\x20\x65\x61\x63\x68\x20\x72\x61\x6e\x6b\x2e\x0a\x0a\x44\x65\x62\x74\x20\x72\x65\x70\x61\x79\x6d\x65\x6e\x74\x73\x20\x75\x73\x65\x20\x61\x74\x20\x6d\x6f\x73\x74\x20\x68\x61\x6c\x66\x20\x6f\x66\x20\x72\x65\x77\x61\x72\x64\x73\x2e\x0a\x0a\x53\x6b\x65\x6c\x65\x74\x6f\x6e\x73\x20\x63\x6f\x73\x74\x20\x30\x20\x43\x61\x74\x73\x2e";
Loc::strings["\x70\x61\x79\x72\x6f\x6c\x6c\x2e\x75\x69\x2e\x66\x6f\x72\x6d\x65\x72\x5f\x69\x6e\x66\x6f"]="\x46\x6f\x72\x6d\x65\x72\x20\x6d\x65\x6d\x62\x65\x72\x73\x20\x72\x65\x6d\x61\x69\x6e\x20\x69\x6e\x20\x74\x68\x65\x20\x68\x69\x73\x74\x6f\x72\x79\x2e\x20\x44\x65\x70\x61\x72\x74\x75\x72\x65\x20\x73\x74\x61\x74\x75\x73\x20\x61\x6e\x64\x20\x63\x61\x75\x73\x65\x20\x61\x72\x65\x20\x6e\x6f\x74\x20\x72\x65\x63\x6f\x72\x64\x65\x64\x20\x61\x6e\x64\x20\x72\x65\x6d\x61\x69\x6e\x20\x75\x6e\x6b\x6e\x6f\x77\x6e\x2e\x20\x4f\x75\x74\x73\x74\x61\x6e\x64\x69\x6e\x67\x20\x64\x65\x62\x74\x73\x20\x72\x65\x6d\x61\x69\x6e\x20\x70\x61\x79\x61\x62\x6c\x65\x2e\x20\x43\x6f\x6d\x70\x65\x6e\x73\x61\x74\x69\x6f\x6e\x20\x66\x6f\x72\x20\x61\x20\x6c\x6f\x73\x74\x20\x6c\x69\x6d\x62\x20\x69\x73\x20\x31\x2c\x30\x30\x30\x20\x43\x61\x74\x73\x2e";
Loc::strings["\x70\x61\x79\x72\x6f\x6c\x6c\x2e\x75\x69\x2e\x68\x69\x73\x74\x6f\x72\x79\x5f\x69\x6e\x66\x6f"]="\x54\x68\x65\x20\x67\x75\x69\x6c\x64\xe2\x80\x99\x73\x20\x72\x65\x63\x6f\x72\x64\x65\x64\x20\x66\x69\x6e\x61\x6e\x63\x69\x61\x6c\x20\x6a\x6f\x75\x72\x6e\x61\x6c\x2e\x20\x54\x6f\x74\x61\x6c\x73\x20\x63\x6f\x76\x65\x72\x20\x61\x6c\x6c\x20\x66\x69\x6c\x74\x65\x72\x65\x64\x20\x72\x6f\x77\x73\x2c\x20\x69\x6e\x63\x6c\x75\x64\x69\x6e\x67\x20\x6f\x74\x68\x65\x72\x20\x70\x61\x67\x65\x73\x2e\x20\x41\x67\x67\x72\x65\x67\x61\x74\x65\x64\x20\x61\x72\x63\x68\x69\x76\x65\x73\x20\x61\x72\x65\x20\x6c\x61\x62\x65\x6c\x6c\x65\x64\x3b\x20\x6d\x69\x73\x73\x69\x6e\x67\x20\x62\x61\x6c\x61\x6e\x63\x65\x73\x20\x72\x65\x6d\x61\x69\x6e\x20\x75\x6e\x6b\x6e\x6f\x77\x6e\x2e\x20\x49\x6e\x64\x69\x76\x69\x64\x75\x61\x6c\x20\x64\x65\x62\x74\x73\x20\x61\x6e\x64\x20\x63\x6f\x6d\x70\x65\x6e\x73\x61\x74\x69\x6f\x6e\x20\x61\x72\x65\x20\x61\x76\x61\x69\x6c\x61\x62\x6c\x65\x20\x69\x6e\x20\x6d\x65\x6d\x62\x65\x72\x20\x64\x65\x74\x61\x69\x6c\x73\x2e";
Loc::strings["\x70\x61\x79\x72\x6f\x6c\x6c\x2e\x75\x69\x2e\x64\x65\x63\x65\x61\x73\x65\x64"]="\x44\x65\x63\x65\x61\x73\x65\x64";
Loc::strings["\x70\x61\x79\x72\x6f\x6c\x6c\x2e\x75\x69\x2e\x64\x65\x70\x61\x72\x74\x65\x64"]="\x44\x65\x70\x61\x72\x74\x65\x64";
Loc::strings["\x70\x61\x79\x72\x6f\x6c\x6c\x2e\x73\x68\x65\x65\x74\x2e\x67\x65\x6e\x65\x72\x61\x6c"]="\x47\x65\x6e\x65\x72\x61\x6c\x20\x69\x6e\x66\x6f\x72\x6d\x61\x74\x69\x6f\x6e";
Loc::strings["\x70\x61\x79\x72\x6f\x6c\x6c\x2e\x73\x68\x65\x65\x74\x2e\x70\x65\x72\x69\x6f\x64"]="\x50\x65\x72\x69\x6f\x64";
Loc::strings["\x70\x61\x79\x72\x6f\x6c\x6c\x2e\x73\x68\x65\x65\x74\x2e\x6e\x65\x77"]="\x4e\x65\x77\x20\x70\x61\x79\x72\x6f\x6c\x6c";
Loc::strings["\x70\x61\x79\x72\x6f\x6c\x6c\x2e\x73\x68\x65\x65\x74\x2e\x63\x61\x73\x68"]="\x43\x75\x72\x72\x65\x6e\x74\x20\x66\x75\x6e\x64\x73";
Loc::strings["\x70\x61\x79\x72\x6f\x6c\x6c\x2e\x73\x68\x65\x65\x74\x2e\x6f\x6c\x64"]="\x50\x72\x65\x76\x69\x6f\x75\x73\x20\x77\x61\x67\x65\x20\x64\x65\x62\x74\x73";
Loc::strings["\x70\x61\x79\x72\x6f\x6c\x6c\x2e\x73\x68\x65\x65\x74\x2e\x6c\x69\x6d\x62\x73"]="\x43\x6f\x6d\x70\x65\x6e\x73\x61\x74\x69\x6f\x6e\x20\x64\x75\x65";
Loc::strings["\x70\x61\x79\x72\x6f\x6c\x6c\x2e\x73\x68\x65\x65\x74\x2e\x64\x75\x65"]="\x54\x6f\x74\x61\x6c\x20\x72\x65\x6d\x61\x69\x6e\x69\x6e\x67\x20\x64\x75\x65";
Loc::strings["\x70\x61\x79\x72\x6f\x6c\x6c\x2e\x73\x68\x65\x65\x74\x2e\x70\x65\x72\x69\x6f\x64\x5f\x76\x61\x6c\x75\x65"]="\x7b\x73\x74\x61\x72\x74\x7d\x20\x74\x6f\x20\x7b\x65\x6e\x64\x7d";
Loc::strings["\x70\x61\x79\x72\x6f\x6c\x6c\x2e\x73\x68\x65\x65\x74\x2e\x6d\x6f\x74\x74\x6f"]="\x43\x6f\x6e\x74\x72\x61\x63\x74\x73\x2c\x0a\x61\x20\x67\x75\x69\x6c\x64\x2c\x0a\x61\x20\x73\x61\x66\x65\x72\x20\x77\x6f\x72\x6c\x64\x2e";
Loc::strings["\x70\x61\x79\x72\x6f\x6c\x6c\x2e\x73\x68\x65\x65\x74\x2e\x62\x79\x5f\x72\x61\x6e\x6b"]="\x42\x72\x65\x61\x6b\x64\x6f\x77\x6e\x20\x62\x79\x20\x72\x61\x6e\x6b";
Loc::strings["\x70\x61\x79\x72\x6f\x6c\x6c\x2e\x73\x68\x65\x65\x74\x2e\x72\x61\x6e\x6b"]="\x52\x61\x6e\x6b";
Loc::strings["\x70\x61\x79\x72\x6f\x6c\x6c\x2e\x73\x68\x65\x65\x74\x2e\x63\x6f\x75\x6e\x74"]="\x4d\x65\x72\x63\x65\x6e\x61\x72\x79\x20\x63\x6f\x75\x6e\x74";
Loc::strings["\x70\x61\x79\x72\x6f\x6c\x6c\x2e\x73\x68\x65\x65\x74\x2e\x64\x61\x69\x6c\x79"]="\x44\x61\x69\x6c\x79\x20\x72\x61\x74\x65";
Loc::strings["\x70\x61\x79\x72\x6f\x6c\x6c\x2e\x73\x68\x65\x65\x74\x2e\x70\x65\x72\x69\x6f\x64\x5f\x74\x6f\x74\x61\x6c"]="\x50\x65\x72\x69\x6f\x64\x20\x74\x6f\x74\x61\x6c";
Loc::strings["\x70\x61\x79\x72\x6f\x6c\x6c\x2e\x73\x68\x65\x65\x74\x2e\x76\x61\x72\x69\x61\x62\x6c\x65"]="\x56\x61\x72\x69\x61\x62\x6c\x65";
Loc::strings["\x70\x61\x79\x72\x6f\x6c\x6c\x2e\x73\x68\x65\x65\x74\x2e\x67\x72\x61\x6e\x64\x5f\x74\x6f\x74\x61\x6c"]="\x47\x52\x41\x4e\x44\x20\x54\x4f\x54\x41\x4c";
Loc::strings["\x70\x61\x79\x72\x6f\x6c\x6c\x2e\x73\x68\x65\x65\x74\x2e\x67\x72\x6f\x75\x70\x5f\x6e\x6f\x74\x65"]="\x52\x61\x6e\x6b\x20\x61\x74\x20\x62\x69\x6c\x6c\x69\x6e\x67\x2e\x20\x41\x6d\x6f\x75\x6e\x74\x73\x20\x69\x6e\x63\x6c\x75\x64\x65\x20\x61\x6c\x6c\x20\x72\x61\x6e\x6b\x20\x61\x6e\x64\x20\x72\x61\x74\x65\x20\x63\x68\x61\x6e\x67\x65\x73\x20\x64\x75\x72\x69\x6e\x67\x20\x74\x68\x65\x20\x70\x65\x72\x69\x6f\x64\x2e";
Loc::strings["\x70\x61\x79\x72\x6f\x6c\x6c\x2e\x73\x68\x65\x65\x74\x2e\x64\x65\x74\x61\x69\x6c\x73"]="\x53\x68\x6f\x77\x20\x64\x65\x74\x61\x69\x6c\x73";
Loc::strings["\x70\x61\x79\x72\x6f\x6c\x6c\x2e\x73\x68\x65\x65\x74\x2e\x68\x69\x64\x65\x5f\x64\x65\x74\x61\x69\x6c\x73"]="\x48\x69\x64\x65\x20\x64\x65\x74\x61\x69\x6c\x73";
Loc::strings["\x70\x61\x79\x72\x6f\x6c\x6c\x2e\x73\x68\x65\x65\x74\x2e\x64\x75\x72\x61\x74\x69\x6f\x6e"]="\x7b\x64\x61\x79\x73\x7d\x20\x64\x20\x7b\x68\x6f\x75\x72\x73\x7d\x20\x68\x20\x7b\x6d\x69\x6e\x75\x74\x65\x73\x7d\x20\x6d\x69\x6e";
Loc::strings["\x70\x61\x79\x72\x6f\x6c\x6c\x2e\x73\x68\x65\x65\x74\x2e\x6c\x65\x73\x73\x5f\x6d\x69\x6e\x75\x74\x65"]="\x4c\x65\x73\x73\x20\x74\x68\x61\x6e\x20\x31\x20\x6d\x69\x6e";
Loc::strings["\x70\x61\x79\x72\x6f\x6c\x6c\x2e\x73\x68\x65\x65\x74\x2e\x73\x65\x67\x6d\x65\x6e\x74"]="\x7b\x72\x61\x6e\x6b\x7d\x20\xc2\xb7\x20\x7b\x72\x61\x74\x65\x7d\x2f\x64\x61\x79\x20\xc2\xb7\x20\x7b\x64\x75\x72\x61\x74\x69\x6f\x6e\x7d\x20\x3d\x20\x7b\x61\x6d\x6f\x75\x6e\x74\x7d";
Loc::strings["\x66\x69\x6e\x61\x6e\x63\x65\x2e\x72\x65\x6e\x74\x73"]="\x52\x65\x6e\x74";
Loc::strings["\x69\x6d\x70\x6f\x72\x74\x2e\x70\x61\x79\x72\x6f\x6c\x6c\x2e\x68\x65\x6c\x70"]="\x50\x61\x79\x72\x6f\x6c\x6c\x20\x72\x65\x73\x75\x6d\x65\x73\x20\x61\x75\x74\x6f\x6d\x61\x74\x69\x63\x61\x6c\x6c\x79\x20\x77\x68\x65\x6e\x20\x65\x61\x63\x68\x20\x6d\x65\x6d\x62\x65\x72\x20\x62\x65\x6c\x6f\x77\x20\x6d\x61\x74\x63\x68\x65\x73\x20\x65\x78\x61\x63\x74\x6c\x79\x20\x6f\x6e\x65\x20\x63\x75\x72\x72\x65\x6e\x74\x20\x63\x68\x61\x72\x61\x63\x74\x65\x72\x20\x6f\x66\x20\x74\x68\x65\x20\x73\x61\x6d\x65\x20\x6e\x61\x6d\x65\x20\x61\x6e\x64\x20\x74\x79\x70\x65\x2e\x20\x44\x65\x62\x74\x73\x20\x61\x6e\x64\x20\x68\x69\x73\x74\x6f\x72\x79\x20\x61\x72\x65\x20\x72\x65\x74\x61\x69\x6e\x65\x64\x3b\x20\x72\x65\x63\x6f\x76\x65\x72\x79\x20\x63\x68\x61\x72\x67\x65\x73\x20\x6e\x6f\x74\x68\x69\x6e\x67\x20\x61\x6e\x64\x20\x61\x64\x64\x73\x20\x6e\x6f\x20\x77\x61\x67\x65\x73\x20\x66\x6f\x72\x20\x74\x68\x65\x20\x73\x75\x73\x70\x65\x6e\x64\x65\x64\x20\x70\x65\x72\x69\x6f\x64\x2e";
Loc::strings["\x69\x6d\x70\x6f\x72\x74\x2e\x70\x61\x79\x72\x6f\x6c\x6c\x2e\x61\x6d\x62\x69\x67\x75\x6f\x75\x73"]="\x43\x61\x6e\x6e\x6f\x74\x20\x72\x65\x73\x75\x6d\x65\x3a\x20\x61\x20\x6d\x65\x6d\x62\x65\x72\x20\x69\x73\x20\x6d\x69\x73\x73\x69\x6e\x67\x2c\x20\x6e\x61\x6d\x65\x73\x20\x61\x72\x65\x20\x64\x75\x70\x6c\x69\x63\x61\x74\x65\x64\x2c\x20\x6f\x72\x20\x69\x64\x65\x6e\x74\x69\x74\x69\x65\x73\x20\x63\x6f\x6e\x66\x6c\x69\x63\x74\x2e\x20\x47\x61\x74\x68\x65\x72\x20\x74\x68\x65\x20\x61\x66\x66\x65\x63\x74\x65\x64\x20\x6d\x65\x6d\x62\x65\x72\x73\x20\x61\x6e\x64\x20\x67\x69\x76\x65\x20\x74\x68\x65\x6d\x20\x64\x69\x73\x74\x69\x6e\x63\x74\x20\x6e\x61\x6d\x65\x73\x20\x6d\x61\x74\x63\x68\x69\x6e\x67\x20\x74\x68\x65\x20\x73\x61\x76\x65\x64\x20\x6e\x61\x6d\x65\x73\x2e";
Loc::strings["\x69\x6d\x70\x6f\x72\x74\x2e\x70\x61\x79\x72\x6f\x6c\x6c\x2e\x72\x65\x76\x69\x65\x77"]="\x52\x65\x76\x69\x65\x77\x20\x70\x61\x79\x72\x6f\x6c\x6c\x20\x72\x65\x73\x75\x6d\x70\x74\x69\x6f\x6e";
Loc::strings["\x69\x6d\x70\x6f\x72\x74\x2e\x63\x6f\x6e\x66\x69\x72\x6d"]="\x43\x6f\x6e\x66\x69\x72\x6d\x20\x72\x65\x73\x75\x6d\x70\x74\x69\x6f\x6e";
Loc::strings["\x69\x6d\x70\x6f\x72\x74\x2e\x61\x72\x74\x69\x73\x61\x6e\x2e\x68\x65\x6c\x70"]="\x43\x68\x6f\x6f\x73\x65\x20\x61\x20\x66\x6f\x72\x6d\x65\x72\x20\x77\x6f\x72\x6b\x73\x68\x6f\x70\x20\x74\x6f\x20\x74\x72\x61\x6e\x73\x66\x65\x72\x20\x74\x6f\x20\x74\x68\x69\x73\x20\x61\x72\x74\x69\x73\x61\x6e\x2e\x20\x4f\x72\x64\x65\x72\x73\x20\x73\x74\x61\x79\x20\x70\x61\x69\x64\x20\x77\x69\x74\x68\x20\x74\x68\x65\x69\x72\x20\x72\x65\x6d\x61\x69\x6e\x69\x6e\x67\x20\x71\x75\x61\x6e\x74\x69\x74\x69\x65\x73\x3b\x20\x6e\x6f\x20\x6e\x65\x77\x20\x63\x68\x61\x72\x67\x65\x2e\x20\x54\x68\x65\x20\x61\x72\x74\x69\x73\x61\x6e\x20\x6d\x75\x73\x74\x20\x68\x61\x76\x65\x20\x74\x68\x65\x20\x72\x69\x67\x68\x74\x20\x74\x72\x61\x64\x65\x20\x61\x6e\x64\x20\x6e\x6f\x20\x6f\x74\x68\x65\x72\x20\x62\x61\x73\x6b\x65\x74\x20\x6f\x72\x20\x6f\x72\x64\x65\x72\x20\x68\x69\x73\x74\x6f\x72\x79\x2e\x20\x46\x6f\x72\x20\x6f\x6c\x64\x65\x72\x20\x73\x61\x76\x65\x73\x20\x77\x69\x74\x68\x6f\x75\x74\x20\x61\x20\x73\x75\x73\x70\x65\x6e\x73\x69\x6f\x6e\x20\x74\x69\x6d\x65\x73\x74\x61\x6d\x70\x2c\x20\x75\x6e\x66\x69\x6e\x69\x73\x68\x65\x64\x20\x77\x6f\x72\x6b\x20\x72\x65\x73\x74\x61\x72\x74\x73\x20\x69\x74\x73\x20\x70\x72\x6f\x64\x75\x63\x74\x69\x6f\x6e\x20\x64\x75\x72\x61\x74\x69\x6f\x6e\x2e";
Loc::strings["\x69\x6d\x70\x6f\x72\x74\x2e\x61\x72\x74\x69\x73\x61\x6e\x2e\x6f\x70\x65\x6e"]="\x49\x6d\x70\x6f\x72\x74\x65\x64\x20\x6f\x72\x64\x65\x72\x73";
Loc::strings["\x69\x6d\x70\x6f\x72\x74\x2e\x61\x72\x74\x69\x73\x61\x6e\x2e\x74\x72\x61\x6e\x73\x66\x65\x72"]="\x54\x72\x61\x6e\x73\x66\x65\x72\x20\x74\x6f\x20\x74\x68\x69\x73\x20\x61\x72\x74\x69\x73\x61\x6e";
Loc::strings["\x69\x6d\x70\x6f\x72\x74\x2e\x61\x72\x74\x69\x73\x61\x6e\x2e\x63\x6f\x6e\x66\x69\x72\x6d"]="\x43\x6f\x6e\x66\x69\x72\x6d\x20\x74\x72\x61\x6e\x73\x66\x65\x72\x20\x6f\x66\x20\x74\x68\x69\x73\x20\x77\x6f\x72\x6b\x73\x68\x6f\x70\x2c\x20\x69\x74\x73\x20\x62\x61\x73\x6b\x65\x74\x20\x61\x6e\x64\x20\x68\x69\x73\x74\x6f\x72\x79\x20\x74\x6f\x3a";
Loc::strings["\x69\x6d\x70\x6f\x72\x74\x2e\x61\x72\x74\x69\x73\x61\x6e\x2e\x64\x6f\x6e\x65"]="\x4f\x72\x64\x65\x72\x73\x20\x72\x65\x73\x75\x6d\x65\x64\x20\x77\x69\x74\x68\x6f\x75\x74\x20\x61\x6e\x6f\x74\x68\x65\x72\x20\x70\x61\x79\x6d\x65\x6e\x74\x2e\x20\x50\x72\x65\x76\x69\x6f\x75\x73\x6c\x79\x20\x63\x6f\x6c\x6c\x65\x63\x74\x65\x64\x20\x69\x74\x65\x6d\x73\x20\x61\x72\x65\x20\x6e\x6f\x74\x20\x64\x65\x6c\x69\x76\x65\x72\x65\x64\x20\x61\x67\x61\x69\x6e\x2e";
Loc::strings["\x69\x6d\x70\x6f\x72\x74\x2e\x61\x72\x74\x69\x73\x61\x6e\x2e\x75\x6e\x61\x76\x61\x69\x6c\x61\x62\x6c\x65"]="\x43\x61\x6e\x6e\x6f\x74\x20\x74\x72\x61\x6e\x73\x66\x65\x72\x3a\x20\x74\x68\x69\x73\x20\x61\x72\x74\x69\x73\x61\x6e\x20\x6d\x75\x73\x74\x20\x68\x61\x76\x65\x20\x74\x68\x65\x20\x72\x69\x67\x68\x74\x20\x74\x72\x61\x64\x65\x20\x61\x6e\x64\x20\x6e\x6f\x20\x6f\x74\x68\x65\x72\x20\x62\x61\x73\x6b\x65\x74\x20\x6f\x72\x20\x6f\x72\x64\x65\x72\x20\x68\x69\x73\x74\x6f\x72\x79\x2e\x20\x43\x68\x6f\x6f\x73\x65\x20\x61\x6e\x6f\x74\x68\x65\x72\x20\x61\x72\x74\x69\x73\x61\x6e\x2e";
break;
case 2:
Loc::strings["\x75\x69\x2e\x63\x61\x74\x73"]="\x20\x6b\x61\x74\x2e";
Loc::strings["\x66\x69\x6e\x61\x6e\x63\x65\x2e\x74\x69\x74\x6c\x65"]="\x46\x49\x4e\x41\x4e\x53\x45";
Loc::strings["\x66\x69\x6e\x61\x6e\x63\x65\x2e\x73\x75\x62\x74\x69\x74\x6c\x65"]="\xc5\x9a\x6c\x65\x64\xc5\xba\x20\x6b\x61\x74\x79\x20\x69\x20\x70\x6c\x61\x6e\x75\x6a\x20\x70\x72\x7a\x79\x73\x7a\xc5\x82\x6f\xc5\x9b\xc4\x87\x20\x73\x77\x6f\x6a\x65\x6a\x20\x47\x69\x6c\x64\x69\x69\x2e";
Loc::strings["\x66\x69\x6e\x61\x6e\x63\x65\x2e\x70\x65\x72\x69\x6f\x64\x37"]="\x4f\x6b\x72\x65\x73\x3a\x20\x37\x20\x64\x6e\x69";
Loc::strings["\x66\x69\x6e\x61\x6e\x63\x65\x2e\x70\x65\x72\x69\x6f\x64\x33\x30"]="\x4f\x6b\x72\x65\x73\x3a\x20\x33\x30\x20\x64\x6e\x69";
Loc::strings["\x66\x69\x6e\x61\x6e\x63\x65\x2e\x70\x65\x72\x69\x6f\x64\x39\x30"]="\x4f\x6b\x72\x65\x73\x3a\x20\x39\x30\x20\x64\x6e\x69";
Loc::strings["\x66\x69\x6e\x61\x6e\x63\x65\x2e\x66\x75\x6e\x64\x73"]="\x4f\x42\x45\x43\x4e\x45\x20\xc5\x9a\x52\x4f\x44\x4b\x49";
Loc::strings["\x66\x69\x6e\x61\x6e\x63\x65\x2e\x69\x6e\x63\x6f\x6d\x65"]="\x50\x52\x5a\x59\x43\x48\x4f\x44\x59";
Loc::strings["\x66\x69\x6e\x61\x6e\x63\x65\x2e\x65\x78\x70\x65\x6e\x73\x65\x73"]="\x57\x59\x44\x41\x54\x4b\x49";
Loc::strings["\x66\x69\x6e\x61\x6e\x63\x65\x2e\x6e\x65\x74"]="\x50\x52\x5a\x45\x50\xc5\x81\x59\x57\x20\x4e\x45\x54\x54\x4f";
Loc::strings["\x66\x69\x6e\x61\x6e\x63\x65\x2e\x66\x6f\x72\x65\x63\x61\x73\x74"]="\x50\x52\x4f\x47\x4e\x4f\x5a\x41\x20\x4e\x41\x20\x37\x20\x44\x4e\x49";
Loc::strings["\x66\x69\x6e\x61\x6e\x63\x65\x2e\x63\x68\x61\x72\x74"]="\x50\x52\x5a\x45\x50\xc5\x81\x59\x57\x20\xc5\x9a\x52\x4f\x44\x4b\xc3\x93\x57\x20\x57\x20\x43\x5a\x41\x53\x49\x45";
Loc::strings["\x66\x69\x6e\x61\x6e\x63\x65\x2e\x6c\x65\x67\x65\x6e\x64"]="\x50\x72\x7a\x79\x63\x68\x6f\x64\x79\x20\x2f\x20\x57\x79\x64\x61\x74\x6b\x69\x20\x2f\x20\x53\x75\x6d\x61\x20\x6e\x65\x74\x74\x6f";
Loc::strings["\x66\x69\x6e\x61\x6e\x63\x65\x2e\x63\x68\x61\x72\x74\x5f\x61\x78\x69\x73"]="\x50\x6f\x63\x7a\xc4\x85\x74\x65\x6b\x20\x6f\x6b\x72\x65\x73\x75\x20\x20\x20\x20\x20\x20\x20\x20\x20\x20\x20\x20\x20\x20\x20\x20\x20\x20\x20\x20\x20\x20\x20\x20\x20\x20\x20\x20\x20\x20\x20\x20\x20\x20\x20\x20\x20\x20\x44\x7a\x69\xc5\x9b";
Loc::strings["\x66\x69\x6e\x61\x6e\x63\x65\x2e\x65\x6d\x70\x74\x79"]="\x42\x72\x61\x6b\x20\x64\x61\x6e\x79\x63\x68\x20\x66\x69\x6e\x61\x6e\x73\x6f\x77\x79\x63\x68";
Loc::strings["\x66\x69\x6e\x61\x6e\x63\x65\x2e\x62\x72\x65\x61\x6b\x64\x6f\x77\x6e"]="\x53\x54\x52\x55\x4b\x54\x55\x52\x41\x20\x57\x59\x44\x41\x54\x4b\xc3\x93\x57";
Loc::strings["\x66\x69\x6e\x61\x6e\x63\x65\x2e\x74\x6f\x74\x61\x6c"]="\xc5\x81\xc4\x85\x63\x7a\x6e\x69\x65";
Loc::strings["\x66\x69\x6e\x61\x6e\x63\x65\x2e\x72\x65\x63\x75\x72\x72\x69\x6e\x67"]="\x53\x54\x41\xc5\x81\x45\x20\x50\x52\x5a\x59\x43\x48\x4f\x44\x59\x20\x2f\x20\x37\x20\x44\x4e\x49";
Loc::strings["\x66\x69\x6e\x61\x6e\x63\x65\x2e\x66\x75\x74\x75\x72\x65"]="\x57\x4b\x52\xc3\x93\x54\x43\x45";
Loc::strings["\x66\x69\x6e\x61\x6e\x63\x65\x2e\x75\x6e\x61\x76\x61\x69\x6c\x61\x62\x6c\x65"]="\x4e\x69\x65\x64\x6f\x73\x74\xc4\x99\x70\x6e\x65";
Loc::strings["\x66\x69\x6e\x61\x6e\x63\x65\x2e\x72\x65\x63\x75\x72\x72\x69\x6e\x67\x5f\x6e\x6f\x74\x65"]="\x53\x74\x61\xc5\x82\x65\x20\x6d\x69\x73\x6a\x65\x3a\x20\xe2\x80\x94\x0a\x50\x72\x7a\x79\x63\x68\xc3\xb3\x64\x20\x70\x6c\x61\x63\xc3\xb3\x77\x65\x6b\x3a\x20\xe2\x80\x94\x0a\x49\x6e\x6e\x65\x20\x73\x74\x61\xc5\x82\x65\x20\x70\x72\x7a\x79\x63\x68\x6f\x64\x79\x3a\x20\xe2\x80\x94\x0a\x0a\x4f\x63\x7a\x65\x6b\x69\x77\x61\x6e\x61\x20\x73\x75\x6d\x61\x3a\x20\xe2\x80\x94\x0a\x4e\x61\x73\x74\xc4\x99\x70\x6e\x61\x20\x70\xc5\x82\x61\x74\x6e\x6f\xc5\x9b\xc4\x87\x3a\x20\xe2\x80\x94";
Loc::strings["\x66\x69\x6e\x61\x6e\x63\x65\x2e\x72\x65\x63\x65\x6e\x74"]="\x4f\x53\x54\x41\x54\x4e\x49\x45\x20\x54\x52\x41\x4e\x53\x41\x4b\x43\x4a\x45";
Loc::strings["\x66\x69\x6e\x61\x6e\x63\x65\x2e\x64\x61\x74\x65"]="\x44\x61\x74\x61";
Loc::strings["\x66\x69\x6e\x61\x6e\x63\x65\x2e\x64\x65\x73\x63\x72\x69\x70\x74\x69\x6f\x6e"]="\x4f\x70\x69\x73";
Loc::strings["\x66\x69\x6e\x61\x6e\x63\x65\x2e\x63\x61\x74\x65\x67\x6f\x72\x79"]="\x4b\x61\x74\x65\x67\x6f\x72\x69\x61";
Loc::strings["\x66\x69\x6e\x61\x6e\x63\x65\x2e\x61\x6d\x6f\x75\x6e\x74"]="\x4b\x77\x6f\x74\x61";
Loc::strings["\x66\x69\x6e\x61\x6e\x63\x65\x2e\x62\x61\x6c\x61\x6e\x63\x65"]="\x53\x61\x6c\x64\x6f\x20\x70\x6f";
Loc::strings["\x66\x69\x6e\x61\x6e\x63\x65\x2e\x61\x6c\x6c"]="\x57\x53\x5a\x59\x53\x54\x4b\x49\x45\x20\x54\x52\x41\x4e\x53\x41\x4b\x43\x4a\x45\x20\x3e";
Loc::strings["\x66\x69\x6e\x61\x6e\x63\x65\x2e\x73\x75\x6d\x6d\x61\x72\x79"]="\x50\x4f\x44\x53\x55\x4d\x4f\x57\x41\x4e\x49\x45\x20\x4f\x4b\x52\x45\x53\x55";
Loc::strings["\x66\x69\x6e\x61\x6e\x63\x65\x2e\x73\x61\x6c\x61\x72\x79"]="\xc5\xbb\x4f\xc5\x81\x44\x20\x4e\x41\x4a\x45\x4d\x4e\x49\x4b\xc3\x93\x57";
Loc::strings["\x66\x69\x6e\x61\x6e\x63\x65\x2e\x72\x65\x63\x72\x75\x69\x74\x73"]="\x4e\x61\x6a\x65\x6d\x6e\x69\x63\x79\x20\x6e\x61\x20\xc5\xbc\x6f\xc5\x82\x64\x7a\x69\x65";
Loc::strings["\x66\x69\x6e\x61\x6e\x63\x65\x2e\x64\x61\x69\x6c\x79\x5f\x77\x61\x67\x65"]="\xc5\x9a\x72\x65\x64\x6e\x69\x20\xc5\xbc\x6f\xc5\x82\x64\x20\x2f\x20\x64\x7a\x69\x65\xc5\x84";
Loc::strings["\x66\x69\x6e\x61\x6e\x63\x65\x2e\x77\x65\x65\x6b\x6c\x79\x5f\x77\x61\x67\x65"]="\xc5\x81\xc4\x85\x63\x7a\x6e\x79\x20\xc5\xbc\x6f\xc5\x82\x64\x20\x2f\x20\x37\x20\x64\x6e\x69";
Loc::strings["\x66\x69\x6e\x61\x6e\x63\x65\x2e\x6e\x65\x78\x74\x5f\x70\x61\x79"]="\x4e\x61\x73\x74\xc4\x99\x70\x6e\x61\x20\x77\x79\x70\xc5\x82\x61\x74\x61";
Loc::strings["\x66\x69\x6e\x61\x6e\x63\x65\x2e\x73\x61\x6c\x61\x72\x79\x5f\x6e\x6f\x74\x65"]="\x50\x72\x7a\x79\x67\x6f\x74\x6f\x77\x61\x6e\x65\x20\x70\x6f\x64\x20\x70\x72\x7a\x79\x73\x7a\xc5\x82\x79\x20\x73\x79\x73\x74\x65\x6d\x20\xc5\xbc\x6f\xc5\x82\x64\x75\x2e";
Loc::strings["\x66\x69\x6e\x61\x6e\x63\x65\x2e\x67\x6f\x61\x6c\x73"]="\x43\x45\x4c\x45\x20\x46\x49\x4e\x41\x4e\x53\x4f\x57\x45";
Loc::strings["\x66\x69\x6e\x61\x6e\x63\x65\x2e\x67\x6f\x61\x6c\x73\x5f\x6e\x6f\x74\x65"]="\x52\x65\x7a\x65\x72\x77\x79\x2c\x20\x64\x6f\x63\x65\x6c\x6f\x77\x65\x20\xc5\x9b\x72\x6f\x64\x6b\x69\x20\x69\x20\x6b\x6f\x6e\x74\x72\x6f\x6c\x61\x20\x77\x79\x64\x61\x74\x6b\xc3\xb3\x77\x20\x62\xc4\x99\x64\xc4\x85\x20\x64\x6f\x73\x74\xc4\x99\x70\x6e\x65\x20\x77\x72\x61\x7a\x20\x7a\x20\x73\x79\x73\x74\x65\x6d\x65\x6d\x20\xc5\x9b\x6c\x65\x64\x7a\x65\x6e\x69\x61\x20\x63\x65\x6c\xc3\xb3\x77\x2e";
Loc::strings["\x66\x69\x6e\x61\x6e\x63\x65\x2e\x62\x75\x64\x67\x65\x74"]="\x42\x55\x44\xc5\xbb\x45\x54\x20\x49\x20\x50\x52\x4f\x47\x4e\x4f\x5a\x41\x20\x2f\x20\x37\x20\x44\x4e\x49";
Loc::strings["\x66\x69\x6e\x61\x6e\x63\x65\x2e\x62\x75\x64\x67\x65\x74\x5f\x6e\x6f\x74\x65"]="\x4e\x69\x65\x20\x70\x6f\x64\xc5\x82\xc4\x85\x63\x7a\x6f\x6e\x6f\x20\x6a\x65\x73\x7a\x63\x7a\x65\x20\x67\x77\x61\x72\x61\x6e\x74\x6f\x77\x61\x6e\x79\x63\x68\x20\x73\x74\x61\xc5\x82\x79\x63\x68\x20\x70\x72\x7a\x65\x70\xc5\x82\x79\x77\xc3\xb3\x77\x2e\x20\x44\xc5\x82\x75\x67\x69\x20\x70\x6f\x64\x61\x74\x6b\x6f\x77\x65\x20\x6e\x69\x65\x20\x73\xc4\x85\x20\x7a\x61\x70\x6c\x61\x6e\x6f\x77\x61\x6e\x79\x6d\x69\x20\x6f\x62\x63\x69\xc4\x85\xc5\xbc\x65\x6e\x69\x61\x6d\x69\x2e";
Loc::strings["\x66\x69\x6e\x61\x6e\x63\x65\x2e\x74\x61\x78\x5f\x64\x65\x74\x61\x69\x6c\x73"]="\x50\x4f\x44\x41\x54\x4b\x49\x20\x49\x20\x44\xc5\x81\x55\x47\x49\x20\x3e";
Loc::strings["\x66\x69\x6e\x61\x6e\x63\x65\x2e\x69\x6e\x66\x6f\x72\x6d\x61\x74\x69\x6f\x6e"]="\x49\x4e\x46\x4f\x52\x4d\x41\x43\x4a\x45";
Loc::strings["\x66\x69\x6e\x61\x6e\x63\x65\x2e\x69\x6e\x66\x6f"]="\x50\xc5\x82\x61\x74\x6e\x6f\xc5\x9b\x63\x69\x20\x6d\x6f\x64\x61\x20\x69\x20\x6f\x62\x73\x65\x72\x77\x6f\x77\x61\x6e\x65\x20\x7a\x6d\x69\x61\x6e\x79\x20\x6e\x65\x74\x74\x6f\x2e\x20\x48\x61\x6e\x64\x65\x6c\x20\x6e\x69\x65\x72\x6f\x7a\x70\x6f\x7a\x6e\x61\x6e\x79\x2e\x20\x4f\x67\x72\x61\x6e\x69\x63\x7a\x6f\x6e\x61\x20\x68\x69\x73\x74\x6f\x72\x69\x61\x3b\x20\x64\x6e\x69\x20\x67\x72\x79\x20\x77\x72\x61\x7a\x20\x7a\x20\x64\x7a\x69\x73\x69\x65\x6a\x73\x7a\x79\x6d\x2e\x20\x42\x65\x7a\x20\x6f\x64\x74\x77\x61\x72\x7a\x61\x6e\x69\x61\x20\x64\x61\x6e\x79\x63\x68\x20\x73\x70\x72\x7a\x65\x64\x20\x72\x6f\x7a\x70\x6f\x63\x7a\xc4\x99\x63\x69\x61\x20\xc5\x9b\x6c\x65\x64\x7a\x65\x6e\x69\x61\x2e";
Loc::strings["\x66\x69\x6e\x61\x6e\x63\x65\x2e\x68\x69\x73\x74\x6f\x72\x79"]="\x44\x5a\x49\x45\x4e\x4e\x49\x4b\x20\x4b\x41\x54\xc3\x93\x57";
Loc::strings["\x66\x69\x6e\x61\x6e\x63\x65\x2e\x62\x61\x63\x6b"]="\x3c\x20\x57\x53\x54\x45\x43\x5a";
Loc::strings["\x66\x69\x6e\x61\x6e\x63\x65\x2e\x66\x69\x6c\x74\x65\x72\x5f\x61\x6c\x6c"]="\x57\x73\x7a\x79\x73\x74\x6b\x69\x65\x20\x74\x72\x61\x6e\x73\x61\x6b\x63\x6a\x65";
Loc::strings["\x66\x69\x6e\x61\x6e\x63\x65\x2e\x70\x72\x65\x76\x69\x6f\x75\x73"]="\x3c\x20\x50\x6f\x70\x72\x7a\x65\x64\x6e\x69\x61";
Loc::strings["\x66\x69\x6e\x61\x6e\x63\x65\x2e\x6e\x65\x78\x74"]="\x4e\x61\x73\x74\xc4\x99\x70\x6e\x61\x20\x3e";
Loc::strings["\x66\x69\x6e\x61\x6e\x63\x65\x2e\x74\x72\x61\x6e\x73\x61\x63\x74\x69\x6f\x6e\x73"]="\x74\x72\x61\x6e\x73\x61\x6b\x63\x6a\x65";
Loc::strings["\x66\x69\x6e\x61\x6e\x63\x65\x2e\x64\x61\x79"]="\x44\x7a\x69\x65\xc5\x84";
Loc::strings["\x66\x69\x6e\x61\x6e\x63\x65\x2e\x63\x6f\x76\x65\x72\x61\x67\x65"]="\x50\x6f\x63\x7a\xc4\x85\x74\x65\x6b\x20\xc5\x9b\x6c\x65\x64\x7a\x65\x6e\x69\x61";
Loc::strings["\x66\x69\x6e\x61\x6e\x63\x65\x2e\x72\x65\x74\x65\x6e\x74\x69\x6f\x6e"]="\x4f\x73\x74\x61\x74\x6e\x69\x65\x20\x34\x30\x39\x36\x20\x77\x70\x69\x73\xc3\xb3\x77\x3b\x20\x73\x75\x6d\x79\x20\x7a\x20\x33\x36\x36\x20\x64\x6e\x69";
Loc::strings["\x66\x69\x6e\x61\x6e\x63\x65\x2e\x69\x6e\x76\x61\x6c\x69\x64"]="\x44\x7a\x69\x65\x6e\x6e\x69\x6b\x20\x6e\x69\x65\x64\x6f\x73\x74\xc4\x99\x70\x6e\x79\x3a\x20\x6e\x69\x65\x70\x72\x61\x77\x69\x64\xc5\x82\x6f\x77\x79\x20\x66\x6f\x72\x6d\x61\x74";
Loc::strings["\x66\x69\x6e\x61\x6e\x63\x65\x2e\x64\x65\x62\x74"]="\x4f\x62\x65\x63\x6e\x79\x20\x64\xc5\x82\x75\x67";
Loc::strings["\x66\x69\x6e\x61\x6e\x63\x65\x2e\x70\x61\x69\x64"]="\x50\x6f\x64\x61\x74\x6b\x69\x20\x7a\x61\x70\xc5\x82\x61\x63\x6f\x6e\x65\x20\xc5\x82\xc4\x85\x63\x7a\x6e\x69\x65";
Loc::strings["\x66\x69\x6e\x61\x6e\x63\x65\x2e\x74\x61\x78\x5f\x6e\x6f\x74\x65"]="\x44\xc5\x82\x75\x67\x69\x20\x6c\x69\x63\x7a\xc4\x85\x20\x73\x69\xc4\x99\x20\x6a\x61\x6b\x6f\x20\x77\x79\x64\x61\x74\x6b\x69\x20\x64\x6f\x70\x69\x65\x72\x6f\x20\x70\x6f\x20\x73\x70\xc5\x82\x61\x63\x69\x65\x2e\x20\x44\x6f\x74\x79\x63\x68\x63\x7a\x61\x73\x6f\x77\x65\x20\x70\x72\x6f\x63\x65\x64\x75\x72\x79\x20\x70\x6f\x62\x6f\x72\x75\x20\x69\x20\x70\xc5\x82\x61\x74\x6e\x6f\xc5\x9b\x63\x69\x20\x62\x65\x7a\x20\x7a\x6d\x69\x61\x6e\x2e";
Loc::strings["\x66\x69\x6e\x61\x6e\x63\x65\x2e\x63\x6f\x6e\x74\x72\x61\x63\x74\x73"]="\x4b\x6f\x6e\x74\x72\x61\x6b\x74\x79";
Loc::strings["\x66\x69\x6e\x61\x6e\x63\x65\x2e\x70\x75\x72\x63\x68\x61\x73\x65\x73"]="\x5a\x61\x6b\x75\x70\x79";
Loc::strings["\x66\x69\x6e\x61\x6e\x63\x65\x2e\x73\x61\x6c\x65\x73"]="\x53\x70\x72\x7a\x65\x64\x61\xc5\xbc";
Loc::strings["\x66\x69\x6e\x61\x6e\x63\x65\x2e\x77\x61\x67\x65\x73"]="\xc5\xbb\x6f\xc5\x82\x64";
Loc::strings["\x66\x69\x6e\x61\x6e\x63\x65\x2e\x6f\x66\x66\x69\x63\x65\x73"]="\x50\x6c\x61\x63\xc3\xb3\x77\x6b\x69";
Loc::strings["\x66\x69\x6e\x61\x6e\x63\x65\x2e\x6d\x61\x69\x6e\x74\x65\x6e\x61\x6e\x63\x65"]="\x55\x74\x72\x7a\x79\x6d\x61\x6e\x69\x65";
Loc::strings["\x66\x69\x6e\x61\x6e\x63\x65\x2e\x65\x71\x75\x69\x70\x6d\x65\x6e\x74"]="\x57\x79\x70\x6f\x73\x61\xc5\xbc\x65\x6e\x69\x65";
Loc::strings["\x66\x69\x6e\x61\x6e\x63\x65\x2e\x74\x72\x61\x76\x65\x6c"]="\x50\x6f\x64\x72\xc3\xb3\xc5\xbc";
Loc::strings["\x66\x69\x6e\x61\x6e\x63\x65\x2e\x74\x61\x78\x65\x73"]="\x50\x6f\x64\x61\x74\x6b\x69";
Loc::strings["\x66\x69\x6e\x61\x6e\x63\x65\x2e\x69\x6e\x76\x65\x73\x74\x6d\x65\x6e\x74\x73"]="\x49\x6e\x77\x65\x73\x74\x79\x63\x6a\x65";
Loc::strings["\x66\x69\x6e\x61\x6e\x63\x65\x2e\x6f\x74\x68\x65\x72"]="\x49\x6e\x6e\x65";
Loc::strings["\x66\x69\x6e\x61\x6e\x63\x65\x2e\x75\x6e\x69\x64\x65\x6e\x74\x69\x66\x69\x65\x64"]="\x4e\x69\x65\x72\x6f\x7a\x70\x6f\x7a\x6e\x61\x6e\x61\x20\x7a\x6d\x69\x61\x6e\x61\x20\x6e\x65\x74\x74\x6f";
Loc::strings["\x66\x69\x6e\x61\x6e\x63\x65\x2e\x74\x61\x78\x5f\x70\x61\x79\x6d\x65\x6e\x74"]="\x5a\x61\x70\xc5\x82\x61\x74\x61\x20\x70\x6f\x64\x61\x74\x6b\x75";
Loc::strings["\x66\x69\x6e\x61\x6e\x63\x65\x2e\x61\x64\x76\x61\x6e\x63\x65\x5f\x72\x65\x74\x75\x72\x6e"]="\x5a\x77\x72\x6f\x74\x20\x7a\x61\x6c\x69\x63\x7a\x6b\x69";
Loc::strings["\x66\x69\x6e\x61\x6e\x63\x65\x2e\x61\x64\x76\x61\x6e\x63\x65"]="\x5a\x61\x6c\x69\x63\x7a\x6b\x61\x20\x6b\x6f\x6e\x74\x72\x61\x6b\x74\x75";
Loc::strings["\x66\x69\x6e\x61\x6e\x63\x65\x2e\x64\x65\x6c\x65\x67\x61\x74\x65\x64"]="\x4d\x69\x73\x6a\x61\x20\x64\x65\x6c\x65\x67\x6f\x77\x61\x6e\x61";
Loc::strings["\x66\x69\x6e\x61\x6e\x63\x65\x2e\x6d\x61\x69\x6c"]="\x4b\x6f\x6e\x74\x72\x61\x6b\x74\x20\x70\x6f\x63\x7a\x74\x6f\x77\x79";
Loc::strings["\x66\x69\x6e\x61\x6e\x63\x65\x2e\x63\x6f\x6e\x74\x72\x61\x63\x74"]="\x52\x6f\x7a\x6c\x69\x63\x7a\x65\x6e\x69\x65\x20\x6b\x6f\x6e\x74\x72\x61\x6b\x74\x75";
Loc::strings["\x66\x69\x6e\x61\x6e\x63\x65\x2e\x62\x6f\x75\x6e\x74\x79"]="\x4b\x6f\x6e\x74\x72\x61\x6b\x74\x20\xc5\x82\x6f\x77\x63\x79\x20\x67\xc5\x82\xc3\xb3\x77";
Loc::strings["\x66\x69\x6e\x61\x6e\x63\x65\x2e\x62\x6f\x75\x6e\x74\x79\x5f\x61\x64\x6a\x75\x73\x74\x6d\x65\x6e\x74"]="\x4b\x6f\x72\x65\x6b\x74\x61\x20\x6e\x61\x67\x72\x6f\x64\x79";
Loc::strings["\x66\x69\x6e\x61\x6e\x63\x65\x2e\x69\x6e\x76\x65\x73\x74\x6d\x65\x6e\x74"]="\x49\x6e\x77\x65\x73\x74\x79\x63\x6a\x61\x20\x77\x20\x47\x69\x6c\x64\x69\xc4\x99";
Loc::strings["\x66\x69\x6e\x61\x6e\x63\x65\x2e\x67\x72\x6f\x75\x70\x65\x64"]="\x4e\x69\x65\x72\x6f\x7a\x70\x6f\x7a\x6e\x61\x6e\x65\x20\x7a\x6d\x69\x61\x6e\x79";
Loc::strings["\x66\x69\x6e\x61\x6e\x63\x65\x2e\x6d\x6f\x76\x65\x6d\x65\x6e\x74\x73"]="\x6f\x70\x65\x72\x61\x63\x6a\x65";
Loc::strings["\x66\x69\x6e\x61\x6e\x63\x65\x2e\x61\x72\x63\x68\x69\x76\x65\x64"]="\x41\x72\x63\x68\x69\x77\x75\x6d\x20\x64\x7a\x69\x65\x6e\x6e\x65\x20\x28\x62\x65\x7a\x20\x73\x7a\x63\x7a\x65\x67\xc3\xb3\xc5\x82\xc3\xb3\x77\x29";
Loc::strings["\x66\x69\x6e\x61\x6e\x63\x65\x2e\x6f\x75\x74\x73\x74\x61\x6e\x64\x69\x6e\x67"]="\x5a\x41\x4c\x45\x47\xc5\x81\x45\x20\x44\xc5\x81\x55\x47\x49";
Loc::strings["\x66\x69\x6e\x61\x6e\x63\x65\x2e\x6e\x6f\x5f\x64\x65\x62\x74"]="\x42\x72\x61\x6b\x20\x64\xc5\x82\x75\x67\x75";
Loc::strings["\x66\x69\x6e\x61\x6e\x63\x65\x2e\x70\x65\x72\x69\x6f\x64\x5f\x65\x6d\x70\x74\x79"]="\x42\x72\x61\x6b\x20\x74\x72\x61\x6e\x73\x61\x6b\x63\x6a\x69\x20\x77\x20\x74\x79\x6d\x20\x6f\x6b\x72\x65\x73\x69\x65";
Loc::strings["\x66\x69\x6e\x61\x6e\x63\x65\x2e\x70\x65\x72\x69\x6f\x64\x5f\x61\x6c\x6c"]="\x4f\x6b\x72\x65\x73\x3a\x20\x63\x61\xc5\x82\x79";
Loc::strings["\x66\x69\x6e\x61\x6e\x63\x65\x2e\x73\x74\x61\x74\x75\x73"]="\x53\x74\x61\x74\x75\x73";
Loc::strings["\x66\x69\x6e\x61\x6e\x63\x65\x2e\x64\x75\x65"]="\x5a\x61\x70\x69\x73\x61\x6e\x79\x20\x74\x65\x72\x6d\x69\x6e";
Loc::strings["\x66\x69\x6e\x61\x6e\x63\x65\x2e\x61\x72\x63\x68\x69\x76\x65\x5f\x6e\x6f\x74\x65"]="\x55\x77\x7a\x67\x6c\xc4\x99\x64\x6e\x69\x6f\x6e\x6f\x20\x61\x72\x63\x68\x69\x77\x61\x20\x64\x7a\x69\x65\x6e\x6e\x65\x3b\x20\x64\x61\x77\x6e\x65\x20\x73\x61\x6c\x64\x6f\x20\x6e\x69\x65\x64\x6f\x73\x74\xc4\x99\x70\x6e\x65";
Loc::strings["\x66\x69\x6e\x61\x6e\x63\x65\x2e\x63\x6f\x6e\x74\x72\x61\x63\x74\x2e\x65\x73\x63\x6f\x72\x74"]="\x52\x6f\x7a\x6c\x69\x63\x7a\x65\x6e\x69\x65\x3a\x20\x65\x73\x6b\x6f\x72\x74\x61";
Loc::strings["\x66\x69\x6e\x61\x6e\x63\x65\x2e\x63\x6f\x6e\x74\x72\x61\x63\x74\x2e\x63\x61\x72\x61\x76\x61\x6e"]="\x52\x6f\x7a\x6c\x69\x63\x7a\x65\x6e\x69\x65\x3a\x20\x65\x73\x6b\x6f\x72\x74\x61\x20\x6b\x61\x72\x61\x77\x61\x6e\x79";
Loc::strings["\x66\x69\x6e\x61\x6e\x63\x65\x2e\x63\x6f\x6e\x74\x72\x61\x63\x74\x2e\x73\x63\x69\x65\x6e\x63\x65"]="\x52\x6f\x7a\x6c\x69\x63\x7a\x65\x6e\x69\x65\x3a\x20\x65\x6b\x73\x70\x65\x64\x79\x63\x6a\x61\x20\x6e\x61\x75\x6b\x6f\x77\x61";
Loc::strings["\x70\x61\x79\x72\x6f\x6c\x6c\x2e\x72\x61\x6e\x6b\x2e\x72\x65\x63\x72\x75\x69\x74"]="\x52\x65\x6b\x72\x75\x74";
Loc::strings["\x70\x61\x79\x72\x6f\x6c\x6c\x2e\x72\x61\x6e\x6b\x2e\x6d\x65\x72\x63\x65\x6e\x61\x72\x79"]="\x4e\x61\x6a\x65\x6d\x6e\x69\x6b";
Loc::strings["\x70\x61\x79\x72\x6f\x6c\x6c\x2e\x72\x61\x6e\x6b\x2e\x76\x65\x74\x65\x72\x61\x6e"]="\x57\x65\x74\x65\x72\x61\x6e";
Loc::strings["\x70\x61\x79\x72\x6f\x6c\x6c\x2e\x72\x61\x6e\x6b\x2e\x65\x6c\x69\x74\x65"]="\x45\x6c\x69\x74\x61";
Loc::strings["\x70\x61\x79\x72\x6f\x6c\x6c\x2e\x72\x61\x6e\x6b\x2e\x6d\x61\x73\x74\x65\x72"]="\x4d\x69\x73\x74\x72\x7a\x20\x6e\x61\x6a\x65\x6d\x6e\x69\x6b\xc3\xb3\x77";
Loc::strings["\x70\x61\x79\x72\x6f\x6c\x6c\x2e\x70\x61\x67\x65"]="\x50\xc5\x82\x61\x63\x65\x20\x2f\x20\x4e\x61\x6a\x65\x6d\x6e\x69\x63\x79";
Loc::strings["\x70\x61\x79\x72\x6f\x6c\x6c\x2e\x72\x61\x74\x65\x73"]="\x50\xc5\x82\x61\x63\x65";
Loc::strings["\x70\x61\x79\x72\x6f\x6c\x6c\x2e\x6d\x65\x6d\x62\x65\x72\x73"]="\x4e\x61\x6a\x65\x6d\x6e\x69\x63\x79";
Loc::strings["\x70\x61\x79\x72\x6f\x6c\x6c\x2e\x66\x6f\x72\x6d\x65\x72"]="\x42\x79\x6c\x69\x20\x6e\x61\x6a\x65\x6d\x6e\x69\x63\x79";
Loc::strings["\x70\x61\x79\x72\x6f\x6c\x6c\x2e\x68\x69\x73\x74\x6f\x72\x79"]="\x48\x69\x73\x74\x6f\x72\x69\x61";
Loc::strings["\x70\x61\x79\x72\x6f\x6c\x6c\x2e\x73\x68\x65\x65\x74"]="\x4c\x69\x73\x74\x61\x20\x70\xc5\x82\x61\x63\x20\x67\x69\x6c\x64\x69\x69";
Loc::strings["\x70\x61\x79\x72\x6f\x6c\x6c\x2e\x70\x61\x79"]="\x5a\x41\x50\xc5\x81\x41\xc4\x86";
Loc::strings["\x70\x61\x79\x72\x6f\x6c\x6c\x2e\x72\x65\x66\x75\x73\x65"]="\x4f\x44\x4d\xc3\x93\x57\x20\x5a\x41\x50\xc5\x81\x41\x54\x59";
Loc::strings["\x70\x61\x79\x72\x6f\x6c\x6c\x2e\x74\x6f\x74\x61\x6c"]="\x52\x61\x7a\x65\x6d\x3a";
Loc::strings["\x70\x61\x79\x72\x6f\x6c\x6c\x2e\x65\x6e\x61\x62\x6c\x65\x64"]="\x57\xc5\x82\xc4\x85\x63\x7a\x20\x77\x79\x6e\x61\x67\x72\x6f\x64\x7a\x65\x6e\x69\x61\x20\x6e\x61\x6a\x65\x6d\x6e\x69\x6b\xc3\xb3\x77";
Loc::strings["\x70\x61\x79\x72\x6f\x6c\x6c\x2e\x65\x6e\x61\x62\x6c\x65\x64\x5f\x74\x69\x70"]="\x57\x73\x74\x72\x7a\x79\x6d\x75\x6a\x65\x20\x77\x79\x70\xc5\x82\x61\x74\x79\x2c\x20\x6f\x64\x73\x7a\x6b\x6f\x64\x6f\x77\x61\x6e\x69\x61\x20\x69\x20\x70\x6f\x74\x72\xc4\x85\x63\x65\x6e\x69\x61\x2e\x20\x44\xc5\x82\x75\x67\x69\x20\x70\x6f\x7a\x6f\x73\x74\x61\x6a\xc4\x85\x2e\x20\x57\x7a\x6e\x6f\x77\x69\x65\x6e\x69\x65\x20\x72\x6f\x7a\x70\x6f\x63\x7a\x79\x6e\x61\x20\x6e\x6f\x77\x79\x20\x63\x79\x6b\x6c\x20\x31\x36\x38\x20\x67\x6f\x64\x7a\x69\x6e\x2c\x20\x62\x65\x7a\x20\x7a\x61\x6c\x65\x67\xc5\x82\x65\x6a\x20\x77\x79\x70\xc5\x82\x61\x74\x79\x2e";
Loc::strings["\x70\x61\x79\x72\x6f\x6c\x6c\x2e\x72\x6f\x62\x6f\x74"]="\x53\x7a\x6b\x69\x65\x6c\x65\x74\x20\xe2\x80\x94\x20\x50\xc5\x82\x61\x63\x61\x3a\x20\x30\x20\x43\x61\x74\x73";
Loc::strings["\x70\x61\x79\x72\x6f\x6c\x6c\x2e\x61\x63\x74\x69\x76\x65"]="\x41\x6b\x74\x79\x77\x6e\x79";
Loc::strings["\x70\x61\x79\x72\x6f\x6c\x6c\x2e\x73\x75\x73\x70\x65\x6e\x64\x65\x64"]="\x53\x79\x73\x74\x65\x6d\x20\x7a\x61\x77\x69\x65\x73\x7a\x6f\x6e\x79";
Loc::strings["\x70\x61\x79\x72\x6f\x6c\x6c\x2e\x65\x6d\x70\x74\x79"]="\x42\x72\x61\x6b\x20\x77\x70\x69\x73\xc3\xb3\x77\x2e";
Loc::strings["\x70\x61\x79\x72\x6f\x6c\x6c\x2e\x64\x61\x74\x65"]="\x44\x7a\x69\x65\xc5\x84\x20\x7b\x64\x61\x79\x7d\x2c\x20\x67\x6f\x64\x7a\x2e\x20\x7b\x68\x6f\x75\x72\x7d";
Loc::strings["\x70\x61\x79\x72\x6f\x6c\x6c\x2e\x77\x61\x72\x6e\x69\x6e\x67"]="\x42\x72\x61\x6b\x20\xc5\x9b\x72\x6f\x64\x6b\xc3\xb3\x77\x20\xe2\x80\x94\x20\x44\x6f\x20\x6e\x61\x73\x74\xc4\x99\x70\x6e\x65\x6a\x20\x77\x79\x70\xc5\x82\x61\x74\x79\x20\x62\x72\x61\x6b\x75\x6a\x65\x20\x7b\x61\x6d\x6f\x75\x6e\x74\x7d\x20\x43\x61\x74\x73\x2e";
Loc::strings["\x70\x61\x79\x72\x6f\x6c\x6c\x2e\x73\x68\x65\x65\x74\x5f\x73\x75\x6d\x6d\x61\x72\x79"]="\x4f\x6b\x72\x65\x73\x3a\x20\x7b\x73\x74\x61\x72\x74\x7d\x20\x20\x2d\x20\x20\x7b\x65\x6e\x64\x7d\x0a\x4e\x6f\x77\x65\x20\x70\xc5\x82\x61\x63\x65\x3a\x20\x7b\x6e\x65\x77\x7d\x0a\x53\x6b\x61\x72\x62\x69\x65\x63\x3a\x20\x7b\x63\x61\x73\x68\x7d\x0a\x50\x6f\x70\x72\x7a\x65\x64\x6e\x69\x65\x20\x64\xc5\x82\x75\x67\x69\x20\x70\xc5\x82\x61\x63\x6f\x77\x65\x3a\x20\x7b\x6f\x6c\x64\x7d\x0a\x4e\x61\x6c\x65\xc5\xbc\x6e\x65\x20\x6f\x64\x73\x7a\x6b\x6f\x64\x6f\x77\x61\x6e\x69\x61\x3a\x20\x7b\x6c\x69\x6d\x62\x73\x7d\x0a\x50\x6f\x7a\x6f\x73\x74\x61\xc5\x82\x6f\x20\x64\x6f\x20\x7a\x61\x70\xc5\x82\x61\x74\x79\x3a\x20\x7b\x74\x6f\x74\x61\x6c\x7d";
Loc::strings["\x70\x61\x79\x72\x6f\x6c\x6c\x2e\x73\x65\x67\x6d\x65\x6e\x74"]="\x7b\x72\x61\x6e\x6b\x7d\x3a\x20\x7b\x72\x61\x74\x65\x7d\x20\x43\x61\x74\x73\x2f\x64\x7a\x69\x65\xc5\x84\x20\xc3\x97\x20\x7b\x64\x61\x79\x73\x7d\x20\x64\x6e\x69\x20\x3d\x20\x7b\x61\x6d\x6f\x75\x6e\x74\x7d";
Loc::strings["\x70\x61\x79\x72\x6f\x6c\x6c\x2e\x66\x6f\x72\x65\x63\x61\x73\x74"]="\x53\x6b\x61\x72\x62\x69\x65\x63\x3a\x20\x7b\x63\x61\x73\x68\x7d\x0a\x4e\x61\x73\x74\xc4\x99\x70\x6e\x61\x20\x77\x79\x70\xc5\x82\x61\x74\x61\x3a\x20\x7b\x64\x61\x74\x65\x7d\x0a\x53\x7a\x61\x63\x6f\x77\x61\x6e\x79\x20\x6b\x6f\x73\x7a\x74\x20\x63\x79\x6b\x6c\x75\x3a\x20\x7b\x65\x73\x74\x69\x6d\x61\x74\x65\x7d\x0a\x44\xc5\x82\x75\x67\x20\x70\xc5\x82\x61\x63\x6f\x77\x79\x3a\x20\x7b\x77\x61\x67\x65\x73\x7d\x0a\x4f\x64\x73\x7a\x6b\x6f\x64\x6f\x77\x61\x6e\x69\x61\x3a\x20\x7b\x6c\x69\x6d\x62\x73\x7d\x0a\xc5\x81\xc4\x85\x63\x7a\x6e\x79\x20\x64\xc5\x82\x75\x67\x3a\x20\x7b\x64\x65\x62\x74\x7d\x0a\x53\x7a\x61\x63\x6f\x77\x61\x6e\x65\x20\x73\x61\x6c\x64\x6f\x20\x70\x6f\x20\x70\xc5\x82\x61\x63\x61\x63\x68\x20\x69\x20\x64\xc5\x82\x75\x67\x61\x63\x68\x20\x28\x75\x6a\x65\x6d\x6e\x65\x20\x3d\x20\x6e\x69\x65\x64\x6f\x62\xc3\xb3\x72\x29\x3a\x20\x7b\x62\x61\x6c\x61\x6e\x63\x65\x7d";
Loc::strings["\x70\x61\x79\x72\x6f\x6c\x6c\x2e\x6d\x61\x73\x73"]="\x7b\x63\x6f\x75\x6e\x74\x7d\x20\xc3\x97\x20\x7b\x72\x61\x74\x65\x7d\x20\x43\x61\x74\x73\x2f\x64\x7a\x69\x65\xc5\x84\x20\x3d\x20\x7b\x63\x6f\x73\x74\x7d\x2f\x64\x7a\x69\x65\xc5\x84";
Loc::strings["\x70\x61\x79\x72\x6f\x6c\x6c\x2e\x6d\x61\x73\x73\x5f\x74\x6f\x74\x61\x6c"]="\x52\x41\x5a\x45\x4d\x2f\x44\x5a\x49\x45\xc5\x83\x3a\x20\x7b\x64\x61\x79\x7d\x0a\x52\x41\x5a\x45\x4d\x2f\x37\x20\x44\x4e\x49\x20\x77\x65\x64\xc5\x82\x75\x67\x20\x6f\x62\x65\x63\x6e\x79\x63\x68\x20\x73\x74\x61\x77\x65\x6b\x3a\x20\x7b\x77\x65\x65\x6b\x7d";
Loc::strings["\x70\x61\x79\x72\x6f\x6c\x6c\x2e\x6d\x65\x6d\x62\x65\x72\x5f\x64\x65\x74\x61\x69\x6c"]="\xc5\x9a\x6c\x65\x64\x7a\x6f\x6e\x79\x20\x6f\x64\x3a\x20\x7b\x6a\x6f\x69\x6e\x65\x64\x7d\x20\xe2\x80\x94\x20\x4b\x6f\x6e\x69\x65\x63\x3a\x20\x7b\x65\x6e\x64\x65\x64\x7d\x0a\x50\xc5\x82\x61\x63\x61\x2f\x64\x7a\x69\x65\xc5\x84\x3a\x20\x7b\x72\x61\x74\x65\x7d\x0a\x53\x7a\x61\x63\x6f\x77\x61\x6e\x61\x20\x70\xc5\x82\x61\x63\x61\x20\x7a\x61\x20\x63\x79\x6b\x6c\x3a\x20\x7b\x70\x65\x72\x69\x6f\x64\x7d\x0a\x44\xc5\x82\x75\x67\x20\x70\xc5\x82\x61\x63\x6f\x77\x79\x3a\x20\x7b\x77\x61\x67\x65\x73\x7d\x0a\x4e\x61\x6c\x65\xc5\xbc\x6e\x65\x20\x6f\x64\x73\x7a\x6b\x6f\x64\x6f\x77\x61\x6e\x69\x61\x3a\x20\x7b\x6c\x69\x6d\x62\x73\x7d\x0a\x57\x79\x67\x65\x6e\x65\x72\x6f\x77\x61\x6e\x65\x20\x70\x72\x7a\x79\x63\x68\x6f\x64\x79\x3a\x20\x7b\x69\x6e\x63\x6f\x6d\x65\x7d\x0a\x57\x79\x70\xc5\x82\x61\x63\x6f\x6e\x65\x20\x70\xc5\x82\x61\x63\x65\x3a\x20\x7b\x70\x61\x69\x64\x7d\x0a\x57\x79\x70\xc5\x82\x61\x63\x6f\x6e\x65\x20\x6f\x64\x73\x7a\x6b\x6f\x64\x6f\x77\x61\x6e\x69\x61\x3a\x20\x7b\x63\x6f\x6d\x70\x65\x6e\x73\x61\x74\x69\x6f\x6e\x7d\x0a\x52\x7a\x65\x63\x7a\x79\x77\x69\x73\x74\x79\x20\x6b\x6f\x73\x7a\x74\x3a\x20\x7b\x63\x6f\x73\x74\x7d\x0a\x5a\x79\x73\x6b\x20\x2f\x20\x73\x74\x72\x61\x74\x61\x3a\x20\x7b\x70\x72\x6f\x66\x69\x74\x7d\x0a\x55\x6b\x6f\xc5\x84\x63\x7a\x6f\x6e\x65\x20\x6b\x6f\x6e\x74\x72\x61\x6b\x74\x79\x20\x64\x65\x6c\x65\x67\x6f\x77\x61\x6e\x65\x3a\x20\x7b\x63\x6f\x6e\x74\x72\x61\x63\x74\x73\x7d";
Loc::strings["\x70\x61\x79\x72\x6f\x6c\x6c\x2e\x72\x65\x63\x65\x69\x70\x74"]="\x4e\x61\x67\x72\x6f\x64\x61\x3a\x20\x7b\x67\x72\x6f\x73\x73\x7d\x20\x43\x61\x74\x73\x0a\x53\x70\xc5\x82\x61\x74\x61\x20\x64\xc5\x82\x75\x67\x75\x3a\x20\x2d\x7b\x70\x61\x69\x64\x7d\x20\x43\x61\x74\x73\x0a\x4f\x74\x72\x7a\x79\x6d\x61\x6e\x6f\x3a\x20\x7b\x6e\x65\x74\x7d\x20\x43\x61\x74\x73\x0a\x50\x6f\x7a\x6f\x73\x74\x61\xc5\x82\x79\x20\x64\xc5\x82\x75\x67\x3a\x20\x7b\x64\x65\x62\x74\x7d\x20\x43\x61\x74\x73";
Loc::strings["\x70\x61\x79\x72\x6f\x6c\x6c\x2e\x64\x65\x62\x74\x5f\x64\x65\x74\x61\x69\x6c"]="\x44\x61\x74\x61\x3a\x20\x7b\x64\x61\x74\x65\x7d\x0a\x4b\x77\x6f\x74\x61\x20\x70\x6f\x63\x7a\xc4\x85\x74\x6b\x6f\x77\x61\x3a\x20\x7b\x69\x6e\x69\x74\x69\x61\x6c\x7d\x0a\x50\x6f\x7a\x6f\x73\x74\x61\xc5\x82\x6f\x3a\x20\x7b\x72\x65\x6d\x61\x69\x6e\x69\x6e\x67\x7d";
Loc::strings["\x70\x61\x79\x72\x6f\x6c\x6c\x2e\x72\x65\x70\x61\x79\x6d\x65\x6e\x74\x5f\x6c\x69\x6e\x65"]="\x53\x70\xc5\x82\x61\x63\x6f\x6e\x6f\x20\x7b\x64\x61\x74\x65\x7d\x3a\x20\x7b\x61\x6d\x6f\x75\x6e\x74\x7d";
Loc::strings["\x70\x61\x79\x72\x6f\x6c\x6c\x2e\x73\x61\x6c\x61\x72\x79"]="\x44\xc5\x82\x75\x67\x20\x70\xc5\x82\x61\x63\x6f\x77\x79";
Loc::strings["\x70\x61\x79\x72\x6f\x6c\x6c\x2e\x66\x69\x6e\x61\x6c\x5f\x73\x61\x6c\x61\x72\x79"]="\x4b\x6f\xc5\x84\x63\x6f\x77\x65\x20\x72\x6f\x7a\x6c\x69\x63\x7a\x65\x6e\x69\x65\x20\x70\xc5\x82\x61\x63";
Loc::strings["\x70\x61\x79\x72\x6f\x6c\x6c\x2e\x6c\x65\x66\x74\x5f\x61\x72\x6d"]="\x4f\x64\x73\x7a\x6b\x6f\x64\x6f\x77\x61\x6e\x69\x65\x20\xe2\x80\x94\x20\x6c\x65\x77\x61\x20\x72\xc4\x99\x6b\x61";
Loc::strings["\x70\x61\x79\x72\x6f\x6c\x6c\x2e\x72\x69\x67\x68\x74\x5f\x61\x72\x6d"]="\x4f\x64\x73\x7a\x6b\x6f\x64\x6f\x77\x61\x6e\x69\x65\x20\xe2\x80\x94\x20\x70\x72\x61\x77\x61\x20\x72\xc4\x99\x6b\x61";
Loc::strings["\x70\x61\x79\x72\x6f\x6c\x6c\x2e\x6c\x65\x66\x74\x5f\x6c\x65\x67"]="\x4f\x64\x73\x7a\x6b\x6f\x64\x6f\x77\x61\x6e\x69\x65\x20\xe2\x80\x94\x20\x6c\x65\x77\x61\x20\x6e\x6f\x67\x61";
Loc::strings["\x70\x61\x79\x72\x6f\x6c\x6c\x2e\x72\x69\x67\x68\x74\x5f\x6c\x65\x67"]="\x4f\x64\x73\x7a\x6b\x6f\x64\x6f\x77\x61\x6e\x69\x65\x20\xe2\x80\x94\x20\x70\x72\x61\x77\x61\x20\x6e\x6f\x67\x61";
Loc::strings["\x70\x61\x79\x72\x6f\x6c\x6c\x2e\x73\x61\x6c\x61\x72\x79\x5f\x70\x61\x79\x6d\x65\x6e\x74"]="\x57\x79\x70\xc5\x82\x61\x74\x61\x20\x70\xc5\x82\x61\x63\x20\x69\x20\x73\x70\xc5\x82\x61\x74\x61\x20\x64\xc5\x82\x75\x67\xc3\xb3\x77";
Loc::strings["\x70\x61\x79\x72\x6f\x6c\x6c\x2e\x63\x6f\x6d\x70\x65\x6e\x73\x61\x74\x69\x6f\x6e\x5f\x70\x61\x79\x6d\x65\x6e\x74"]="\x57\x79\x70\xc5\x82\x61\x74\x61\x20\x6f\x64\x73\x7a\x6b\x6f\x64\x6f\x77\x61\x6e\x69\x61";
Loc::strings["\x70\x61\x79\x72\x6f\x6c\x6c\x2e\x63\x6f\x6e\x74\x72\x61\x63\x74\x5f\x72\x65\x70\x61\x79\x6d\x65\x6e\x74"]="\x53\x70\xc5\x82\x61\x74\x61\x20\x64\xc5\x82\x75\x67\x75\x20\x7a\x20\x6b\x6f\x6e\x74\x72\x61\x6b\x74\x75";
Loc::strings["\x70\x61\x79\x72\x6f\x6c\x6c\x2e\x61\x63\x63\x6f\x75\x6e\x74\x69\x6e\x67\x5f\x6e\x6f\x74\x65"]="\x53\x7a\x6b\x69\x65\x6c\x65\x74\x79\x20\x6b\x6f\x73\x7a\x74\x75\x6a\xc4\x85\x20\x30\x20\x69\x20\x6e\x69\x65\x20\x73\xc4\x85\x20\x6c\x69\x63\x7a\x6f\x6e\x65\x20\x6a\x61\x6b\x6f\x20\x6f\x70\xc5\x82\x61\x63\x61\x6e\x69\x20\x63\x7a\xc5\x82\x6f\x6e\x6b\x6f\x77\x69\x65\x2e\x20\x44\xc5\x82\x75\x67\x69\x20\x62\x79\xc5\x82\x79\x63\x68\x20\x63\x7a\xc5\x82\x6f\x6e\x6b\xc3\xb3\x77\x20\x70\x6f\x7a\x6f\x73\x74\x61\x6a\xc4\x85\x20\x6e\x61\x6c\x65\xc5\xbc\x6e\x65\x2e\x20\x55\x74\x72\x61\x74\x79\x20\x6b\x6f\xc5\x84\x63\x7a\x79\x6e\x20\x73\x70\x72\x7a\x65\x64\x20\x72\x6f\x7a\x70\x6f\x63\x7a\xc4\x99\x63\x69\x61\x20\xc5\x9b\x6c\x65\x64\x7a\x65\x6e\x69\x61\x20\x6e\x69\x65\x20\x73\xc4\x85\x20\x6b\x6f\x6d\x70\x65\x6e\x73\x6f\x77\x61\x6e\x65\x2e\x20\x50\x72\x7a\x79\x63\x68\x6f\x64\x79\x20\x7a\x20\x64\x65\x6c\x65\x67\x61\x63\x6a\x69\x20\x73\xc4\x85\x20\x64\x7a\x69\x65\x6c\x6f\x6e\x65\x20\x72\xc3\xb3\x77\x6e\x6f\x3b\x20\x70\x72\x7a\x79\x63\x68\x6f\x64\x79\x20\x6f\x73\x6f\x62\x69\x73\x74\x65\x20\x6e\x69\x65\x20\x73\xc4\x85\x20\x70\x72\x7a\x79\x70\x69\x73\x79\x77\x61\x6e\x65\x20\x62\x65\x7a\x20\x77\x69\x61\x72\x79\x67\x6f\x64\x6e\x65\x6a\x20\x6c\x69\x73\x74\x79\x20\x75\x63\x7a\x65\x73\x74\x6e\x69\x6b\xc3\xb3\x77\x2e";
Loc::strings["\x70\x61\x79\x72\x6f\x6c\x6c\x2e\x61\x6e\x69\x6d\x61\x6c"]="\x5a\x77\x69\x65\x72\x7a\xc4\x99\x20\xe2\x80\x94\x20\x62\x65\x7a\x20\x70\xc5\x82\x61\x63\x79";
Loc::strings["\x70\x61\x79\x72\x6f\x6c\x6c\x2e\x73\x75\x73\x70\x65\x6e\x64\x65\x64\x5f\x62\x61\x6c\x61\x6e\x63\x65"]="\x50\xc5\x82\x61\x63\x61\x20\x6e\x61\x6c\x69\x63\x7a\x6f\x6e\x61\x20\x70\x72\x7a\x65\x64\x20\x7a\x61\x77\x69\x65\x73\x7a\x65\x6e\x69\x65\x6d";
Loc::strings["\x70\x61\x79\x72\x6f\x6c\x6c\x2e\x75\x69\x2e\x68\x65\x61\x64\x65\x72"]="\x54\x48\x45\x20\x4d\x45\x52\x43\x45\x4e\x41\x52\x49\x45\x20\x20\x7c\x20\x20\x5a\x41\x52\x5a\xc4\x84\x44\x5a\x41\x4e\x49\x45\x20\x47\x49\x4c\x44\x49\xc4\x84";
Loc::strings["\x70\x61\x79\x72\x6f\x6c\x6c\x2e\x75\x69\x2e\x69\x6e\x66\x6f\x72\x6d\x61\x74\x69\x6f\x6e"]="\x49\x6e\x66\x6f\x72\x6d\x61\x63\x6a\x65";
Loc::strings["\x70\x61\x79\x72\x6f\x6c\x6c\x2e\x75\x69\x2e\x61\x6c\x6c"]="\x57\x73\x7a\x79\x73\x74\x6b\x69\x65";
Loc::strings["\x70\x61\x79\x72\x6f\x6c\x6c\x2e\x75\x69\x2e\x75\x6e\x6b\x6e\x6f\x77\x6e"]="\x4e\x69\x65\x7a\x6e\x61\x6e\x65";
Loc::strings["\x70\x61\x79\x72\x6f\x6c\x6c\x2e\x75\x69\x2e\x73\x65\x61\x72\x63\x68"]="\x53\x7a\x75\x6b\x61\x6a\x20\x6e\x61\x7a\x77\x79\x20\x6c\x75\x62\x20\x6f\x70\x69\x73\x75";
Loc::strings["\x70\x61\x79\x72\x6f\x6c\x6c\x2e\x75\x69\x2e\x6e\x61\x6d\x65"]="\x49\x6d\x69\xc4\x99";
Loc::strings["\x70\x61\x79\x72\x6f\x6c\x6c\x2e\x75\x69\x2e\x6e\x65\x77\x65\x73\x74"]="\x4e\x61\x6a\x6e\x6f\x77\x73\x7a\x65";
Loc::strings["\x70\x61\x79\x72\x6f\x6c\x6c\x2e\x75\x69\x2e\x6f\x6c\x64\x65\x73\x74"]="\x4e\x61\x6a\x73\x74\x61\x72\x73\x7a\x65";
Loc::strings["\x70\x61\x79\x72\x6f\x6c\x6c\x2e\x75\x69\x2e\x72\x61\x74\x65"]="\x50\xc5\x82\x61\x63\x61\x20\x64\x7a\x69\x65\x6e\x6e\x61";
Loc::strings["\x70\x61\x79\x72\x6f\x6c\x6c\x2e\x75\x69\x2e\x74\x72\x65\x61\x73\x75\x72\x79"]="\x53\x6b\x61\x72\x62\x69\x65\x63";
Loc::strings["\x70\x61\x79\x72\x6f\x6c\x6c\x2e\x75\x69\x2e\x6e\x65\x78\x74"]="\x4e\x61\x73\x74\xc4\x99\x70\x6e\x61\x20\x77\x79\x70\xc5\x82\x61\x74\x61";
Loc::strings["\x70\x61\x79\x72\x6f\x6c\x6c\x2e\x75\x69\x2e\x65\x73\x74\x69\x6d\x61\x74\x65"]="\x4b\x6f\x73\x7a\x74\x20\x28\x37\x20\x64\x6e\x69\x29";
Loc::strings["\x70\x61\x79\x72\x6f\x6c\x6c\x2e\x75\x69\x2e\x64\x65\x62\x74"]="\xc5\x81\xc4\x85\x63\x7a\x6e\x79\x20\x64\xc5\x82\x75\x67";
Loc::strings["\x70\x61\x79\x72\x6f\x6c\x6c\x2e\x75\x69\x2e\x72\x61\x74\x65\x73"]="\x50\xc5\x81\x41\x43\x45\x20\x57\x45\x44\xc5\x81\x55\x47\x20\x52\x41\x4e\x47\x49";
Loc::strings["\x70\x61\x79\x72\x6f\x6c\x6c\x2e\x75\x69\x2e\x72\x61\x6e\x6b"]="\x52\x61\x6e\x67\x61";
Loc::strings["\x70\x61\x79\x72\x6f\x6c\x6c\x2e\x75\x69\x2e\x63\x6f\x75\x6e\x74"]="\x4f\x70\xc5\x82\x61\x63\x61\x6e\x69";
Loc::strings["\x70\x61\x79\x72\x6f\x6c\x6c\x2e\x75\x69\x2e\x64\x61\x69\x6c\x79"]="\x53\x75\x6d\x61\x20\x64\x7a\x69\x65\x6e\x6e\x61";
Loc::strings["\x70\x61\x79\x72\x6f\x6c\x6c\x2e\x75\x69\x2e\x77\x65\x65\x6b\x6c\x79"]="\x53\x75\x6d\x61\x20\x7a\x61\x20\x37\x20\x64\x6e\x69";
Loc::strings["\x70\x61\x79\x72\x6f\x6c\x6c\x2e\x75\x69\x2e\x68\x65\x61\x64\x63\x6f\x75\x6e\x74"]="\x43\x7a\xc5\x82\x6f\x6e\x6b\x6f\x77\x69\x65";
Loc::strings["\x70\x61\x79\x72\x6f\x6c\x6c\x2e\x75\x69\x2e\x63\x6f\x6e\x74\x72\x61\x63\x74\x73"]="\x55\x6b\x6f\xc5\x84\x63\x7a\x6f\x6e\x65\x20\x6b\x6f\x6e\x74\x72\x61\x6b\x74\x79";
Loc::strings["\x70\x61\x79\x72\x6f\x6c\x6c\x2e\x75\x69\x2e\x69\x6e\x63\x6f\x6d\x65"]="\x50\x72\x7a\x79\x63\x68\x6f\x64\x79";
Loc::strings["\x70\x61\x79\x72\x6f\x6c\x6c\x2e\x75\x69\x2e\x63\x6f\x73\x74"]="\x4b\x6f\x73\x7a\x74\x79";
Loc::strings["\x70\x61\x79\x72\x6f\x6c\x6c\x2e\x75\x69\x2e\x73\x74\x61\x74\x75\x73"]="\x53\x74\x61\x74\x75\x73";
Loc::strings["\x70\x61\x79\x72\x6f\x6c\x6c\x2e\x75\x69\x2e\x64\x61\x74\x65"]="\x44\x61\x74\x61";
Loc::strings["\x70\x61\x79\x72\x6f\x6c\x6c\x2e\x75\x69\x2e\x73\x65\x72\x76\x69\x63\x65"]="\x53\xc5\x82\x75\xc5\xbc\x62\x61";
Loc::strings["\x70\x61\x79\x72\x6f\x6c\x6c\x2e\x75\x69\x2e\x63\x61\x75\x73\x65"]="\x50\x6f\x77\xc3\xb3\x64";
Loc::strings["\x70\x61\x79\x72\x6f\x6c\x6c\x2e\x75\x69\x2e\x63\x6f\x6d\x70\x65\x6e\x73\x61\x74\x69\x6f\x6e"]="\x57\x79\x70\xc5\x82\x61\x63\x6f\x6e\x65\x20\x6f\x64\x73\x7a\x6b\x6f\x64\x6f\x77\x61\x6e\x69\x61";
Loc::strings["\x70\x61\x79\x72\x6f\x6c\x6c\x2e\x75\x69\x2e\x64\x65\x74\x61\x69\x6c\x73"]="\x53\x7a\x63\x7a\x65\x67\xc3\xb3\xc5\x82\x79";
Loc::strings["\x70\x61\x79\x72\x6f\x6c\x6c\x2e\x75\x69\x2e\x64\x61\x79\x73"]="\x64\x6e\x69";
Loc::strings["\x70\x61\x79\x72\x6f\x6c\x6c\x2e\x75\x69\x2e\x73\x74\x61\x74\x69\x73\x74\x69\x63\x73"]="\x53\x74\x61\x74\x79\x73\x74\x79\x6b\x69";
Loc::strings["\x70\x61\x79\x72\x6f\x6c\x6c\x2e\x75\x69\x2e\x74\x72\x61\x6e\x73\x61\x63\x74\x69\x6f\x6e\x73"]="\x54\x72\x61\x6e\x73\x61\x6b\x63\x6a\x65";
Loc::strings["\x70\x61\x79\x72\x6f\x6c\x6c\x2e\x75\x69\x2e\x74\x79\x70\x65"]="\x54\x79\x70";
Loc::strings["\x70\x61\x79\x72\x6f\x6c\x6c\x2e\x75\x69\x2e\x64\x65\x73\x63\x72\x69\x70\x74\x69\x6f\x6e"]="\x4f\x70\x69\x73";
Loc::strings["\x70\x61\x79\x72\x6f\x6c\x6c\x2e\x75\x69\x2e\x61\x6d\x6f\x75\x6e\x74"]="\x4b\x77\x6f\x74\x61";
Loc::strings["\x70\x61\x79\x72\x6f\x6c\x6c\x2e\x75\x69\x2e\x62\x61\x6c\x61\x6e\x63\x65"]="\x53\x61\x6c\x64\x6f";
Loc::strings["\x70\x61\x79\x72\x6f\x6c\x6c\x2e\x75\x69\x2e\x65\x78\x70\x65\x6e\x73\x65\x73"]="\x57\x79\x64\x61\x74\x6b\x69";
Loc::strings["\x70\x61\x79\x72\x6f\x6c\x6c\x2e\x75\x69\x2e\x70\x65\x72\x69\x6f\x64\x5f\x62\x61\x6c\x61\x6e\x63\x65"]="\x53\x61\x6c\x64\x6f\x20\x77\x69\x64\x6f\x63\x7a\x6e\x79\x63\x68\x20\x77\x70\x69\x73\xc3\xb3\x77";
Loc::strings["\x70\x61\x79\x72\x6f\x6c\x6c\x2e\x75\x69\x2e\x65\x6d\x70\x74\x79\x5f\x6d\x65\x6d\x62\x65\x72\x73"]="\x42\x52\x41\x4b\x20\x4e\x41\x4a\x45\x4d\x4e\x49\x4b\xc3\x93\x57";
Loc::strings["\x70\x61\x79\x72\x6f\x6c\x6c\x2e\x75\x69\x2e\x65\x6d\x70\x74\x79\x5f\x66\x6f\x72\x6d\x65\x72"]="\x42\x52\x41\x4b\x20\x42\x59\xc5\x81\x59\x43\x48\x20\x4e\x41\x4a\x45\x4d\x4e\x49\x4b\xc3\x93\x57";
Loc::strings["\x70\x61\x79\x72\x6f\x6c\x6c\x2e\x75\x69\x2e\x65\x6d\x70\x74\x79\x5f\x68\x69\x73\x74\x6f\x72\x79"]="\x42\x52\x41\x4b\x20\x54\x52\x41\x4e\x53\x41\x4b\x43\x4a\x49";
Loc::strings["\x70\x61\x79\x72\x6f\x6c\x6c\x2e\x75\x69\x2e\x65\x6d\x70\x74\x79\x5f\x68\x69\x6e\x74"]="\x42\x72\x61\x6b\x20\x77\x79\x6e\x69\x6b\xc3\xb3\x77\x20\x64\x6c\x61\x20\x62\x69\x65\xc5\xbc\xc4\x85\x63\x79\x63\x68\x20\x66\x69\x6c\x74\x72\xc3\xb3\x77\x2e";
Loc::strings["\x70\x61\x79\x72\x6f\x6c\x6c\x2e\x75\x69\x2e\x72\x61\x74\x65\x73\x5f\x69\x6e\x66\x6f"]="\x57\x79\x70\xc5\x82\x61\x74\x61\x20\x63\x6f\x20\x37\x20\x64\x6e\x69\x20\x28\x31\x36\x38\x20\x67\x6f\x64\x7a\x69\x6e\x20\x4b\x65\x6e\x73\x68\x69\x29\x2e\x0a\x0a\x53\x74\x61\x77\x6b\x69\x20\x64\x6f\x74\x79\x63\x7a\xc4\x85\x20\x63\x7a\xc5\x82\x6f\x6e\x6b\xc3\xb3\x77\x20\x64\x61\x6e\x65\x6a\x20\x72\x61\x6e\x67\x69\x2e\x0a\x0a\x53\x70\xc5\x82\x61\x74\x61\x20\x64\xc5\x82\x75\x67\xc3\xb3\x77\x20\x7a\x75\xc5\xbc\x79\x77\x61\x20\x6e\x61\x6a\x77\x79\xc5\xbc\x65\x6a\x20\x70\x6f\xc5\x82\x6f\x77\xc4\x99\x20\x6e\x61\x67\x72\xc3\xb3\x64\x2e\x0a\x0a\x53\x7a\x6b\x69\x65\x6c\x65\x74\x79\x20\x6b\x6f\x73\x7a\x74\x75\x6a\xc4\x85\x20\x30\x20\x43\x61\x74\x73\x2e";
Loc::strings["\x70\x61\x79\x72\x6f\x6c\x6c\x2e\x75\x69\x2e\x66\x6f\x72\x6d\x65\x72\x5f\x69\x6e\x66\x6f"]="\x42\x79\x6c\x69\x20\x63\x7a\xc5\x82\x6f\x6e\x6b\x6f\x77\x69\x65\x20\x70\x6f\x7a\x6f\x73\x74\x61\x6a\xc4\x85\x20\x77\x20\x68\x69\x73\x74\x6f\x72\x69\x69\x2e\x20\x53\x74\x61\x74\x75\x73\x20\x69\x20\x70\x72\x7a\x79\x63\x7a\x79\x6e\x61\x20\x6f\x64\x65\x6a\xc5\x9b\x63\x69\x61\x20\x6e\x69\x65\x20\x73\xc4\x85\x20\x7a\x61\x70\x69\x73\x79\x77\x61\x6e\x65\x2e\x20\x44\xc5\x82\x75\x67\x69\x20\x70\x6f\x7a\x6f\x73\x74\x61\x6a\xc4\x85\x20\x6e\x61\x6c\x65\xc5\xbc\x6e\x65\x2e\x20\x4f\x64\x73\x7a\x6b\x6f\x64\x6f\x77\x61\x6e\x69\x65\x20\x7a\x61\x20\x75\x74\x72\x61\x74\xc4\x99\x20\x6b\x6f\xc5\x84\x63\x7a\x79\x6e\x79\x20\x77\x79\x6e\x6f\x73\x69\x20\x31\x20\x30\x30\x30\x20\x43\x61\x74\x73\x2e";
Loc::strings["\x70\x61\x79\x72\x6f\x6c\x6c\x2e\x75\x69\x2e\x68\x69\x73\x74\x6f\x72\x79\x5f\x69\x6e\x66\x6f"]="\x5a\x61\x70\x69\x73\x61\x6e\x79\x20\x64\x7a\x69\x65\x6e\x6e\x69\x6b\x20\x66\x69\x6e\x61\x6e\x73\x6f\x77\x79\x20\x67\x69\x6c\x64\x69\x69\x2e\x20\x53\x75\x6d\x79\x20\x6f\x62\x65\x6a\x6d\x75\x6a\xc4\x85\x20\x77\x73\x7a\x79\x73\x74\x6b\x69\x65\x20\x66\x69\x6c\x74\x72\x6f\x77\x61\x6e\x65\x20\x77\x69\x65\x72\x73\x7a\x65\x2c\x20\x74\x61\x6b\xc5\xbc\x65\x20\x6e\x61\x20\x69\x6e\x6e\x79\x63\x68\x20\x73\x74\x72\x6f\x6e\x61\x63\x68\x2e\x20\x41\x72\x63\x68\x69\x77\x61\x20\x7a\x62\x69\x6f\x72\x63\x7a\x65\x20\x73\xc4\x85\x20\x6f\x7a\x6e\x61\x63\x7a\x6f\x6e\x65\x3b\x20\x62\x72\x61\x6b\x20\x73\x61\x6c\x64\x61\x20\x6f\x7a\x6e\x61\x63\x7a\x61\x20\x77\x61\x72\x74\x6f\xc5\x9b\xc4\x87\x20\x6e\x69\x65\x7a\x6e\x61\x6e\xc4\x85\x2e\x20\x44\xc5\x82\x75\x67\x69\x20\x69\x20\x6f\x64\x73\x7a\x6b\x6f\x64\x6f\x77\x61\x6e\x69\x61\x20\x73\xc4\x85\x20\x77\x20\x73\x7a\x63\x7a\x65\x67\xc3\xb3\xc5\x82\x61\x63\x68\x20\x63\x7a\xc5\x82\x6f\x6e\x6b\xc3\xb3\x77\x2e";
Loc::strings["\x70\x61\x79\x72\x6f\x6c\x6c\x2e\x75\x69\x2e\x64\x65\x63\x65\x61\x73\x65\x64"]="\x5a\x6d\x61\x72\x6c\x69";
Loc::strings["\x70\x61\x79\x72\x6f\x6c\x6c\x2e\x75\x69\x2e\x64\x65\x70\x61\x72\x74\x65\x64"]="\x4f\x64\x65\x73\x7a\x6c\x69";
Loc::strings["\x70\x61\x79\x72\x6f\x6c\x6c\x2e\x73\x68\x65\x65\x74\x2e\x67\x65\x6e\x65\x72\x61\x6c"]="\x49\x6e\x66\x6f\x72\x6d\x61\x63\x6a\x65\x20\x6f\x67\xc3\xb3\x6c\x6e\x65";
Loc::strings["\x70\x61\x79\x72\x6f\x6c\x6c\x2e\x73\x68\x65\x65\x74\x2e\x70\x65\x72\x69\x6f\x64"]="\x4f\x6b\x72\x65\x73";
Loc::strings["\x70\x61\x79\x72\x6f\x6c\x6c\x2e\x73\x68\x65\x65\x74\x2e\x6e\x65\x77"]="\x4e\x6f\x77\x61\x20\x77\x79\x70\xc5\x82\x61\x74\x61";
Loc::strings["\x70\x61\x79\x72\x6f\x6c\x6c\x2e\x73\x68\x65\x65\x74\x2e\x63\x61\x73\x68"]="\x4f\x62\x65\x63\x6e\x65\x20\xc5\x9b\x72\x6f\x64\x6b\x69";
Loc::strings["\x70\x61\x79\x72\x6f\x6c\x6c\x2e\x73\x68\x65\x65\x74\x2e\x6f\x6c\x64"]="\x50\x6f\x70\x72\x7a\x65\x64\x6e\x69\x65\x20\x64\xc5\x82\x75\x67\x69\x20\x70\xc5\x82\x61\x63\x6f\x77\x65";
Loc::strings["\x70\x61\x79\x72\x6f\x6c\x6c\x2e\x73\x68\x65\x65\x74\x2e\x6c\x69\x6d\x62\x73"]="\x4e\x61\x6c\x65\xc5\xbc\x6e\x65\x20\x6f\x64\x73\x7a\x6b\x6f\x64\x6f\x77\x61\x6e\x69\x61";
Loc::strings["\x70\x61\x79\x72\x6f\x6c\x6c\x2e\x73\x68\x65\x65\x74\x2e\x64\x75\x65"]="\x50\x6f\x7a\x6f\x73\x74\x61\xc5\x82\x6f\x20\x64\x6f\x20\x7a\x61\x70\xc5\x82\x61\x74\x79";
Loc::strings["\x70\x61\x79\x72\x6f\x6c\x6c\x2e\x73\x68\x65\x65\x74\x2e\x70\x65\x72\x69\x6f\x64\x5f\x76\x61\x6c\x75\x65"]="\x6f\x64\x20\x7b\x73\x74\x61\x72\x74\x7d\x20\x64\x6f\x20\x7b\x65\x6e\x64\x7d";
Loc::strings["\x70\x61\x79\x72\x6f\x6c\x6c\x2e\x73\x68\x65\x65\x74\x2e\x6d\x6f\x74\x74\x6f"]="\x4b\x6f\x6e\x74\x72\x61\x6b\x74\x79\x2c\x0a\x67\x69\x6c\x64\x69\x61\x2c\x0a\x62\x65\x7a\x70\x69\x65\x63\x7a\x6e\x69\x65\x6a\x73\x7a\x79\x20\xc5\x9b\x77\x69\x61\x74\x2e";
Loc::strings["\x70\x61\x79\x72\x6f\x6c\x6c\x2e\x73\x68\x65\x65\x74\x2e\x62\x79\x5f\x72\x61\x6e\x6b"]="\x50\x6f\x64\x7a\x69\x61\xc5\x82\x20\x77\x65\x64\xc5\x82\x75\x67\x20\x72\x61\x6e\x67\x69";
Loc::strings["\x70\x61\x79\x72\x6f\x6c\x6c\x2e\x73\x68\x65\x65\x74\x2e\x72\x61\x6e\x6b"]="\x52\x61\x6e\x67\x61";
Loc::strings["\x70\x61\x79\x72\x6f\x6c\x6c\x2e\x73\x68\x65\x65\x74\x2e\x63\x6f\x75\x6e\x74"]="\x4c\x69\x63\x7a\x62\x61\x20\x6e\x61\x6a\x65\x6d\x6e\x69\x6b\xc3\xb3\x77";
Loc::strings["\x70\x61\x79\x72\x6f\x6c\x6c\x2e\x73\x68\x65\x65\x74\x2e\x64\x61\x69\x6c\x79"]="\x53\x74\x61\x77\x6b\x61\x20\x64\x7a\x69\x65\x6e\x6e\x61";
Loc::strings["\x70\x61\x79\x72\x6f\x6c\x6c\x2e\x73\x68\x65\x65\x74\x2e\x70\x65\x72\x69\x6f\x64\x5f\x74\x6f\x74\x61\x6c"]="\x53\x75\x6d\x61\x20\x7a\x61\x20\x6f\x6b\x72\x65\x73";
Loc::strings["\x70\x61\x79\x72\x6f\x6c\x6c\x2e\x73\x68\x65\x65\x74\x2e\x76\x61\x72\x69\x61\x62\x6c\x65"]="\x5a\x6d\x69\x65\x6e\x6e\x61";
Loc::strings["\x70\x61\x79\x72\x6f\x6c\x6c\x2e\x73\x68\x65\x65\x74\x2e\x67\x72\x61\x6e\x64\x5f\x74\x6f\x74\x61\x6c"]="\x53\x55\x4d\x41\x20\x4f\x47\xc3\x93\xc5\x81\x45\x4d";
Loc::strings["\x70\x61\x79\x72\x6f\x6c\x6c\x2e\x73\x68\x65\x65\x74\x2e\x67\x72\x6f\x75\x70\x5f\x6e\x6f\x74\x65"]="\x52\x61\x6e\x67\x61\x20\x77\x20\x64\x6e\x69\x75\x20\x72\x6f\x7a\x6c\x69\x63\x7a\x65\x6e\x69\x61\x2e\x20\x4b\x77\x6f\x74\x79\x20\x75\x77\x7a\x67\x6c\xc4\x99\x64\x6e\x69\x61\x6a\xc4\x85\x20\x7a\x6d\x69\x61\x6e\x79\x20\x72\x61\x6e\x67\x20\x69\x20\x73\x74\x61\x77\x65\x6b\x20\x77\x20\x64\x61\x6e\x79\x6d\x20\x6f\x6b\x72\x65\x73\x69\x65\x2e";
Loc::strings["\x70\x61\x79\x72\x6f\x6c\x6c\x2e\x73\x68\x65\x65\x74\x2e\x64\x65\x74\x61\x69\x6c\x73"]="\x50\x6f\x6b\x61\xc5\xbc\x20\x73\x7a\x63\x7a\x65\x67\xc3\xb3\xc5\x82\x79";
Loc::strings["\x70\x61\x79\x72\x6f\x6c\x6c\x2e\x73\x68\x65\x65\x74\x2e\x68\x69\x64\x65\x5f\x64\x65\x74\x61\x69\x6c\x73"]="\x55\x6b\x72\x79\x6a\x20\x73\x7a\x63\x7a\x65\x67\xc3\xb3\xc5\x82\x79";
Loc::strings["\x70\x61\x79\x72\x6f\x6c\x6c\x2e\x73\x68\x65\x65\x74\x2e\x64\x75\x72\x61\x74\x69\x6f\x6e"]="\x7b\x64\x61\x79\x73\x7d\x20\x64\x20\x7b\x68\x6f\x75\x72\x73\x7d\x20\x67\x6f\x64\x7a\x2e\x20\x7b\x6d\x69\x6e\x75\x74\x65\x73\x7d\x20\x6d\x69\x6e";
Loc::strings["\x70\x61\x79\x72\x6f\x6c\x6c\x2e\x73\x68\x65\x65\x74\x2e\x6c\x65\x73\x73\x5f\x6d\x69\x6e\x75\x74\x65"]="\x4d\x6e\x69\x65\x6a\x20\x6e\x69\xc5\xbc\x20\x31\x20\x6d\x69\x6e";
Loc::strings["\x70\x61\x79\x72\x6f\x6c\x6c\x2e\x73\x68\x65\x65\x74\x2e\x73\x65\x67\x6d\x65\x6e\x74"]="\x7b\x72\x61\x6e\x6b\x7d\x20\xc2\xb7\x20\x7b\x72\x61\x74\x65\x7d\x2f\x64\x7a\x69\x65\xc5\x84\x20\xc2\xb7\x20\x7b\x64\x75\x72\x61\x74\x69\x6f\x6e\x7d\x20\x3d\x20\x7b\x61\x6d\x6f\x75\x6e\x74\x7d";
Loc::strings["\x66\x69\x6e\x61\x6e\x63\x65\x2e\x72\x65\x6e\x74\x73"]="\x43\x7a\x79\x6e\x73\x7a\x65";
Loc::strings["\x69\x6d\x70\x6f\x72\x74\x2e\x70\x61\x79\x72\x6f\x6c\x6c\x2e\x68\x65\x6c\x70"]="\x50\xc5\x82\x61\x63\x65\x20\x77\x7a\x6e\x6f\x77\x69\xc4\x85\x20\x73\x69\xc4\x99\x20\x61\x75\x74\x6f\x6d\x61\x74\x79\x63\x7a\x6e\x69\x65\x2c\x20\x67\x64\x79\x20\x6b\x61\xc5\xbc\x64\x79\x20\x63\x7a\xc5\x82\x6f\x6e\x65\x6b\x20\x70\x6f\x6e\x69\xc5\xbc\x65\x6a\x20\x62\xc4\x99\x64\x7a\x69\x65\x20\x6f\x64\x70\x6f\x77\x69\x61\x64\x61\xc5\x82\x20\x64\x6f\x6b\xc5\x82\x61\x64\x6e\x69\x65\x20\x6a\x65\x64\x6e\x65\x6a\x20\x6f\x62\x65\x63\x6e\x65\x6a\x20\x70\x6f\x73\x74\x61\x63\x69\x20\x6f\x20\x74\x79\x6d\x20\x73\x61\x6d\x79\x6d\x20\x69\x6d\x69\x65\x6e\x69\x75\x20\x69\x20\x74\x79\x70\x69\x65\x2e\x20\x44\xc5\x82\x75\x67\x69\x20\x69\x20\x68\x69\x73\x74\x6f\x72\x69\x61\x20\x70\x6f\x7a\x6f\x73\x74\x61\x6a\xc4\x85\x3b\x20\x77\x7a\x6e\x6f\x77\x69\x65\x6e\x69\x65\x20\x6e\x69\x63\x20\x6e\x69\x65\x20\x6b\x6f\x73\x7a\x74\x75\x6a\x65\x20\x69\x20\x6e\x69\x65\x20\x6e\x61\x6c\x69\x63\x7a\x61\x20\x70\xc5\x82\x61\x63\x20\x7a\x61\x20\x6f\x6b\x72\x65\x73\x20\x7a\x61\x77\x69\x65\x73\x7a\x65\x6e\x69\x61\x2e";
Loc::strings["\x69\x6d\x70\x6f\x72\x74\x2e\x70\x61\x79\x72\x6f\x6c\x6c\x2e\x61\x6d\x62\x69\x67\x75\x6f\x75\x73"]="\x4e\x69\x65\x20\x6d\x6f\xc5\xbc\x6e\x61\x20\x77\x7a\x6e\x6f\x77\x69\xc4\x87\x3a\x20\x62\x72\x61\x6b\x75\x6a\x65\x20\x63\x7a\xc5\x82\x6f\x6e\x6b\x61\x2c\x20\x69\x6d\x69\x6f\x6e\x61\x20\x73\x69\xc4\x99\x20\x70\x6f\x77\x74\x61\x72\x7a\x61\x6a\xc4\x85\x20\x6c\x75\x62\x20\x69\x64\x65\x6e\x74\x79\x66\x69\x6b\x61\x74\x6f\x72\x79\x20\x73\xc4\x85\x20\x73\x70\x72\x7a\x65\x63\x7a\x6e\x65\x2e\x20\x5a\x62\x69\x65\x72\x7a\x20\x63\x7a\xc5\x82\x6f\x6e\x6b\xc3\xb3\x77\x20\x69\x20\x6e\x61\x64\x61\x6a\x20\x69\x6d\x20\x75\x6e\x69\x6b\x61\x6c\x6e\x65\x20\x69\x6d\x69\x6f\x6e\x61\x20\x7a\x67\x6f\x64\x6e\x65\x20\x7a\x20\x7a\x61\x70\x69\x73\x61\x6e\x79\x6d\x69\x2e";
Loc::strings["\x69\x6d\x70\x6f\x72\x74\x2e\x70\x61\x79\x72\x6f\x6c\x6c\x2e\x72\x65\x76\x69\x65\x77"]="\x53\x70\x72\x61\x77\x64\xc5\xba\x20\x77\x7a\x6e\x6f\x77\x69\x65\x6e\x69\x65\x20\x70\xc5\x82\x61\x63";
Loc::strings["\x69\x6d\x70\x6f\x72\x74\x2e\x63\x6f\x6e\x66\x69\x72\x6d"]="\x50\x6f\x74\x77\x69\x65\x72\x64\xc5\xba\x20\x77\x7a\x6e\x6f\x77\x69\x65\x6e\x69\x65";
Loc::strings["\x69\x6d\x70\x6f\x72\x74\x2e\x61\x72\x74\x69\x73\x61\x6e\x2e\x68\x65\x6c\x70"]="\x57\x79\x62\x69\x65\x72\x7a\x20\x64\x61\x77\x6e\x79\x20\x77\x61\x72\x73\x7a\x74\x61\x74\x20\x64\x6f\x20\x70\x72\x7a\x65\x6e\x69\x65\x73\x69\x65\x6e\x69\x61\x2e\x20\x5a\x61\x6d\xc3\xb3\x77\x69\x65\x6e\x69\x61\x20\x70\x6f\x7a\x6f\x73\x74\x61\x6a\xc4\x85\x20\x6f\x70\xc5\x82\x61\x63\x6f\x6e\x65\x2c\x20\x7a\x20\x6e\x69\x65\x6f\x64\x65\x62\x72\x61\x6e\xc4\x85\x20\x69\x6c\x6f\xc5\x9b\x63\x69\xc4\x85\x3b\x20\x62\x65\x7a\x20\x6e\x6f\x77\x65\x6a\x20\x6f\x70\xc5\x82\x61\x74\x79\x2e\x20\x52\x7a\x65\x6d\x69\x65\xc5\x9b\x6c\x6e\x69\x6b\x20\x6d\x75\x73\x69\x20\x6d\x69\x65\xc4\x87\x20\x77\xc5\x82\x61\xc5\x9b\x63\x69\x77\x79\x20\x7a\x61\x77\xc3\xb3\x64\x20\x69\x20\x6e\x69\x65\x20\x6d\x69\x65\xc4\x87\x20\x69\x6e\x6e\x65\x67\x6f\x20\x6b\x6f\x73\x7a\x79\x6b\x61\x20\x61\x6e\x69\x20\x68\x69\x73\x74\x6f\x72\x69\x69\x20\x7a\x61\x6d\xc3\xb3\x77\x69\x65\xc5\x84\x2e\x20\x57\x20\x73\x74\x61\x72\x79\x63\x68\x20\x7a\x61\x70\x69\x73\x61\x63\x68\x20\x62\x65\x7a\x20\x64\x61\x74\x79\x20\x7a\x61\x77\x69\x65\x73\x7a\x65\x6e\x69\x61\x20\x63\x7a\x61\x73\x20\x6e\x69\x65\x75\x6b\x6f\xc5\x84\x63\x7a\x6f\x6e\x65\x6a\x20\x70\x72\x6f\x64\x75\x6b\x63\x6a\x69\x20\x7a\x61\x63\x7a\x79\x6e\x61\x20\x73\x69\xc4\x99\x20\x6f\x64\x20\x6e\x6f\x77\x61\x2e";
Loc::strings["\x69\x6d\x70\x6f\x72\x74\x2e\x61\x72\x74\x69\x73\x61\x6e\x2e\x6f\x70\x65\x6e"]="\x49\x6d\x70\x6f\x72\x74\x6f\x77\x61\x6e\x65\x20\x7a\x61\x6d\xc3\xb3\x77\x69\x65\x6e\x69\x61";
Loc::strings["\x69\x6d\x70\x6f\x72\x74\x2e\x61\x72\x74\x69\x73\x61\x6e\x2e\x74\x72\x61\x6e\x73\x66\x65\x72"]="\x50\x72\x7a\x65\x6e\x69\x65\xc5\x9b\x20\x64\x6f\x20\x74\x65\x67\x6f\x20\x72\x7a\x65\x6d\x69\x65\xc5\x9b\x6c\x6e\x69\x6b\x61";
Loc::strings["\x69\x6d\x70\x6f\x72\x74\x2e\x61\x72\x74\x69\x73\x61\x6e\x2e\x63\x6f\x6e\x66\x69\x72\x6d"]="\x50\x6f\x74\x77\x69\x65\x72\x64\xc5\xba\x20\x70\x72\x7a\x65\x6e\x69\x65\x73\x69\x65\x6e\x69\x65\x20\x77\x61\x72\x73\x7a\x74\x61\x74\x75\x2c\x20\x6b\x6f\x73\x7a\x79\x6b\x61\x20\x69\x20\x68\x69\x73\x74\x6f\x72\x69\x69\x20\x64\x6f\x3a";
Loc::strings["\x69\x6d\x70\x6f\x72\x74\x2e\x61\x72\x74\x69\x73\x61\x6e\x2e\x64\x6f\x6e\x65"]="\x57\x7a\x6e\x6f\x77\x69\x6f\x6e\x6f\x20\x7a\x61\x6d\xc3\xb3\x77\x69\x65\x6e\x69\x61\x20\x62\x65\x7a\x20\x6e\x6f\x77\x65\x6a\x20\x6f\x70\xc5\x82\x61\x74\x79\x2e\x20\x4f\x64\x65\x62\x72\x61\x6e\x65\x20\x70\x72\x7a\x65\x64\x6d\x69\x6f\x74\x79\x20\x6e\x69\x65\x20\x7a\x6f\x73\x74\x61\x6e\xc4\x85\x20\x77\x79\x64\x61\x6e\x65\x20\x70\x6f\x6e\x6f\x77\x6e\x69\x65\x2e";
Loc::strings["\x69\x6d\x70\x6f\x72\x74\x2e\x61\x72\x74\x69\x73\x61\x6e\x2e\x75\x6e\x61\x76\x61\x69\x6c\x61\x62\x6c\x65"]="\x4e\x69\x65\x20\x6d\x6f\xc5\xbc\x6e\x61\x20\x70\x72\x7a\x65\x6e\x69\x65\xc5\x9b\xc4\x87\x3a\x20\x77\x79\x6d\x61\x67\x61\x6e\x79\x20\x6a\x65\x73\x74\x20\x77\xc5\x82\x61\xc5\x9b\x63\x69\x77\x79\x20\x7a\x61\x77\xc3\xb3\x64\x20\x6f\x72\x61\x7a\x20\x62\x72\x61\x6b\x20\x69\x6e\x6e\x65\x67\x6f\x20\x6b\x6f\x73\x7a\x79\x6b\x61\x20\x69\x20\x68\x69\x73\x74\x6f\x72\x69\x69\x20\x7a\x61\x6d\xc3\xb3\x77\x69\x65\xc5\x84\x2e\x20\x57\x79\x62\x69\x65\x72\x7a\x20\x69\x6e\x6e\x65\x67\x6f\x20\x72\x7a\x65\x6d\x69\x65\xc5\x9b\x6c\x6e\x69\x6b\x61\x2e";
break;
case 3:
Loc::strings["\x75\x69\x2e\x63\x61\x74\x73"]="\x20\xd0\xba\xd0\xb0\xd1\x82\x2e";
Loc::strings["\x66\x69\x6e\x61\x6e\x63\x65\x2e\x74\x69\x74\x6c\x65"]="\xd0\xa4\xd0\x98\xd0\x9d\xd0\x90\xd0\x9d\xd0\xa1\xd0\xab";
Loc::strings["\x66\x69\x6e\x61\x6e\x63\x65\x2e\x73\x75\x62\x74\x69\x74\x6c\x65"]="\xd0\xa1\xd0\xbb\xd0\xb5\xd0\xb4\xd0\xb8\xd1\x82\xd0\xb5\x20\xd0\xb7\xd0\xb0\x20\xd0\xba\xd0\xb0\xd1\x82\xd0\xb0\xd0\xbc\xd0\xb8\x20\xd0\xb8\x20\xd0\xbf\xd0\xbb\xd0\xb0\xd0\xbd\xd0\xb8\xd1\x80\xd1\x83\xd0\xb9\xd1\x82\xd0\xb5\x20\xd0\xb1\xd1\x83\xd0\xb4\xd1\x83\xd1\x89\xd0\xb5\xd0\xb5\x20\xd0\x93\xd0\xb8\xd0\xbb\xd1\x8c\xd0\xb4\xd0\xb8\xd0\xb8\x2e";
Loc::strings["\x66\x69\x6e\x61\x6e\x63\x65\x2e\x70\x65\x72\x69\x6f\x64\x37"]="\xd0\x9f\xd0\xb5\xd1\x80\xd0\xb8\xd0\xbe\xd0\xb4\x3a\x20\x37\x20\xd0\xb4\xd0\xbd\xd0\xb5\xd0\xb9";
Loc::strings["\x66\x69\x6e\x61\x6e\x63\x65\x2e\x70\x65\x72\x69\x6f\x64\x33\x30"]="\xd0\x9f\xd0\xb5\xd1\x80\xd0\xb8\xd0\xbe\xd0\xb4\x3a\x20\x33\x30\x20\xd0\xb4\xd0\xbd\xd0\xb5\xd0\xb9";
Loc::strings["\x66\x69\x6e\x61\x6e\x63\x65\x2e\x70\x65\x72\x69\x6f\x64\x39\x30"]="\xd0\x9f\xd0\xb5\xd1\x80\xd0\xb8\xd0\xbe\xd0\xb4\x3a\x20\x39\x30\x20\xd0\xb4\xd0\xbd\xd0\xb5\xd0\xb9";
Loc::strings["\x66\x69\x6e\x61\x6e\x63\x65\x2e\x66\x75\x6e\x64\x73"]="\xd0\xa2\xd0\x95\xd0\x9a\xd0\xa3\xd0\xa9\xd0\x98\xd0\x95\x20\xd0\xa1\xd0\xa0\xd0\x95\xd0\x94\xd0\xa1\xd0\xa2\xd0\x92\xd0\x90";
Loc::strings["\x66\x69\x6e\x61\x6e\x63\x65\x2e\x69\x6e\x63\x6f\x6d\x65"]="\xd0\x94\xd0\x9e\xd0\xa5\xd0\x9e\xd0\x94\xd0\xab";
Loc::strings["\x66\x69\x6e\x61\x6e\x63\x65\x2e\x65\x78\x70\x65\x6e\x73\x65\x73"]="\xd0\xa0\xd0\x90\xd0\xa1\xd0\xa5\xd0\x9e\xd0\x94\xd0\xab";
Loc::strings["\x66\x69\x6e\x61\x6e\x63\x65\x2e\x6e\x65\x74"]="\xd0\xa7\xd0\x98\xd0\xa1\xd0\xa2\xd0\xab\xd0\x99\x20\xd0\x94\xd0\x95\xd0\x9d\xd0\x95\xd0\x96\xd0\x9d\xd0\xab\xd0\x99\x20\xd0\x9f\xd0\x9e\xd0\xa2\xd0\x9e\xd0\x9a";
Loc::strings["\x66\x69\x6e\x61\x6e\x63\x65\x2e\x66\x6f\x72\x65\x63\x61\x73\x74"]="\xd0\x9f\xd0\xa0\xd0\x9e\xd0\x93\xd0\x9d\xd0\x9e\xd0\x97\x20\xd0\x9d\xd0\x90\x20\x37\x20\xd0\x94\xd0\x9d\xd0\x95\xd0\x99";
Loc::strings["\x66\x69\x6e\x61\x6e\x63\x65\x2e\x63\x68\x61\x72\x74"]="\xd0\x94\xd0\x95\xd0\x9d\xd0\x95\xd0\x96\xd0\x9d\xd0\xab\xd0\x99\x20\xd0\x9f\xd0\x9e\xd0\xa2\xd0\x9e\xd0\x9a\x20\xd0\x92\xd0\x9e\x20\xd0\x92\xd0\xa0\xd0\x95\xd0\x9c\xd0\x95\xd0\x9d\xd0\x98";
Loc::strings["\x66\x69\x6e\x61\x6e\x63\x65\x2e\x6c\x65\x67\x65\x6e\x64"]="\xd0\x94\xd0\xbe\xd1\x85\xd0\xbe\xd0\xb4\xd1\x8b\x20\x2f\x20\xd0\xa0\xd0\xb0\xd1\x81\xd1\x85\xd0\xbe\xd0\xb4\xd1\x8b\x20\x2f\x20\xd0\x9d\xd0\xb0\xd0\xba\xd0\xbe\xd0\xbf\xd0\xbb\xd0\xb5\xd0\xbd\xd0\xbd\xd1\x8b\xd0\xb9\x20\xd0\xb8\xd1\x82\xd0\xbe\xd0\xb3";
Loc::strings["\x66\x69\x6e\x61\x6e\x63\x65\x2e\x63\x68\x61\x72\x74\x5f\x61\x78\x69\x73"]="\xd0\x9d\xd0\xb0\xd1\x87\xd0\xb0\xd0\xbb\xd0\xbe\x20\xd0\xbf\xd0\xb5\xd1\x80\xd0\xb8\xd0\xbe\xd0\xb4\xd0\xb0\x20\x20\x20\x20\x20\x20\x20\x20\x20\x20\x20\x20\x20\x20\x20\x20\x20\x20\x20\x20\x20\x20\x20\x20\x20\x20\x20\x20\x20\x20\x20\x20\x20\x20\x20\x20\x20\x20\xd0\xa1\xd0\xb5\xd0\xb3\xd0\xbe\xd0\xb4\xd0\xbd\xd1\x8f";
Loc::strings["\x66\x69\x6e\x61\x6e\x63\x65\x2e\x65\x6d\x70\x74\x79"]="\xd0\xa4\xd0\xb8\xd0\xbd\xd0\xb0\xd0\xbd\xd1\x81\xd0\xbe\xd0\xb2\xd1\x8b\xd0\xb5\x20\xd0\xb4\xd0\xb0\xd0\xbd\xd0\xbd\xd1\x8b\xd0\xb5\x20\xd0\xbe\xd1\x82\xd1\x81\xd1\x83\xd1\x82\xd1\x81\xd1\x82\xd0\xb2\xd1\x83\xd1\x8e\xd1\x82";
Loc::strings["\x66\x69\x6e\x61\x6e\x63\x65\x2e\x62\x72\x65\x61\x6b\x64\x6f\x77\x6e"]="\xd0\xa1\xd0\xa2\xd0\xa0\xd0\xa3\xd0\x9a\xd0\xa2\xd0\xa3\xd0\xa0\xd0\x90\x20\xd0\xa0\xd0\x90\xd0\xa1\xd0\xa5\xd0\x9e\xd0\x94\xd0\x9e\xd0\x92";
Loc::strings["\x66\x69\x6e\x61\x6e\x63\x65\x2e\x74\x6f\x74\x61\x6c"]="\xd0\x92\xd1\x81\xd0\xb5\xd0\xb3\xd0\xbe";
Loc::strings["\x66\x69\x6e\x61\x6e\x63\x65\x2e\x72\x65\x63\x75\x72\x72\x69\x6e\x67"]="\xd0\xa0\xd0\x95\xd0\x93\xd0\xa3\xd0\x9b\xd0\xaf\xd0\xa0\xd0\x9d\xd0\xab\xd0\x95\x20\xd0\x94\xd0\x9e\xd0\xa5\xd0\x9e\xd0\x94\xd0\xab\x20\x2f\x20\x37\x20\xd0\x94\xd0\x9d\x2e";
Loc::strings["\x66\x69\x6e\x61\x6e\x63\x65\x2e\x66\x75\x74\x75\x72\x65"]="\xd0\x9f\xd0\x9e\xd0\x97\xd0\x96\xd0\x95";
Loc::strings["\x66\x69\x6e\x61\x6e\x63\x65\x2e\x75\x6e\x61\x76\x61\x69\x6c\x61\x62\x6c\x65"]="\xd0\x9d\xd0\xb5\xd0\xb4\xd0\xbe\xd1\x81\xd1\x82\xd1\x83\xd0\xbf\xd0\xbd\xd0\xbe";
Loc::strings["\x66\x69\x6e\x61\x6e\x63\x65\x2e\x72\x65\x63\x75\x72\x72\x69\x6e\x67\x5f\x6e\x6f\x74\x65"]="\xd0\xa0\xd0\xb5\xd0\xb3\xd1\x83\xd0\xbb\xd1\x8f\xd1\x80\xd0\xbd\xd1\x8b\xd0\xb5\x20\xd0\xb7\xd0\xb0\xd0\xb4\xd0\xb0\xd0\xbd\xd0\xb8\xd1\x8f\x3a\x20\xe2\x80\x94\x0a\xd0\x94\xd0\xbe\xd1\x85\xd0\xbe\xd0\xb4\x20\xd0\xbf\xd1\x80\xd0\xb5\xd0\xb4\xd1\x81\xd1\x82\xd0\xb0\xd0\xb2\xd0\xb8\xd1\x82\xd0\xb5\xd0\xbb\xd1\x8c\xd1\x81\xd1\x82\xd0\xb2\x3a\x20\xe2\x80\x94\x0a\xd0\x94\xd1\x80\xd1\x83\xd0\xb3\xd0\xb8\xd0\xb5\x20\xd1\x80\xd0\xb5\xd0\xb3\xd1\x83\xd0\xbb\xd1\x8f\xd1\x80\xd0\xbd\xd1\x8b\xd0\xb5\x20\xd0\xb4\xd0\xbe\xd1\x85\xd0\xbe\xd0\xb4\xd1\x8b\x3a\x20\xe2\x80\x94\x0a\x0a\xd0\x9e\xd0\xb6\xd0\xb8\xd0\xb4\xd0\xb0\xd0\xb5\xd0\xbc\xd1\x8b\xd0\xb9\x20\xd0\xb8\xd1\x82\xd0\xbe\xd0\xb3\x3a\x20\xe2\x80\x94\x0a\xd0\xa1\xd0\xbb\xd0\xb5\xd0\xb4\xd1\x83\xd1\x8e\xd1\x89\xd0\xb0\xd1\x8f\x20\xd0\xb2\xd1\x8b\xd0\xbf\xd0\xbb\xd0\xb0\xd1\x82\xd0\xb0\x3a\x20\xe2\x80\x94";
Loc::strings["\x66\x69\x6e\x61\x6e\x63\x65\x2e\x72\x65\x63\x65\x6e\x74"]="\xd0\x9f\xd0\x9e\xd0\xa1\xd0\x9b\xd0\x95\xd0\x94\xd0\x9d\xd0\x98\xd0\x95\x20\xd0\x9e\xd0\x9f\xd0\x95\xd0\xa0\xd0\x90\xd0\xa6\xd0\x98\xd0\x98";
Loc::strings["\x66\x69\x6e\x61\x6e\x63\x65\x2e\x64\x61\x74\x65"]="\xd0\x94\xd0\xb0\xd1\x82\xd0\xb0";
Loc::strings["\x66\x69\x6e\x61\x6e\x63\x65\x2e\x64\x65\x73\x63\x72\x69\x70\x74\x69\x6f\x6e"]="\xd0\x9e\xd0\xbf\xd0\xb8\xd1\x81\xd0\xb0\xd0\xbd\xd0\xb8\xd0\xb5";
Loc::strings["\x66\x69\x6e\x61\x6e\x63\x65\x2e\x63\x61\x74\x65\x67\x6f\x72\x79"]="\xd0\x9a\xd0\xb0\xd1\x82\xd0\xb5\xd0\xb3\xd0\xbe\xd1\x80\xd0\xb8\xd1\x8f";
Loc::strings["\x66\x69\x6e\x61\x6e\x63\x65\x2e\x61\x6d\x6f\x75\x6e\x74"]="\xd0\xa1\xd1\x83\xd0\xbc\xd0\xbc\xd0\xb0";
Loc::strings["\x66\x69\x6e\x61\x6e\x63\x65\x2e\x62\x61\x6c\x61\x6e\x63\x65"]="\xd0\x9e\xd1\x81\xd1\x82\xd0\xb0\xd1\x82\xd0\xbe\xd0\xba\x20\xd0\xbf\xd0\xbe\xd1\x81\xd0\xbb\xd0\xb5";
Loc::strings["\x66\x69\x6e\x61\x6e\x63\x65\x2e\x61\x6c\x6c"]="\xd0\x92\xd0\xa1\xd0\x95\x20\xd0\x9e\xd0\x9f\xd0\x95\xd0\xa0\xd0\x90\xd0\xa6\xd0\x98\xd0\x98\x20\x3e";
Loc::strings["\x66\x69\x6e\x61\x6e\x63\x65\x2e\x73\x75\x6d\x6d\x61\x72\x79"]="\xd0\x98\xd0\xa2\xd0\x9e\xd0\x93\xd0\x98\x20\xd0\x9f\xd0\x95\xd0\xa0\xd0\x98\xd0\x9e\xd0\x94\xd0\x90";
Loc::strings["\x66\x69\x6e\x61\x6e\x63\x65\x2e\x73\x61\x6c\x61\x72\x79"]="\xd0\x96\xd0\x90\xd0\x9b\xd0\x9e\xd0\x92\xd0\x90\xd0\x9d\xd0\xac\xd0\x95\x20\xd0\x9d\xd0\x90\xd0\x81\xd0\x9c\xd0\x9d\xd0\x98\xd0\x9a\xd0\x9e\xd0\x92";
Loc::strings["\x66\x69\x6e\x61\x6e\x63\x65\x2e\x72\x65\x63\x72\x75\x69\x74\x73"]="\xd0\x9d\xd0\xb0\xd1\x91\xd0\xbc\xd0\xbd\xd0\xb8\xd0\xba\xd0\xb8\x20\xd0\xbd\xd0\xb0\x20\xd0\xb6\xd0\xb0\xd0\xbb\xd0\xbe\xd0\xb2\xd0\xb0\xd0\xbd\xd1\x8c\xd0\xb5";
Loc::strings["\x66\x69\x6e\x61\x6e\x63\x65\x2e\x64\x61\x69\x6c\x79\x5f\x77\x61\x67\x65"]="\xd0\xa1\xd1\x80\xd0\xb5\xd0\xb4\xd0\xbd\xd0\xb5\xd0\xb5\x20\xd0\xb6\xd0\xb0\xd0\xbb\xd0\xbe\xd0\xb2\xd0\xb0\xd0\xbd\xd1\x8c\xd0\xb5\x20\x2f\x20\xd0\xb4\xd0\xb5\xd0\xbd\xd1\x8c";
Loc::strings["\x66\x69\x6e\x61\x6e\x63\x65\x2e\x77\x65\x65\x6b\x6c\x79\x5f\x77\x61\x67\x65"]="\xd0\x9e\xd0\xb1\xd1\x89\xd0\xb5\xd0\xb5\x20\xd0\xb6\xd0\xb0\xd0\xbb\xd0\xbe\xd0\xb2\xd0\xb0\xd0\xbd\xd1\x8c\xd0\xb5\x20\x2f\x20\x37\x20\xd0\xb4\xd0\xbd\xd0\xb5\xd0\xb9";
Loc::strings["\x66\x69\x6e\x61\x6e\x63\x65\x2e\x6e\x65\x78\x74\x5f\x70\x61\x79"]="\xd0\xa1\xd0\xbb\xd0\xb5\xd0\xb4\xd1\x83\xd1\x8e\xd1\x89\xd0\xb0\xd1\x8f\x20\xd0\xb2\xd1\x8b\xd0\xbf\xd0\xbb\xd0\xb0\xd1\x82\xd0\xb0";
Loc::strings["\x66\x69\x6e\x61\x6e\x63\x65\x2e\x73\x61\x6c\x61\x72\x79\x5f\x6e\x6f\x74\x65"]="\xd0\x9f\xd0\xbe\xd0\xb4\xd0\xb3\xd0\xbe\xd1\x82\xd0\xbe\xd0\xb2\xd0\xbb\xd0\xb5\xd0\xbd\xd0\xbe\x20\xd0\xb4\xd0\xbb\xd1\x8f\x20\xd0\xb1\xd1\x83\xd0\xb4\xd1\x83\xd1\x89\xd0\xb5\xd0\xb9\x20\xd1\x81\xd0\xb8\xd1\x81\xd1\x82\xd0\xb5\xd0\xbc\xd1\x8b\x20\xd0\xb6\xd0\xb0\xd0\xbb\xd0\xbe\xd0\xb2\xd0\xb0\xd0\xbd\xd1\x8c\xd1\x8f\x2e";
Loc::strings["\x66\x69\x6e\x61\x6e\x63\x65\x2e\x67\x6f\x61\x6c\x73"]="\xd0\xa4\xd0\x98\xd0\x9d\xd0\x90\xd0\x9d\xd0\xa1\xd0\x9e\xd0\x92\xd0\xab\xd0\x95\x20\xd0\xa6\xd0\x95\xd0\x9b\xd0\x98";
Loc::strings["\x66\x69\x6e\x61\x6e\x63\x65\x2e\x67\x6f\x61\x6c\x73\x5f\x6e\x6f\x74\x65"]="\xd0\xa0\xd0\xb5\xd0\xb7\xd0\xb5\xd1\x80\xd0\xb2\xd1\x8b\x2c\x20\xd1\x86\xd0\xb5\xd0\xbb\xd0\xb5\xd0\xb2\xd1\x8b\xd0\xb5\x20\xd1\x81\xd1\x80\xd0\xb5\xd0\xb4\xd1\x81\xd1\x82\xd0\xb2\xd0\xb0\x20\xd0\xb8\x20\xd0\xba\xd0\xbe\xd0\xbd\xd1\x82\xd1\x80\xd0\xbe\xd0\xbb\xd1\x8c\x20\xd1\x80\xd0\xb0\xd1\x81\xd1\x85\xd0\xbe\xd0\xb4\xd0\xbe\xd0\xb2\x20\xd1\x81\xd1\x82\xd0\xb0\xd0\xbd\xd1\x83\xd1\x82\x20\xd0\xb4\xd0\xbe\xd1\x81\xd1\x82\xd1\x83\xd0\xbf\xd0\xbd\xd1\x8b\x20\xd1\x81\x20\xd1\x81\xd0\xb8\xd1\x81\xd1\x82\xd0\xb5\xd0\xbc\xd0\xbe\xd0\xb9\x20\xd0\xbe\xd1\x82\xd1\x81\xd0\xbb\xd0\xb5\xd0\xb6\xd0\xb8\xd0\xb2\xd0\xb0\xd0\xbd\xd0\xb8\xd1\x8f\x20\xd1\x86\xd0\xb5\xd0\xbb\xd0\xb5\xd0\xb9\x2e";
Loc::strings["\x66\x69\x6e\x61\x6e\x63\x65\x2e\x62\x75\x64\x67\x65\x74"]="\xd0\x91\xd0\xae\xd0\x94\xd0\x96\xd0\x95\xd0\xa2\x20\xd0\x98\x20\xd0\x9f\xd0\xa0\xd0\x9e\xd0\x93\xd0\x9d\xd0\x9e\xd0\x97\x20\x2f\x20\x37\x20\xd0\x94\xd0\x9d\x2e";
Loc::strings["\x66\x69\x6e\x61\x6e\x63\x65\x2e\x62\x75\x64\x67\x65\x74\x5f\x6e\x6f\x74\x65"]="\xd0\x93\xd0\xb0\xd1\x80\xd0\xb0\xd0\xbd\xd1\x82\xd0\xb8\xd1\x80\xd0\xbe\xd0\xb2\xd0\xb0\xd0\xbd\xd0\xbd\xd1\x8b\xd0\xb5\x20\xd1\x80\xd0\xb5\xd0\xb3\xd1\x83\xd0\xbb\xd1\x8f\xd1\x80\xd0\xbd\xd1\x8b\xd0\xb5\x20\xd0\xbf\xd0\xbe\xd1\x82\xd0\xbe\xd0\xba\xd0\xb8\x20\xd0\xbf\xd0\xbe\xd0\xba\xd0\xb0\x20\xd0\xbd\xd0\xb5\x20\xd0\xbf\xd0\xbe\xd0\xb4\xd0\xba\xd0\xbb\xd1\x8e\xd1\x87\xd0\xb5\xd0\xbd\xd1\x8b\x2e\x20\xd0\x9d\xd0\xb0\xd0\xbb\xd0\xbe\xd0\xb3\xd0\xbe\xd0\xb2\xd1\x8b\xd0\xb5\x20\xd0\xb4\xd0\xbe\xd0\xbb\xd0\xb3\xd0\xb8\x20\xd0\xbd\xd0\xb5\x20\xd1\x8f\xd0\xb2\xd0\xbb\xd1\x8f\xd1\x8e\xd1\x82\xd1\x81\xd1\x8f\x20\xd0\xb7\xd0\xb0\xd0\xbf\xd0\xbb\xd0\xb0\xd0\xbd\xd0\xb8\xd1\x80\xd0\xbe\xd0\xb2\xd0\xb0\xd0\xbd\xd0\xbd\xd1\x8b\xd0\xbc\xd0\xb8\x20\xd1\x81\xd0\xbf\xd0\xb8\xd1\x81\xd0\xb0\xd0\xbd\xd0\xb8\xd1\x8f\xd0\xbc\xd0\xb8\x2e";
Loc::strings["\x66\x69\x6e\x61\x6e\x63\x65\x2e\x74\x61\x78\x5f\x64\x65\x74\x61\x69\x6c\x73"]="\xd0\x9d\xd0\x90\xd0\x9b\xd0\x9e\xd0\x93\xd0\x98\x20\xd0\x98\x20\xd0\x94\xd0\x9e\xd0\x9b\xd0\x93\xd0\x98\x20\x3e";
Loc::strings["\x66\x69\x6e\x61\x6e\x63\x65\x2e\x69\x6e\x66\x6f\x72\x6d\x61\x74\x69\x6f\x6e"]="\xd0\x98\xd0\x9d\xd0\xa4\xd0\x9e\xd0\xa0\xd0\x9c\xd0\x90\xd0\xa6\xd0\x98\xd0\xaf";
Loc::strings["\x66\x69\x6e\x61\x6e\x63\x65\x2e\x69\x6e\x66\x6f"]="\xd0\x9f\xd0\xbb\xd0\xb0\xd1\x82\xd0\xb5\xd0\xb6\xd0\xb8\x20\xd0\xbc\xd0\xbe\xd0\xb4\xd0\xb0\x20\xd0\xb8\x20\xd0\xbd\xd0\xb0\xd0\xb1\xd0\xbb\xd1\x8e\xd0\xb4\xd0\xb0\xd0\xb5\xd0\xbc\xd1\x8b\xd0\xb5\x20\xd1\x87\xd0\xb8\xd1\x81\xd1\x82\xd1\x8b\xd0\xb5\x20\xd0\xb8\xd0\xb7\xd0\xbc\xd0\xb5\xd0\xbd\xd0\xb5\xd0\xbd\xd0\xb8\xd1\x8f\x2e\x20\xd0\xa2\xd0\xbe\xd1\x80\xd0\xb3\xd0\xbe\xd0\xb2\xd0\xbb\xd1\x8f\x20\xd0\xbd\xd0\xb5\x20\xd1\x80\xd0\xb0\xd1\x81\xd0\xbf\xd0\xbe\xd0\xb7\xd0\xbd\xd0\xb0\xd0\xbd\xd0\xb0\x2e\x20\xd0\x98\xd1\x81\xd1\x82\xd0\xbe\xd1\x80\xd0\xb8\xd1\x8f\x20\xd0\xbe\xd0\xb3\xd1\x80\xd0\xb0\xd0\xbd\xd0\xb8\xd1\x87\xd0\xb5\xd0\xbd\xd0\xb0\x3b\x20\xd0\xb8\xd0\xb3\xd1\x80\xd0\xbe\xd0\xb2\xd1\x8b\xd0\xb5\x20\xd0\xb4\xd0\xbd\xd0\xb8\x2c\x20\xd0\xb2\xd0\xba\xd0\xbb\xd1\x8e\xd1\x87\xd0\xb0\xd1\x8f\x20\xd1\x81\xd0\xb5\xd0\xb3\xd0\xbe\xd0\xb4\xd0\xbd\xd1\x8f\x2e\x20\xd0\x94\xd0\xb0\xd0\xbd\xd0\xbd\xd1\x8b\xd0\xb5\x20\xd0\xb4\xd0\xbe\x20\xd0\xbd\xd0\xb0\xd1\x87\xd0\xb0\xd0\xbb\xd0\xb0\x20\xd1\x83\xd1\x87\xd1\x91\xd1\x82\xd0\xb0\x20\xd0\xbd\xd0\xb5\x20\xd0\xb2\xd0\xbe\xd1\x81\xd1\x81\xd1\x82\xd0\xb0\xd0\xbd\xd0\xb0\xd0\xb2\xd0\xbb\xd0\xb8\xd0\xb2\xd0\xb0\xd1\x8e\xd1\x82\xd1\x81\xd1\x8f\x2e";
Loc::strings["\x66\x69\x6e\x61\x6e\x63\x65\x2e\x68\x69\x73\x74\x6f\x72\x79"]="\xd0\x96\xd0\xa3\xd0\xa0\xd0\x9d\xd0\x90\xd0\x9b\x20\xd0\x9a\xd0\x90\xd0\xa2\xd0\x9e\xd0\x92";
Loc::strings["\x66\x69\x6e\x61\x6e\x63\x65\x2e\x62\x61\x63\x6b"]="\x3c\x20\xd0\x9d\xd0\x90\xd0\x97\xd0\x90\xd0\x94";
Loc::strings["\x66\x69\x6e\x61\x6e\x63\x65\x2e\x66\x69\x6c\x74\x65\x72\x5f\x61\x6c\x6c"]="\xd0\x92\xd1\x81\xd0\xb5\x20\xd0\xbe\xd0\xbf\xd0\xb5\xd1\x80\xd0\xb0\xd1\x86\xd0\xb8\xd0\xb8";
Loc::strings["\x66\x69\x6e\x61\x6e\x63\x65\x2e\x70\x72\x65\x76\x69\x6f\x75\x73"]="\x3c\x20\xd0\x9d\xd0\xb0\xd0\xb7\xd0\xb0\xd0\xb4";
Loc::strings["\x66\x69\x6e\x61\x6e\x63\x65\x2e\x6e\x65\x78\x74"]="\xd0\x94\xd0\xb0\xd0\xbb\xd0\xb5\xd0\xb5\x20\x3e";
Loc::strings["\x66\x69\x6e\x61\x6e\x63\x65\x2e\x74\x72\x61\x6e\x73\x61\x63\x74\x69\x6f\x6e\x73"]="\xd0\xbe\xd0\xbf\xd0\xb5\xd1\x80\xd0\xb0\xd1\x86\xd0\xb8\xd0\xb8";
Loc::strings["\x66\x69\x6e\x61\x6e\x63\x65\x2e\x64\x61\x79"]="\xd0\x94\xd0\xb5\xd0\xbd\xd1\x8c";
Loc::strings["\x66\x69\x6e\x61\x6e\x63\x65\x2e\x63\x6f\x76\x65\x72\x61\x67\x65"]="\xd0\x9d\xd0\xb0\xd1\x87\xd0\xb0\xd0\xbb\xd0\xbe\x20\xd1\x83\xd1\x87\xd1\x91\xd1\x82\xd0\xb0";
Loc::strings["\x66\x69\x6e\x61\x6e\x63\x65\x2e\x72\x65\x74\x65\x6e\x74\x69\x6f\x6e"]="\xd0\x9f\xd0\xbe\xd1\x81\xd0\xbb\xd0\xb5\xd0\xb4\xd0\xbd\xd0\xb8\xd0\xb5\x20\x34\x30\x39\x36\x20\xd0\xb7\xd0\xb0\xd0\xbf\xd0\xb8\xd1\x81\xd0\xb5\xd0\xb9\x3b\x20\xd0\xb8\xd1\x82\xd0\xbe\xd0\xb3\xd0\xb8\x20\xd0\xb7\xd0\xb0\x20\x33\x36\x36\x20\xd0\xb4\xd0\xbd\xd0\xb5\xd0\xb9";
Loc::strings["\x66\x69\x6e\x61\x6e\x63\x65\x2e\x69\x6e\x76\x61\x6c\x69\x64"]="\xd0\x96\xd1\x83\xd1\x80\xd0\xbd\xd0\xb0\xd0\xbb\x20\xd0\xbd\xd0\xb5\xd0\xb4\xd0\xbe\xd1\x81\xd1\x82\xd1\x83\xd0\xbf\xd0\xb5\xd0\xbd\x3a\x20\xd0\xbd\xd0\xb5\xd0\xb2\xd0\xb5\xd1\x80\xd0\xbd\xd1\x8b\xd0\xb9\x20\xd1\x84\xd0\xbe\xd1\x80\xd0\xbc\xd0\xb0\xd1\x82";
Loc::strings["\x66\x69\x6e\x61\x6e\x63\x65\x2e\x64\x65\x62\x74"]="\xd0\xa2\xd0\xb5\xd0\xba\xd1\x83\xd1\x89\xd0\xb8\xd0\xb9\x20\xd0\xb4\xd0\xbe\xd0\xbb\xd0\xb3";
Loc::strings["\x66\x69\x6e\x61\x6e\x63\x65\x2e\x70\x61\x69\x64"]="\xd0\x92\xd1\x81\xd0\xb5\xd0\xb3\xd0\xbe\x20\xd1\x83\xd0\xbf\xd0\xbb\xd0\xb0\xd1\x87\xd0\xb5\xd0\xbd\xd0\xbe\x20\xd0\xbd\xd0\xb0\xd0\xbb\xd0\xbe\xd0\xb3\xd0\xbe\xd0\xb2";
Loc::strings["\x66\x69\x6e\x61\x6e\x63\x65\x2e\x74\x61\x78\x5f\x6e\x6f\x74\x65"]="\xd0\x94\xd0\xbe\xd0\xbb\xd0\xb3\xd0\xb8\x20\xd1\x81\xd1\x87\xd0\xb8\xd1\x82\xd0\xb0\xd1\x8e\xd1\x82\xd1\x81\xd1\x8f\x20\xd1\x80\xd0\xb0\xd1\x81\xd1\x85\xd0\xbe\xd0\xb4\xd0\xb0\xd0\xbc\xd0\xb8\x20\xd1\x82\xd0\xbe\xd0\xbb\xd1\x8c\xd0\xba\xd0\xbe\x20\xd0\xbf\xd0\xbe\xd1\x81\xd0\xbb\xd0\xb5\x20\xd0\xbe\xd0\xbf\xd0\xbb\xd0\xb0\xd1\x82\xd1\x8b\x2e\x20\xd0\x9f\xd1\x80\xd0\xbe\xd1\x86\xd0\xb5\xd0\xb4\xd1\x83\xd1\x80\xd1\x8b\x20\xd1\x81\xd0\xb1\xd0\xbe\xd1\x80\xd0\xb0\x20\xd0\xb8\x20\xd0\xbf\xd0\xbb\xd0\xb0\xd1\x82\xd0\xb5\xd0\xb6\xd0\xb5\xd0\xb9\x20\xd0\xbd\xd0\xb5\x20\xd0\xb8\xd0\xb7\xd0\xbc\xd0\xb5\xd0\xbd\xd0\xb5\xd0\xbd\xd1\x8b\x2e";
Loc::strings["\x66\x69\x6e\x61\x6e\x63\x65\x2e\x63\x6f\x6e\x74\x72\x61\x63\x74\x73"]="\xd0\x9a\xd0\xbe\xd0\xbd\xd1\x82\xd1\x80\xd0\xb0\xd0\xba\xd1\x82\xd1\x8b";
Loc::strings["\x66\x69\x6e\x61\x6e\x63\x65\x2e\x70\x75\x72\x63\x68\x61\x73\x65\x73"]="\xd0\x9f\xd0\xbe\xd0\xba\xd1\x83\xd0\xbf\xd0\xba\xd0\xb8";
Loc::strings["\x66\x69\x6e\x61\x6e\x63\x65\x2e\x73\x61\x6c\x65\x73"]="\xd0\x9f\xd1\x80\xd0\xbe\xd0\xb4\xd0\xb0\xd0\xb6\xd0\xb8";
Loc::strings["\x66\x69\x6e\x61\x6e\x63\x65\x2e\x77\x61\x67\x65\x73"]="\xd0\x96\xd0\xb0\xd0\xbb\xd0\xbe\xd0\xb2\xd0\xb0\xd0\xbd\xd1\x8c\xd0\xb5";
Loc::strings["\x66\x69\x6e\x61\x6e\x63\x65\x2e\x6f\x66\x66\x69\x63\x65\x73"]="\xd0\x9f\xd1\x80\xd0\xb5\xd0\xb4\xd1\x81\xd1\x82\xd0\xb0\xd0\xb2\xd0\xb8\xd1\x82\xd0\xb5\xd0\xbb\xd1\x8c\xd1\x81\xd1\x82\xd0\xb2\xd0\xb0";
Loc::strings["\x66\x69\x6e\x61\x6e\x63\x65\x2e\x6d\x61\x69\x6e\x74\x65\x6e\x61\x6e\x63\x65"]="\xd0\xa1\xd0\xbe\xd0\xb4\xd0\xb5\xd1\x80\xd0\xb6\xd0\xb0\xd0\xbd\xd0\xb8\xd0\xb5";
Loc::strings["\x66\x69\x6e\x61\x6e\x63\x65\x2e\x65\x71\x75\x69\x70\x6d\x65\x6e\x74"]="\xd0\xa1\xd0\xbd\xd0\xb0\xd1\x80\xd1\x8f\xd0\xb6\xd0\xb5\xd0\xbd\xd0\xb8\xd0\xb5";
Loc::strings["\x66\x69\x6e\x61\x6e\x63\x65\x2e\x74\x72\x61\x76\x65\x6c"]="\xd0\x9f\xd1\x83\xd1\x82\xd0\xb5\xd1\x88\xd0\xb5\xd1\x81\xd1\x82\xd0\xb2\xd0\xb8\xd1\x8f";
Loc::strings["\x66\x69\x6e\x61\x6e\x63\x65\x2e\x74\x61\x78\x65\x73"]="\xd0\x9d\xd0\xb0\xd0\xbb\xd0\xbe\xd0\xb3\xd0\xb8";
Loc::strings["\x66\x69\x6e\x61\x6e\x63\x65\x2e\x69\x6e\x76\x65\x73\x74\x6d\x65\x6e\x74\x73"]="\xd0\x92\xd0\xbb\xd0\xbe\xd0\xb6\xd0\xb5\xd0\xbd\xd0\xb8\xd1\x8f";
Loc::strings["\x66\x69\x6e\x61\x6e\x63\x65\x2e\x6f\x74\x68\x65\x72"]="\xd0\x9f\xd1\x80\xd0\xbe\xd1\x87\xd0\xb5\xd0\xb5";
Loc::strings["\x66\x69\x6e\x61\x6e\x63\x65\x2e\x75\x6e\x69\x64\x65\x6e\x74\x69\x66\x69\x65\x64"]="\xd0\x9d\xd0\xb5\xd0\xbe\xd0\xbf\xd0\xbe\xd0\xb7\xd0\xbd\xd0\xb0\xd0\xbd\xd0\xbd\xd0\xbe\xd0\xb5\x20\xd1\x87\xd0\xb8\xd1\x81\xd1\x82\xd0\xbe\xd0\xb5\x20\xd0\xb8\xd0\xb7\xd0\xbc\xd0\xb5\xd0\xbd\xd0\xb5\xd0\xbd\xd0\xb8\xd0\xb5";
Loc::strings["\x66\x69\x6e\x61\x6e\x63\x65\x2e\x74\x61\x78\x5f\x70\x61\x79\x6d\x65\x6e\x74"]="\xd0\xa3\xd0\xbf\xd0\xbb\xd0\xb0\xd1\x82\xd0\xb0\x20\xd0\xbd\xd0\xb0\xd0\xbb\xd0\xbe\xd0\xb3\xd0\xb0";
Loc::strings["\x66\x69\x6e\x61\x6e\x63\x65\x2e\x61\x64\x76\x61\x6e\x63\x65\x5f\x72\x65\x74\x75\x72\x6e"]="\xd0\x92\xd0\xbe\xd0\xb7\xd0\xb2\xd1\x80\xd0\xb0\xd1\x82\x20\xd0\xb0\xd0\xb2\xd0\xb0\xd0\xbd\xd1\x81\xd0\xb0";
Loc::strings["\x66\x69\x6e\x61\x6e\x63\x65\x2e\x61\x64\x76\x61\x6e\x63\x65"]="\xd0\x90\xd0\xb2\xd0\xb0\xd0\xbd\xd1\x81\x20\xd0\xbf\xd0\xbe\x20\xd0\xba\xd0\xbe\xd0\xbd\xd1\x82\xd1\x80\xd0\xb0\xd0\xba\xd1\x82\xd1\x83";
Loc::strings["\x66\x69\x6e\x61\x6e\x63\x65\x2e\x64\x65\x6c\x65\x67\x61\x74\x65\x64"]="\xd0\x9f\xd0\xbe\xd1\x80\xd1\x83\xd1\x87\xd0\xb5\xd0\xbd\xd0\xbd\xd0\xbe\xd0\xb5\x20\xd0\xb7\xd0\xb0\xd0\xb4\xd0\xb0\xd0\xbd\xd0\xb8\xd0\xb5";
Loc::strings["\x66\x69\x6e\x61\x6e\x63\x65\x2e\x6d\x61\x69\x6c"]="\xd0\x9f\xd0\xbe\xd1\x87\xd1\x82\xd0\xbe\xd0\xb2\xd1\x8b\xd0\xb9\x20\xd0\xba\xd0\xbe\xd0\xbd\xd1\x82\xd1\x80\xd0\xb0\xd0\xba\xd1\x82";
Loc::strings["\x66\x69\x6e\x61\x6e\x63\x65\x2e\x63\x6f\x6e\x74\x72\x61\x63\x74"]="\xd0\xa0\xd0\xb0\xd1\x81\xd1\x87\xd1\x91\xd1\x82\x20\xd0\xbf\xd0\xbe\x20\xd0\xba\xd0\xbe\xd0\xbd\xd1\x82\xd1\x80\xd0\xb0\xd0\xba\xd1\x82\xd1\x83";
Loc::strings["\x66\x69\x6e\x61\x6e\x63\x65\x2e\x62\x6f\x75\x6e\x74\x79"]="\xd0\x9a\xd0\xbe\xd0\xbd\xd1\x82\xd1\x80\xd0\xb0\xd0\xba\xd1\x82\x20\xd0\xbd\xd0\xb0\x20\xd0\xbe\xd1\x85\xd0\xbe\xd1\x82\xd1\x83\x20\xd0\xb7\xd0\xb0\x20\xd0\xb3\xd0\xbe\xd0\xbb\xd0\xbe\xd0\xb2\xd0\xb0\xd0\xbc\xd0\xb8";
Loc::strings["\x66\x69\x6e\x61\x6e\x63\x65\x2e\x62\x6f\x75\x6e\x74\x79\x5f\x61\x64\x6a\x75\x73\x74\x6d\x65\x6e\x74"]="\xd0\x9a\xd0\xbe\xd1\x80\xd1\x80\xd0\xb5\xd0\xba\xd1\x82\xd0\xb8\xd1\x80\xd0\xbe\xd0\xb2\xd0\xba\xd0\xb0\x20\xd0\xbd\xd0\xb0\xd0\xb3\xd1\x80\xd0\xb0\xd0\xb4\xd1\x8b";
Loc::strings["\x66\x69\x6e\x61\x6e\x63\x65\x2e\x69\x6e\x76\x65\x73\x74\x6d\x65\x6e\x74"]="\xd0\x92\xd0\xbb\xd0\xbe\xd0\xb6\xd0\xb5\xd0\xbd\xd0\xb8\xd0\xb5\x20\xd0\xb2\x20\xd0\x93\xd0\xb8\xd0\xbb\xd1\x8c\xd0\xb4\xd0\xb8\xd1\x8e";
Loc::strings["\x66\x69\x6e\x61\x6e\x63\x65\x2e\x67\x72\x6f\x75\x70\x65\x64"]="\xd0\x9d\xd0\xb5\xd0\xbe\xd0\xbf\xd0\xbe\xd0\xb7\xd0\xbd\xd0\xb0\xd0\xbd\xd0\xbd\xd1\x8b\xd0\xb5\x20\xd0\xb8\xd0\xb7\xd0\xbc\xd0\xb5\xd0\xbd\xd0\xb5\xd0\xbd\xd0\xb8\xd1\x8f";
Loc::strings["\x66\x69\x6e\x61\x6e\x63\x65\x2e\x6d\x6f\x76\x65\x6d\x65\x6e\x74\x73"]="\xd0\xb4\xd0\xb2\xd0\xb8\xd0\xb6\xd0\xb5\xd0\xbd\xd0\xb8\xd1\x8f";
Loc::strings["\x66\x69\x6e\x61\x6e\x63\x65\x2e\x61\x72\x63\x68\x69\x76\x65\x64"]="\xd0\x94\xd0\xbd\xd0\xb5\xd0\xb2\xd0\xbd\xd0\xbe\xd0\xb9\x20\xd0\xb0\xd1\x80\xd1\x85\xd0\xb8\xd0\xb2\x20\x28\xd0\xb1\xd0\xb5\xd0\xb7\x20\xd0\xbf\xd0\xbe\xd0\xb4\xd1\x80\xd0\xbe\xd0\xb1\xd0\xbd\xd0\xbe\xd1\x81\xd1\x82\xd0\xb5\xd0\xb9\x29";
Loc::strings["\x66\x69\x6e\x61\x6e\x63\x65\x2e\x6f\x75\x74\x73\x74\x61\x6e\x64\x69\x6e\x67"]="\xd0\x9d\xd0\x95\xd0\x9f\xd0\x9e\xd0\x93\xd0\x90\xd0\xa8\xd0\x95\xd0\x9d\xd0\x9d\xd0\xab\xd0\x95\x20\xd0\x94\xd0\x9e\xd0\x9b\xd0\x93\xd0\x98";
Loc::strings["\x66\x69\x6e\x61\x6e\x63\x65\x2e\x6e\x6f\x5f\x64\x65\x62\x74"]="\xd0\x9d\xd0\xb5\xd1\x82\x20\xd0\xb4\xd0\xbe\xd0\xbb\xd0\xb3\xd0\xb0";
Loc::strings["\x66\x69\x6e\x61\x6e\x63\x65\x2e\x70\x65\x72\x69\x6f\x64\x5f\x65\x6d\x70\x74\x79"]="\xd0\x9d\xd0\xb5\xd1\x82\x20\xd0\xbe\xd0\xbf\xd0\xb5\xd1\x80\xd0\xb0\xd1\x86\xd0\xb8\xd0\xb9\x20\xd0\xb7\xd0\xb0\x20\xd1\x8d\xd1\x82\xd0\xbe\xd1\x82\x20\xd0\xbf\xd0\xb5\xd1\x80\xd0\xb8\xd0\xbe\xd0\xb4";
Loc::strings["\x66\x69\x6e\x61\x6e\x63\x65\x2e\x70\x65\x72\x69\x6f\x64\x5f\x61\x6c\x6c"]="\xd0\x9f\xd0\xb5\xd1\x80\xd0\xb8\xd0\xbe\xd0\xb4\x3a\x20\xd0\xb2\xd0\xb5\xd1\x81\xd1\x8c";
Loc::strings["\x66\x69\x6e\x61\x6e\x63\x65\x2e\x73\x74\x61\x74\x75\x73"]="\xd0\xa1\xd1\x82\xd0\xb0\xd1\x82\xd1\x83\xd1\x81";
Loc::strings["\x66\x69\x6e\x61\x6e\x63\x65\x2e\x64\x75\x65"]="\xd0\x97\xd0\xb0\xd0\xbf\xd0\xb8\xd1\x81\xd0\xb0\xd0\xbd\xd0\xbd\xd1\x8b\xd0\xb9\x20\xd1\x81\xd1\x80\xd0\xbe\xd0\xba";
Loc::strings["\x66\x69\x6e\x61\x6e\x63\x65\x2e\x61\x72\x63\x68\x69\x76\x65\x5f\x6e\x6f\x74\x65"]="\xd0\x94\xd0\xbd\xd0\xb5\xd0\xb2\xd0\xbd\xd1\x8b\xd0\xb5\x20\xd0\xb0\xd1\x80\xd1\x85\xd0\xb8\xd0\xb2\xd1\x8b\x20\xd1\x83\xd1\x87\xd1\x82\xd0\xb5\xd0\xbd\xd1\x8b\x3b\x20\xd0\xbf\xd1\x80\xd0\xbe\xd1\x88\xd0\xbb\xd1\x8b\xd0\xb9\x20\xd0\xbe\xd1\x81\xd1\x82\xd0\xb0\xd1\x82\xd0\xbe\xd0\xba\x20\xd0\xbd\xd0\xb5\xd0\xb4\xd0\xbe\xd1\x81\xd1\x82\xd1\x83\xd0\xbf\xd0\xb5\xd0\xbd";
Loc::strings["\x66\x69\x6e\x61\x6e\x63\x65\x2e\x63\x6f\x6e\x74\x72\x61\x63\x74\x2e\x65\x73\x63\x6f\x72\x74"]="\xd0\xa0\xd0\xb0\xd1\x81\xd1\x87\xd1\x91\xd1\x82\x3a\x20\xd1\x81\xd0\xbe\xd0\xbf\xd1\x80\xd0\xbe\xd0\xb2\xd0\xbe\xd0\xb6\xd0\xb4\xd0\xb5\xd0\xbd\xd0\xb8\xd0\xb5";
Loc::strings["\x66\x69\x6e\x61\x6e\x63\x65\x2e\x63\x6f\x6e\x74\x72\x61\x63\x74\x2e\x63\x61\x72\x61\x76\x61\x6e"]="\xd0\xa0\xd0\xb0\xd1\x81\xd1\x87\xd1\x91\xd1\x82\x3a\x20\xd1\x81\xd0\xbe\xd0\xbf\xd1\x80\xd0\xbe\xd0\xb2\xd0\xbe\xd0\xb6\xd0\xb4\xd0\xb5\xd0\xbd\xd0\xb8\xd0\xb5\x20\xd0\xba\xd0\xb0\xd1\x80\xd0\xb0\xd0\xb2\xd0\xb0\xd0\xbd\xd0\xb0";
Loc::strings["\x66\x69\x6e\x61\x6e\x63\x65\x2e\x63\x6f\x6e\x74\x72\x61\x63\x74\x2e\x73\x63\x69\x65\x6e\x63\x65"]="\xd0\xa0\xd0\xb0\xd1\x81\xd1\x87\xd1\x91\xd1\x82\x3a\x20\xd0\xbd\xd0\xb0\xd1\x83\xd1\x87\xd0\xbd\xd0\xb0\xd1\x8f\x20\xd1\x8d\xd0\xba\xd1\x81\xd0\xbf\xd0\xb5\xd0\xb4\xd0\xb8\xd1\x86\xd0\xb8\xd1\x8f";
Loc::strings["\x70\x61\x79\x72\x6f\x6c\x6c\x2e\x72\x61\x6e\x6b\x2e\x72\x65\x63\x72\x75\x69\x74"]="\xd0\x9d\xd0\xbe\xd0\xb2\xd0\xbe\xd0\xb1\xd1\x80\xd0\xb0\xd0\xbd\xd0\xb5\xd1\x86";
Loc::strings["\x70\x61\x79\x72\x6f\x6c\x6c\x2e\x72\x61\x6e\x6b\x2e\x6d\x65\x72\x63\x65\x6e\x61\x72\x79"]="\xd0\x9d\xd0\xb0\xd1\x91\xd0\xbc\xd0\xbd\xd0\xb8\xd0\xba";
Loc::strings["\x70\x61\x79\x72\x6f\x6c\x6c\x2e\x72\x61\x6e\x6b\x2e\x76\x65\x74\x65\x72\x61\x6e"]="\xd0\x92\xd0\xb5\xd1\x82\xd0\xb5\xd1\x80\xd0\xb0\xd0\xbd";
Loc::strings["\x70\x61\x79\x72\x6f\x6c\x6c\x2e\x72\x61\x6e\x6b\x2e\x65\x6c\x69\x74\x65"]="\xd0\xad\xd0\xbb\xd0\xb8\xd1\x82\xd0\xb0";
Loc::strings["\x70\x61\x79\x72\x6f\x6c\x6c\x2e\x72\x61\x6e\x6b\x2e\x6d\x61\x73\x74\x65\x72"]="\xd0\x9c\xd0\xb0\xd1\x81\xd1\x82\xd0\xb5\xd1\x80\x2d\xd0\xbd\xd0\xb0\xd1\x91\xd0\xbc\xd0\xbd\xd0\xb8\xd0\xba";
Loc::strings["\x70\x61\x79\x72\x6f\x6c\x6c\x2e\x70\x61\x67\x65"]="\xd0\x97\xd0\xb0\xd1\x80\xd0\xbf\xd0\xbb\xd0\xb0\xd1\x82\xd1\x8b\x20\x2f\x20\xd0\x9d\xd0\xb0\xd1\x91\xd0\xbc\xd0\xbd\xd0\xb8\xd0\xba\xd0\xb8";
Loc::strings["\x70\x61\x79\x72\x6f\x6c\x6c\x2e\x72\x61\x74\x65\x73"]="\xd0\x97\xd0\xb0\xd1\x80\xd0\xbf\xd0\xbb\xd0\xb0\xd1\x82\xd1\x8b";
Loc::strings["\x70\x61\x79\x72\x6f\x6c\x6c\x2e\x6d\x65\x6d\x62\x65\x72\x73"]="\xd0\x9d\xd0\xb0\xd1\x91\xd0\xbc\xd0\xbd\xd0\xb8\xd0\xba\xd0\xb8";
Loc::strings["\x70\x61\x79\x72\x6f\x6c\x6c\x2e\x66\x6f\x72\x6d\x65\x72"]="\xd0\x91\xd1\x8b\xd0\xb2\xd1\x88\xd0\xb8\xd0\xb5\x20\xd0\xbd\xd0\xb0\xd1\x91\xd0\xbc\xd0\xbd\xd0\xb8\xd0\xba\xd0\xb8";
Loc::strings["\x70\x61\x79\x72\x6f\x6c\x6c\x2e\x68\x69\x73\x74\x6f\x72\x79"]="\xd0\x98\xd1\x81\xd1\x82\xd0\xbe\xd1\x80\xd0\xb8\xd1\x8f";
Loc::strings["\x70\x61\x79\x72\x6f\x6c\x6c\x2e\x73\x68\x65\x65\x74"]="\xd0\xa0\xd0\xb0\xd1\x81\xd1\x87\xd1\x91\xd1\x82\xd0\xbd\xd0\xb0\xd1\x8f\x20\xd0\xb2\xd0\xb5\xd0\xb4\xd0\xbe\xd0\xbc\xd0\xbe\xd1\x81\xd1\x82\xd1\x8c\x20\xd0\xb3\xd0\xb8\xd0\xbb\xd1\x8c\xd0\xb4\xd0\xb8\xd0\xb8";
Loc::strings["\x70\x61\x79\x72\x6f\x6c\x6c\x2e\x70\x61\x79"]="\xd0\x97\xd0\x90\xd0\x9f\xd0\x9b\xd0\x90\xd0\xa2\xd0\x98\xd0\xa2\xd0\xac";
Loc::strings["\x70\x61\x79\x72\x6f\x6c\x6c\x2e\x72\x65\x66\x75\x73\x65"]="\xd0\x9e\xd0\xa2\xd0\x9a\xd0\x90\xd0\x97\xd0\x90\xd0\xa2\xd0\xac\xd0\xa1\xd0\xaf\x20\xd0\x9e\xd0\xa2\x20\xd0\x9e\xd0\x9f\xd0\x9b\xd0\x90\xd0\xa2\xd0\xab";
Loc::strings["\x70\x61\x79\x72\x6f\x6c\x6c\x2e\x74\x6f\x74\x61\x6c"]="\xd0\x98\xd1\x82\xd0\xbe\xd0\xb3\xd0\xbe\x3a";
Loc::strings["\x70\x61\x79\x72\x6f\x6c\x6c\x2e\x65\x6e\x61\x62\x6c\x65\x64"]="\xd0\x92\xd0\xba\xd0\xbb\xd1\x8e\xd1\x87\xd0\xb8\xd1\x82\xd1\x8c\x20\xd0\xb7\xd0\xb0\xd1\x80\xd0\xbf\xd0\xbb\xd0\xb0\xd1\x82\xd1\x8b\x20\xd0\xbd\xd0\xb0\xd1\x91\xd0\xbc\xd0\xbd\xd0\xb8\xd0\xba\xd0\xbe\xd0\xb2";
Loc::strings["\x70\x61\x79\x72\x6f\x6c\x6c\x2e\x65\x6e\x61\x62\x6c\x65\x64\x5f\x74\x69\x70"]="\xd0\x9e\xd1\x81\xd1\x82\xd0\xb0\xd0\xbd\xd0\xb0\xd0\xb2\xd0\xbb\xd0\xb8\xd0\xb2\xd0\xb0\xd0\xb5\xd1\x82\x20\xd0\xb7\xd0\xb0\xd1\x80\xd0\xbf\xd0\xbb\xd0\xb0\xd1\x82\xd1\x8b\x2c\x20\xd0\xba\xd0\xbe\xd0\xbc\xd0\xbf\xd0\xb5\xd0\xbd\xd1\x81\xd0\xb0\xd1\x86\xd0\xb8\xd0\xb8\x20\xd0\xb8\x20\xd1\x83\xd0\xb4\xd0\xb5\xd1\x80\xd0\xb6\xd0\xb0\xd0\xbd\xd0\xb8\xd1\x8f\x2e\x20\xd0\x94\xd0\xbe\xd0\xbb\xd0\xb3\xd0\xb8\x20\xd1\x81\xd0\xbe\xd1\x85\xd1\x80\xd0\xb0\xd0\xbd\xd1\x8f\xd1\x8e\xd1\x82\xd1\x81\xd1\x8f\x2e\x20\xd0\x9f\xd1\x80\xd0\xb8\x20\xd0\xb2\xd0\xba\xd0\xbb\xd1\x8e\xd1\x87\xd0\xb5\xd0\xbd\xd0\xb8\xd0\xb8\x20\xd0\xbd\xd0\xb0\xd1\x87\xd0\xb8\xd0\xbd\xd0\xb0\xd0\xb5\xd1\x82\xd1\x81\xd1\x8f\x20\xd0\xbd\xd0\xbe\xd0\xb2\xd1\x8b\xd0\xb9\x20\xd1\x86\xd0\xb8\xd0\xba\xd0\xbb\x20\x31\x36\x38\x20\xd1\x87\xd0\xb0\xd1\x81\xd0\xbe\xd0\xb2\x20\xd0\xb1\xd0\xb5\xd0\xb7\x20\xd0\xbd\xd0\xb0\xd1\x87\xd0\xb8\xd1\x81\xd0\xbb\xd0\xb5\xd0\xbd\xd0\xb8\xd0\xb9\x20\xd0\xb7\xd0\xb0\x20\xd0\xbf\xd0\xb5\xd1\x80\xd0\xb5\xd1\x80\xd1\x8b\xd0\xb2\x2e";
Loc::strings["\x70\x61\x79\x72\x6f\x6c\x6c\x2e\x72\x6f\x62\x6f\x74"]="\xd0\xa1\xd0\xba\xd0\xb5\xd0\xbb\xd0\xb5\xd1\x82\x20\xe2\x80\x94\x20\xd0\x97\xd0\xb0\xd1\x80\xd0\xbf\xd0\xbb\xd0\xb0\xd1\x82\xd0\xb0\x3a\x20\x30\x20\xd0\xba\xd0\xb0\xd1\x82\xd0\xbe\xd0\xb2";
Loc::strings["\x70\x61\x79\x72\x6f\x6c\x6c\x2e\x61\x63\x74\x69\x76\x65"]="\xd0\x94\xd0\xb5\xd0\xb9\xd1\x81\xd1\x82\xd0\xb2\xd1\x83\xd1\x8e\xd1\x89\xd0\xb8\xd0\xb9";
Loc::strings["\x70\x61\x79\x72\x6f\x6c\x6c\x2e\x73\x75\x73\x70\x65\x6e\x64\x65\x64"]="\xd0\xa1\xd0\xb8\xd1\x81\xd1\x82\xd0\xb5\xd0\xbc\xd0\xb0\x20\xd0\xbf\xd1\x80\xd0\xb8\xd0\xbe\xd1\x81\xd1\x82\xd0\xb0\xd0\xbd\xd0\xbe\xd0\xb2\xd0\xbb\xd0\xb5\xd0\xbd\xd0\xb0";
Loc::strings["\x70\x61\x79\x72\x6f\x6c\x6c\x2e\x65\x6d\x70\x74\x79"]="\xd0\x9d\xd0\xb5\xd1\x82\x20\xd0\xb7\xd0\xb0\xd0\xbf\xd0\xb8\xd1\x81\xd0\xb5\xd0\xb9\x2e";
Loc::strings["\x70\x61\x79\x72\x6f\x6c\x6c\x2e\x64\x61\x74\x65"]="\xd0\x94\xd0\xb5\xd0\xbd\xd1\x8c\x20\x7b\x64\x61\x79\x7d\x2c\x20\x7b\x68\x6f\x75\x72\x7d\x20\xd1\x87";
Loc::strings["\x70\x61\x79\x72\x6f\x6c\x6c\x2e\x77\x61\x72\x6e\x69\x6e\x67"]="\xd0\x9d\xd0\xb5\xd0\xb4\xd0\xbe\xd1\x81\xd1\x82\xd0\xb0\xd1\x82\xd0\xbe\xd1\x87\xd0\xbd\xd0\xbe\x20\xd1\x81\xd1\x80\xd0\xb5\xd0\xb4\xd1\x81\xd1\x82\xd0\xb2\x20\xe2\x80\x94\x20\xd0\x94\xd0\xbb\xd1\x8f\x20\xd1\x81\xd0\xbb\xd0\xb5\xd0\xb4\xd1\x83\xd1\x8e\xd1\x89\xd0\xb5\xd0\xb9\x20\xd0\xb2\xd1\x8b\xd0\xbf\xd0\xbb\xd0\xb0\xd1\x82\xd1\x8b\x20\xd0\xbd\xd0\xb5\x20\xd1\x85\xd0\xb2\xd0\xb0\xd1\x82\xd0\xb0\xd0\xb5\xd1\x82\x20\x7b\x61\x6d\x6f\x75\x6e\x74\x7d\x20\xd0\xba\xd0\xb0\xd1\x82\xd0\xbe\xd0\xb2\x2e";
Loc::strings["\x70\x61\x79\x72\x6f\x6c\x6c\x2e\x73\x68\x65\x65\x74\x5f\x73\x75\x6d\x6d\x61\x72\x79"]="\xd0\x9f\xd0\xb5\xd1\x80\xd0\xb8\xd0\xbe\xd0\xb4\x3a\x20\x7b\x73\x74\x61\x72\x74\x7d\x20\x20\x2d\x20\x20\x7b\x65\x6e\x64\x7d\x0a\xd0\x9d\xd0\xbe\xd0\xb2\xd0\xb0\xd1\x8f\x20\xd0\xb7\xd0\xb0\xd1\x80\xd0\xbf\xd0\xbb\xd0\xb0\xd1\x82\xd0\xb0\x3a\x20\x7b\x6e\x65\x77\x7d\x0a\xd0\x9a\xd0\xb0\xd0\xb7\xd0\xbd\xd0\xb0\x3a\x20\x7b\x63\x61\x73\x68\x7d\x0a\xd0\x9f\xd1\x80\xd0\xb5\xd0\xb6\xd0\xbd\xd0\xb8\xd0\xb5\x20\xd0\xb4\xd0\xbe\xd0\xbb\xd0\xb3\xd0\xb8\x20\xd0\xbf\xd0\xbe\x20\xd0\xb7\xd0\xb0\xd1\x80\xd0\xbf\xd0\xbb\xd0\xb0\xd1\x82\xd0\xb5\x3a\x20\x7b\x6f\x6c\x64\x7d\x0a\xd0\x9a\xd0\xbe\xd0\xbc\xd0\xbf\xd0\xb5\xd0\xbd\xd1\x81\xd0\xb0\xd1\x86\xd0\xb8\xd0\xb8\x3a\x20\x7b\x6c\x69\x6d\x62\x73\x7d\x0a\xd0\x92\xd1\x81\xd0\xb5\xd0\xb3\xd0\xbe\x20\xd0\xbe\xd1\x81\xd1\x82\xd0\xb0\xd0\xbb\xd0\xbe\xd1\x81\xd1\x8c\x20\xd0\xb2\xd1\x8b\xd0\xbf\xd0\xbb\xd0\xb0\xd1\x82\xd0\xb8\xd1\x82\xd1\x8c\x3a\x20\x7b\x74\x6f\x74\x61\x6c\x7d";
Loc::strings["\x70\x61\x79\x72\x6f\x6c\x6c\x2e\x73\x65\x67\x6d\x65\x6e\x74"]="\x7b\x72\x61\x6e\x6b\x7d\x3a\x20\x7b\x72\x61\x74\x65\x7d\x20\xd0\xba\xd0\xb0\xd1\x82\xd0\xbe\xd0\xb2\x2f\xd0\xb4\xd0\xb5\xd0\xbd\xd1\x8c\x20\xc3\x97\x20\x7b\x64\x61\x79\x73\x7d\x20\xd0\xb4\xd0\xbd\xd0\xb5\xd0\xb9\x20\x3d\x20\x7b\x61\x6d\x6f\x75\x6e\x74\x7d";
Loc::strings["\x70\x61\x79\x72\x6f\x6c\x6c\x2e\x66\x6f\x72\x65\x63\x61\x73\x74"]="\xd0\x9a\xd0\xb0\xd0\xb7\xd0\xbd\xd0\xb0\x3a\x20\x7b\x63\x61\x73\x68\x7d\x0a\xd0\xa1\xd0\xbb\xd0\xb5\xd0\xb4\xd1\x83\xd1\x8e\xd1\x89\xd0\xb0\xd1\x8f\x20\xd0\xb2\xd1\x8b\xd0\xbf\xd0\xbb\xd0\xb0\xd1\x82\xd0\xb0\x3a\x20\x7b\x64\x61\x74\x65\x7d\x0a\xd0\x9e\xd1\x86\xd0\xb5\xd0\xbd\xd0\xba\xd0\xb0\x20\xd1\x81\xd1\x82\xd0\xbe\xd0\xb8\xd0\xbc\xd0\xbe\xd1\x81\xd1\x82\xd0\xb8\x20\xd1\x86\xd0\xb8\xd0\xba\xd0\xbb\xd0\xb0\x3a\x20\x7b\x65\x73\x74\x69\x6d\x61\x74\x65\x7d\x0a\xd0\x94\xd0\xbe\xd0\xbb\xd0\xb3\x20\xd0\xbf\xd0\xbe\x20\xd0\xb7\xd0\xb0\xd1\x80\xd0\xbf\xd0\xbb\xd0\xb0\xd1\x82\xd0\xb5\x3a\x20\x7b\x77\x61\x67\x65\x73\x7d\x0a\xd0\x9a\xd0\xbe\xd0\xbc\xd0\xbf\xd0\xb5\xd0\xbd\xd1\x81\xd0\xb0\xd1\x86\xd0\xb8\xd0\xb8\x3a\x20\x7b\x6c\x69\x6d\x62\x73\x7d\x0a\xd0\x9e\xd0\xb1\xd1\x89\xd0\xb8\xd0\xb9\x20\xd0\xb4\xd0\xbe\xd0\xbb\xd0\xb3\x3a\x20\x7b\x64\x65\x62\x74\x7d\x0a\xd0\x9e\xd1\x81\xd1\x82\xd0\xb0\xd1\x82\xd0\xbe\xd0\xba\x20\xd0\xbf\xd0\xbe\xd1\x81\xd0\xbb\xd0\xb5\x20\xd0\xb7\xd0\xb0\xd1\x80\xd0\xbf\xd0\xbb\xd0\xb0\xd1\x82\x20\xd0\xb8\x20\xd0\xb4\xd0\xbe\xd0\xbb\xd0\xb3\xd0\xbe\xd0\xb2\x20\x28\xd0\xbc\xd0\xb8\xd0\xbd\xd1\x83\xd1\x81\x20\x3d\x20\xd0\xbd\xd0\xb5\xd1\x85\xd0\xb2\xd0\xb0\xd1\x82\xd0\xba\xd0\xb0\x29\x3a\x20\x7b\x62\x61\x6c\x61\x6e\x63\x65\x7d";
Loc::strings["\x70\x61\x79\x72\x6f\x6c\x6c\x2e\x6d\x61\x73\x73"]="\x7b\x63\x6f\x75\x6e\x74\x7d\x20\xc3\x97\x20\x7b\x72\x61\x74\x65\x7d\x20\xd0\xba\xd0\xb0\xd1\x82\xd0\xbe\xd0\xb2\x2f\xd0\xb4\xd0\xb5\xd0\xbd\xd1\x8c\x20\x3d\x20\x7b\x63\x6f\x73\x74\x7d\x2f\xd0\xb4\xd0\xb5\xd0\xbd\xd1\x8c";
Loc::strings["\x70\x61\x79\x72\x6f\x6c\x6c\x2e\x6d\x61\x73\x73\x5f\x74\x6f\x74\x61\x6c"]="\xd0\x98\xd0\xa2\xd0\x9e\xd0\x93\xd0\x9e\x2f\xd0\x94\xd0\x95\xd0\x9d\xd0\xac\x3a\x20\x7b\x64\x61\x79\x7d\x0a\xd0\x98\xd0\xa2\xd0\x9e\xd0\x93\xd0\x9e\x2f\x37\x20\xd0\x94\xd0\x9d\xd0\x95\xd0\x99\x20\xd0\xbf\xd0\xbe\x20\xd1\x82\xd0\xb5\xd0\xba\xd1\x83\xd1\x89\xd0\xb8\xd0\xbc\x20\xd1\x81\xd1\x82\xd0\xb0\xd0\xb2\xd0\xba\xd0\xb0\xd0\xbc\x3a\x20\x7b\x77\x65\x65\x6b\x7d";
Loc::strings["\x70\x61\x79\x72\x6f\x6c\x6c\x2e\x6d\x65\x6d\x62\x65\x72\x5f\x64\x65\x74\x61\x69\x6c"]="\xd0\xa3\xd1\x87\xd1\x91\xd1\x82\x20\xd1\x81\x3a\x20\x7b\x6a\x6f\x69\x6e\x65\x64\x7d\x20\xe2\x80\x94\x20\xd0\x9e\xd0\xba\xd0\xbe\xd0\xbd\xd1\x87\xd0\xb0\xd0\xbd\xd0\xb8\xd0\xb5\x3a\x20\x7b\x65\x6e\x64\x65\x64\x7d\x0a\xd0\x97\xd0\xb0\xd1\x80\xd0\xbf\xd0\xbb\xd0\xb0\xd1\x82\xd0\xb0\x2f\xd0\xb4\xd0\xb5\xd0\xbd\xd1\x8c\x3a\x20\x7b\x72\x61\x74\x65\x7d\x0a\xd0\x9e\xd1\x86\xd0\xb5\xd0\xbd\xd0\xba\xd0\xb0\x20\xd0\xb7\xd0\xb0\xd1\x80\xd0\xbf\xd0\xbb\xd0\xb0\xd1\x82\xd1\x8b\x20\xd0\xb7\xd0\xb0\x20\xd1\x86\xd0\xb8\xd0\xba\xd0\xbb\x3a\x20\x7b\x70\x65\x72\x69\x6f\x64\x7d\x0a\xd0\x94\xd0\xbe\xd0\xbb\xd0\xb3\x20\xd0\xbf\xd0\xbe\x20\xd0\xb7\xd0\xb0\xd1\x80\xd0\xbf\xd0\xbb\xd0\xb0\xd1\x82\xd0\xb5\x3a\x20\x7b\x77\x61\x67\x65\x73\x7d\x0a\xd0\x9a\xd0\xbe\xd0\xbc\xd0\xbf\xd0\xb5\xd0\xbd\xd1\x81\xd0\xb0\xd1\x86\xd0\xb8\xd0\xb8\x20\xd0\xba\x20\xd0\xbe\xd0\xbf\xd0\xbb\xd0\xb0\xd1\x82\xd0\xb5\x3a\x20\x7b\x6c\x69\x6d\x62\x73\x7d\x0a\xd0\x9f\xd0\xbe\xd0\xbb\xd1\x83\xd1\x87\xd0\xb5\xd0\xbd\xd0\xbd\xd1\x8b\xd0\xb9\x20\xd0\xb4\xd0\xbe\xd1\x85\xd0\xbe\xd0\xb4\x3a\x20\x7b\x69\x6e\x63\x6f\x6d\x65\x7d\x0a\xd0\x92\xd1\x8b\xd0\xbf\xd0\xbb\xd0\xb0\xd1\x87\xd0\xb5\xd0\xbd\xd0\xbd\xd0\xb0\xd1\x8f\x20\xd0\xb7\xd0\xb0\xd1\x80\xd0\xbf\xd0\xbb\xd0\xb0\xd1\x82\xd0\xb0\x3a\x20\x7b\x70\x61\x69\x64\x7d\x0a\xd0\x92\xd1\x8b\xd0\xbf\xd0\xbb\xd0\xb0\xd1\x87\xd0\xb5\xd0\xbd\xd0\xbd\xd1\x8b\xd0\xb5\x20\xd0\xba\xd0\xbe\xd0\xbc\xd0\xbf\xd0\xb5\xd0\xbd\xd1\x81\xd0\xb0\xd1\x86\xd0\xb8\xd0\xb8\x3a\x20\x7b\x63\x6f\x6d\x70\x65\x6e\x73\x61\x74\x69\x6f\x6e\x7d\x0a\xd0\xa4\xd0\xb0\xd0\xba\xd1\x82\xd0\xb8\xd1\x87\xd0\xb5\xd1\x81\xd0\xba\xd0\xb8\xd0\xb5\x20\xd1\x80\xd0\xb0\xd1\x81\xd1\x85\xd0\xbe\xd0\xb4\xd1\x8b\x3a\x20\x7b\x63\x6f\x73\x74\x7d\x0a\xd0\x9f\xd1\x80\xd0\xb8\xd0\xb1\xd1\x8b\xd0\xbb\xd1\x8c\x20\x2f\x20\xd1\x83\xd0\xb1\xd1\x8b\xd1\x82\xd0\xbe\xd0\xba\x3a\x20\x7b\x70\x72\x6f\x66\x69\x74\x7d\x0a\xd0\x97\xd0\xb0\xd0\xb2\xd0\xb5\xd1\x80\xd1\x88\xd1\x91\xd0\xbd\xd0\xbd\xd1\x8b\xd0\xb5\x20\xd0\xbf\xd0\xbe\xd1\x80\xd1\x83\xd1\x87\xd0\xb5\xd0\xbd\xd0\xbd\xd1\x8b\xd0\xb5\x20\xd0\xba\xd0\xbe\xd0\xbd\xd1\x82\xd1\x80\xd0\xb0\xd0\xba\xd1\x82\xd1\x8b\x3a\x20\x7b\x63\x6f\x6e\x74\x72\x61\x63\x74\x73\x7d";
Loc::strings["\x70\x61\x79\x72\x6f\x6c\x6c\x2e\x72\x65\x63\x65\x69\x70\x74"]="\xd0\x9d\xd0\xb0\xd0\xb3\xd1\x80\xd0\xb0\xd0\xb4\xd0\xb0\x3a\x20\x7b\x67\x72\x6f\x73\x73\x7d\x20\xd0\xba\xd0\xb0\xd1\x82\xd0\xbe\xd0\xb2\x0a\xd0\x9f\xd0\xbe\xd0\xb3\xd0\xb0\xd1\x88\xd0\xb5\xd0\xbd\xd0\xb8\xd0\xb5\x20\xd0\xb4\xd0\xbe\xd0\xbb\xd0\xb3\xd0\xbe\xd0\xb2\x3a\x20\x2d\x7b\x70\x61\x69\x64\x7d\x20\xd0\xba\xd0\xb0\xd1\x82\xd0\xbe\xd0\xb2\x0a\xd0\x9f\xd0\xbe\xd0\xbb\xd1\x83\xd1\x87\xd0\xb5\xd0\xbd\xd0\xbe\x3a\x20\x7b\x6e\x65\x74\x7d\x20\xd0\xba\xd0\xb0\xd1\x82\xd0\xbe\xd0\xb2\x0a\xd0\x9e\xd1\x81\xd1\x82\xd0\xb0\xd1\x82\xd0\xbe\xd0\xba\x20\xd0\xb4\xd0\xbe\xd0\xbb\xd0\xb3\xd0\xb0\x3a\x20\x7b\x64\x65\x62\x74\x7d\x20\xd0\xba\xd0\xb0\xd1\x82\xd0\xbe\xd0\xb2";
Loc::strings["\x70\x61\x79\x72\x6f\x6c\x6c\x2e\x64\x65\x62\x74\x5f\x64\x65\x74\x61\x69\x6c"]="\xd0\x94\xd0\xb0\xd1\x82\xd0\xb0\x3a\x20\x7b\x64\x61\x74\x65\x7d\x0a\xd0\x98\xd1\x81\xd1\x85\xd0\xbe\xd0\xb4\xd0\xbd\xd0\xb0\xd1\x8f\x20\xd1\x81\xd1\x83\xd0\xbc\xd0\xbc\xd0\xb0\x3a\x20\x7b\x69\x6e\x69\x74\x69\x61\x6c\x7d\x0a\xd0\x9e\xd1\x81\xd1\x82\xd0\xb0\xd0\xbb\xd0\xbe\xd1\x81\xd1\x8c\x3a\x20\x7b\x72\x65\x6d\x61\x69\x6e\x69\x6e\x67\x7d";
Loc::strings["\x70\x61\x79\x72\x6f\x6c\x6c\x2e\x72\x65\x70\x61\x79\x6d\x65\x6e\x74\x5f\x6c\x69\x6e\x65"]="\xd0\x9f\xd0\xbe\xd0\xb3\xd0\xb0\xd1\x88\xd0\xb5\xd0\xbd\xd0\xbe\x20\x7b\x64\x61\x74\x65\x7d\x3a\x20\x7b\x61\x6d\x6f\x75\x6e\x74\x7d";
Loc::strings["\x70\x61\x79\x72\x6f\x6c\x6c\x2e\x73\x61\x6c\x61\x72\x79"]="\xd0\x94\xd0\xbe\xd0\xbb\xd0\xb3\x20\xd0\xbf\xd0\xbe\x20\xd0\xb7\xd0\xb0\xd1\x80\xd0\xbf\xd0\xbb\xd0\xb0\xd1\x82\xd0\xb5";
Loc::strings["\x70\x61\x79\x72\x6f\x6c\x6c\x2e\x66\x69\x6e\x61\x6c\x5f\x73\x61\x6c\x61\x72\x79"]="\xd0\x9e\xd0\xba\xd0\xbe\xd0\xbd\xd1\x87\xd0\xb0\xd1\x82\xd0\xb5\xd0\xbb\xd1\x8c\xd0\xbd\xd1\x8b\xd0\xb9\x20\xd1\x80\xd0\xb0\xd1\x81\xd1\x87\xd1\x91\xd1\x82\x20\xd0\xbf\xd0\xbe\x20\xd0\xb7\xd0\xb0\xd1\x80\xd0\xbf\xd0\xbb\xd0\xb0\xd1\x82\xd0\xb5";
Loc::strings["\x70\x61\x79\x72\x6f\x6c\x6c\x2e\x6c\x65\x66\x74\x5f\x61\x72\x6d"]="\xd0\x9a\xd0\xbe\xd0\xbc\xd0\xbf\xd0\xb5\xd0\xbd\xd1\x81\xd0\xb0\xd1\x86\xd0\xb8\xd1\x8f\x20\xe2\x80\x94\x20\xd0\xbb\xd0\xb5\xd0\xb2\xd0\xb0\xd1\x8f\x20\xd1\x80\xd1\x83\xd0\xba\xd0\xb0";
Loc::strings["\x70\x61\x79\x72\x6f\x6c\x6c\x2e\x72\x69\x67\x68\x74\x5f\x61\x72\x6d"]="\xd0\x9a\xd0\xbe\xd0\xbc\xd0\xbf\xd0\xb5\xd0\xbd\xd1\x81\xd0\xb0\xd1\x86\xd0\xb8\xd1\x8f\x20\xe2\x80\x94\x20\xd0\xbf\xd1\x80\xd0\xb0\xd0\xb2\xd0\xb0\xd1\x8f\x20\xd1\x80\xd1\x83\xd0\xba\xd0\xb0";
Loc::strings["\x70\x61\x79\x72\x6f\x6c\x6c\x2e\x6c\x65\x66\x74\x5f\x6c\x65\x67"]="\xd0\x9a\xd0\xbe\xd0\xbc\xd0\xbf\xd0\xb5\xd0\xbd\xd1\x81\xd0\xb0\xd1\x86\xd0\xb8\xd1\x8f\x20\xe2\x80\x94\x20\xd0\xbb\xd0\xb5\xd0\xb2\xd0\xb0\xd1\x8f\x20\xd0\xbd\xd0\xbe\xd0\xb3\xd0\xb0";
Loc::strings["\x70\x61\x79\x72\x6f\x6c\x6c\x2e\x72\x69\x67\x68\x74\x5f\x6c\x65\x67"]="\xd0\x9a\xd0\xbe\xd0\xbc\xd0\xbf\xd0\xb5\xd0\xbd\xd1\x81\xd0\xb0\xd1\x86\xd0\xb8\xd1\x8f\x20\xe2\x80\x94\x20\xd0\xbf\xd1\x80\xd0\xb0\xd0\xb2\xd0\xb0\xd1\x8f\x20\xd0\xbd\xd0\xbe\xd0\xb3\xd0\xb0";
Loc::strings["\x70\x61\x79\x72\x6f\x6c\x6c\x2e\x73\x61\x6c\x61\x72\x79\x5f\x70\x61\x79\x6d\x65\x6e\x74"]="\xd0\x92\xd1\x8b\xd0\xbf\xd0\xbb\xd0\xb0\xd1\x82\xd0\xb0\x20\xd0\xb7\xd0\xb0\xd1\x80\xd0\xbf\xd0\xbb\xd0\xb0\xd1\x82\x20\xd0\xb8\x20\xd0\xbf\xd0\xbe\xd0\xb3\xd0\xb0\xd1\x88\xd0\xb5\xd0\xbd\xd0\xb8\xd0\xb5\x20\xd0\xb4\xd0\xbe\xd0\xbb\xd0\xb3\xd0\xbe\xd0\xb2";
Loc::strings["\x70\x61\x79\x72\x6f\x6c\x6c\x2e\x63\x6f\x6d\x70\x65\x6e\x73\x61\x74\x69\x6f\x6e\x5f\x70\x61\x79\x6d\x65\x6e\x74"]="\xd0\x92\xd1\x8b\xd0\xbf\xd0\xbb\xd0\xb0\xd1\x82\xd0\xb0\x20\xd0\xba\xd0\xbe\xd0\xbc\xd0\xbf\xd0\xb5\xd0\xbd\xd1\x81\xd0\xb0\xd1\x86\xd0\xb8\xd0\xb8";
Loc::strings["\x70\x61\x79\x72\x6f\x6c\x6c\x2e\x63\x6f\x6e\x74\x72\x61\x63\x74\x5f\x72\x65\x70\x61\x79\x6d\x65\x6e\x74"]="\xd0\x9f\xd0\xbe\xd0\xb3\xd0\xb0\xd1\x88\xd0\xb5\xd0\xbd\xd0\xb8\xd0\xb5\x20\xd0\xb4\xd0\xbe\xd0\xbb\xd0\xb3\xd0\xb0\x20\xd0\xb8\xd0\xb7\x20\xd0\xbd\xd0\xb0\xd0\xb3\xd1\x80\xd0\xb0\xd0\xb4\xd1\x8b";
Loc::strings["\x70\x61\x79\x72\x6f\x6c\x6c\x2e\x61\x63\x63\x6f\x75\x6e\x74\x69\x6e\x67\x5f\x6e\x6f\x74\x65"]="\xd0\xa1\xd0\xba\xd0\xb5\xd0\xbb\xd0\xb5\xd1\x82\xd1\x8b\x20\xd0\xbd\xd0\xb5\x20\xd0\xbf\xd0\xbe\xd0\xbb\xd1\x83\xd1\x87\xd0\xb0\xd1\x8e\xd1\x82\x20\xd0\xb7\xd0\xb0\xd1\x80\xd0\xbf\xd0\xbb\xd0\xb0\xd1\x82\xd1\x83\x20\xd0\xb8\x20\xd0\xbd\xd0\xb5\x20\xd0\xb2\xd1\x85\xd0\xbe\xd0\xb4\xd1\x8f\xd1\x82\x20\xd0\xb2\x20\xd0\xbe\xd0\xbf\xd0\xbb\xd0\xb0\xd1\x87\xd0\xb8\xd0\xb2\xd0\xb0\xd0\xb5\xd0\xbc\xd1\x8b\xd0\xb9\x20\xd1\x81\xd0\xbe\xd1\x81\xd1\x82\xd0\xb0\xd0\xb2\x2e\x20\xd0\x94\xd0\xbe\xd0\xbb\xd0\xb3\xd0\xb8\x20\xd0\xb1\xd1\x8b\xd0\xb2\xd1\x88\xd0\xb8\xd0\xbc\x20\xd1\x83\xd1\x87\xd0\xb0\xd1\x81\xd1\x82\xd0\xbd\xd0\xb8\xd0\xba\xd0\xb0\xd0\xbc\x20\xd1\x81\xd0\xbe\xd1\x85\xd1\x80\xd0\xb0\xd0\xbd\xd1\x8f\xd1\x8e\xd1\x82\xd1\x81\xd1\x8f\x2e\x20\xd0\x9f\xd0\xbe\xd1\x82\xd0\xb5\xd1\x80\xd0\xb8\x20\xd0\xba\xd0\xbe\xd0\xbd\xd0\xb5\xd1\x87\xd0\xbd\xd0\xbe\xd1\x81\xd1\x82\xd0\xb5\xd0\xb9\x20\xd0\xb4\xd0\xbe\x20\xd0\xbd\xd0\xb0\xd1\x87\xd0\xb0\xd0\xbb\xd0\xb0\x20\xd1\x83\xd1\x87\xd1\x91\xd1\x82\xd0\xb0\x20\xd0\xbd\xd0\xb5\x20\xd0\xba\xd0\xbe\xd0\xbc\xd0\xbf\xd0\xb5\xd0\xbd\xd1\x81\xd0\xb8\xd1\x80\xd1\x83\xd1\x8e\xd1\x82\xd1\x81\xd1\x8f\x2e\x20\xd0\x94\xd0\xbe\xd1\x85\xd0\xbe\xd0\xb4\x20\xd0\xbe\xd1\x82\x20\xd0\xbf\xd0\xbe\xd1\x80\xd1\x83\xd1\x87\xd0\xb5\xd0\xbd\xd0\xb8\xd0\xb9\x20\xd0\xb4\xd0\xb5\xd0\xbb\xd0\xb8\xd1\x82\xd1\x81\xd1\x8f\x20\xd0\xbf\xd0\xbe\xd1\x80\xd0\xbe\xd0\xb2\xd0\xbd\xd1\x83\x3b\x20\xd0\xbb\xd0\xb8\xd1\x87\xd0\xbd\xd1\x8b\xd0\xb9\x20\xd0\xb4\xd0\xbe\xd1\x85\xd0\xbe\xd0\xb4\x20\xd0\xbd\xd0\xb5\x20\xd0\xbf\xd1\x80\xd0\xb8\xd0\xbf\xd0\xb8\xd1\x81\xd1\x8b\xd0\xb2\xd0\xb0\xd0\xb5\xd1\x82\xd1\x81\xd1\x8f\x20\xd0\xb1\xd0\xb5\xd0\xb7\x20\xd0\xb4\xd0\xbe\xd1\x81\xd1\x82\xd0\xbe\xd0\xb2\xd0\xb5\xd1\x80\xd0\xbd\xd0\xbe\xd0\xb3\xd0\xbe\x20\xd1\x81\xd0\xbf\xd0\xb8\xd1\x81\xd0\xba\xd0\xb0\x20\xd1\x83\xd1\x87\xd0\xb0\xd1\x81\xd1\x82\xd0\xbd\xd0\xb8\xd0\xba\xd0\xbe\xd0\xb2\x2e";
Loc::strings["\x70\x61\x79\x72\x6f\x6c\x6c\x2e\x61\x6e\x69\x6d\x61\x6c"]="\xd0\x96\xd0\xb8\xd0\xb2\xd0\xbe\xd1\x82\xd0\xbd\xd0\xbe\xd0\xb5\x20\xe2\x80\x94\x20\xd0\xb1\xd0\xb5\xd0\xb7\x20\xd0\xb7\xd0\xb0\xd1\x80\xd0\xbf\xd0\xbb\xd0\xb0\xd1\x82\xd1\x8b";
Loc::strings["\x70\x61\x79\x72\x6f\x6c\x6c\x2e\x73\x75\x73\x70\x65\x6e\x64\x65\x64\x5f\x62\x61\x6c\x61\x6e\x63\x65"]="\xd0\x97\xd0\xb0\xd1\x80\xd0\xbf\xd0\xbb\xd0\xb0\xd1\x82\xd0\xb0\x20\xd0\xb4\xd0\xbe\x20\xd0\xbf\xd1\x80\xd0\xb8\xd0\xbe\xd1\x81\xd1\x82\xd0\xb0\xd0\xbd\xd0\xbe\xd0\xb2\xd0\xba\xd0\xb8";
Loc::strings["\x70\x61\x79\x72\x6f\x6c\x6c\x2e\x75\x69\x2e\x68\x65\x61\x64\x65\x72"]="\x54\x48\x45\x20\x4d\x45\x52\x43\x45\x4e\x41\x52\x49\x45\x20\x20\x7c\x20\x20\xd0\xa3\xd0\x9f\xd0\xa0\xd0\x90\xd0\x92\xd0\x9b\xd0\x95\xd0\x9d\xd0\x98\xd0\x95\x20\xd0\x93\xd0\x98\xd0\x9b\xd0\xac\xd0\x94\xd0\x98\xd0\x95\xd0\x99";
Loc::strings["\x70\x61\x79\x72\x6f\x6c\x6c\x2e\x75\x69\x2e\x69\x6e\x66\x6f\x72\x6d\x61\x74\x69\x6f\x6e"]="\xd0\x98\xd0\xbd\xd1\x84\xd0\xbe\xd1\x80\xd0\xbc\xd0\xb0\xd1\x86\xd0\xb8\xd1\x8f";
Loc::strings["\x70\x61\x79\x72\x6f\x6c\x6c\x2e\x75\x69\x2e\x61\x6c\x6c"]="\xd0\x92\xd1\x81\xd0\xb5";
Loc::strings["\x70\x61\x79\x72\x6f\x6c\x6c\x2e\x75\x69\x2e\x75\x6e\x6b\x6e\x6f\x77\x6e"]="\xd0\x9d\xd0\xb5\xd0\xb8\xd0\xb7\xd0\xb2\xd0\xb5\xd1\x81\xd1\x82\xd0\xbd\xd0\xbe";
Loc::strings["\x70\x61\x79\x72\x6f\x6c\x6c\x2e\x75\x69\x2e\x73\x65\x61\x72\x63\x68"]="\xd0\x9f\xd0\xbe\xd0\xb8\xd1\x81\xd0\xba\x20\xd0\xbf\xd0\xbe\x20\xd0\xb8\xd0\xbc\xd0\xb5\xd0\xbd\xd0\xb8\x20\xd0\xb8\xd0\xbb\xd0\xb8\x20\xd0\xbe\xd0\xbf\xd0\xb8\xd1\x81\xd0\xb0\xd0\xbd\xd0\xb8\xd1\x8e";
Loc::strings["\x70\x61\x79\x72\x6f\x6c\x6c\x2e\x75\x69\x2e\x6e\x61\x6d\x65"]="\xd0\x98\xd0\xbc\xd1\x8f";
Loc::strings["\x70\x61\x79\x72\x6f\x6c\x6c\x2e\x75\x69\x2e\x6e\x65\x77\x65\x73\x74"]="\xd0\xa1\xd0\xbd\xd0\xb0\xd1\x87\xd0\xb0\xd0\xbb\xd0\xb0\x20\xd0\xbd\xd0\xbe\xd0\xb2\xd1\x8b\xd0\xb5";
Loc::strings["\x70\x61\x79\x72\x6f\x6c\x6c\x2e\x75\x69\x2e\x6f\x6c\x64\x65\x73\x74"]="\xd0\xa1\xd0\xbd\xd0\xb0\xd1\x87\xd0\xb0\xd0\xbb\xd0\xb0\x20\xd1\x81\xd1\x82\xd0\xb0\xd1\x80\xd1\x8b\xd0\xb5";
Loc::strings["\x70\x61\x79\x72\x6f\x6c\x6c\x2e\x75\x69\x2e\x72\x61\x74\x65"]="\xd0\x9f\xd0\xbb\xd0\xb0\xd1\x82\xd0\xb0\x20\xd0\xb7\xd0\xb0\x20\xd0\xb4\xd0\xb5\xd0\xbd\xd1\x8c";
Loc::strings["\x70\x61\x79\x72\x6f\x6c\x6c\x2e\x75\x69\x2e\x74\x72\x65\x61\x73\x75\x72\x79"]="\xd0\x9a\xd0\xb0\xd0\xb7\xd0\xbd\xd0\xb0";
Loc::strings["\x70\x61\x79\x72\x6f\x6c\x6c\x2e\x75\x69\x2e\x6e\x65\x78\x74"]="\xd0\xa1\xd0\xbb\xd0\xb5\xd0\xb4\xd1\x83\xd1\x8e\xd1\x89\xd0\xb0\xd1\x8f\x20\xd0\xb2\xd1\x8b\xd0\xbf\xd0\xbb\xd0\xb0\xd1\x82\xd0\xb0";
Loc::strings["\x70\x61\x79\x72\x6f\x6c\x6c\x2e\x75\x69\x2e\x65\x73\x74\x69\x6d\x61\x74\x65"]="\xd0\xa0\xd0\xb0\xd1\x81\xd1\x85\xd0\xbe\xd0\xb4\xd1\x8b\x20\x28\x37\x20\xd0\xb4\xd0\xbd\xd0\xb5\xd0\xb9\x29";
Loc::strings["\x70\x61\x79\x72\x6f\x6c\x6c\x2e\x75\x69\x2e\x64\x65\x62\x74"]="\xd0\x9e\xd0\xb1\xd1\x89\xd0\xb8\xd0\xb9\x20\xd0\xb4\xd0\xbe\xd0\xbb\xd0\xb3";
Loc::strings["\x70\x61\x79\x72\x6f\x6c\x6c\x2e\x75\x69\x2e\x72\x61\x74\x65\x73"]="\xd0\x9f\xd0\x9b\xd0\x90\xd0\xa2\xd0\x90\x20\xd0\x9f\xd0\x9e\x20\xd0\xa0\xd0\x90\xd0\x9d\xd0\x93\xd0\x90\xd0\x9c";
Loc::strings["\x70\x61\x79\x72\x6f\x6c\x6c\x2e\x75\x69\x2e\x72\x61\x6e\x6b"]="\xd0\xa0\xd0\xb0\xd0\xbd\xd0\xb3";
Loc::strings["\x70\x61\x79\x72\x6f\x6c\x6c\x2e\x75\x69\x2e\x63\x6f\x75\x6e\x74"]="\xd0\x9e\xd0\xbf\xd0\xbb\xd0\xb0\xd1\x87\xd0\xb8\xd0\xb2\xd0\xb0\xd0\xb5\xd0\xbc\xd1\x8b\xd0\xb5";
Loc::strings["\x70\x61\x79\x72\x6f\x6c\x6c\x2e\x75\x69\x2e\x64\x61\x69\x6c\x79"]="\xd0\x92\xd1\x81\xd0\xb5\xd0\xb3\xd0\xbe\x20\xd0\xb7\xd0\xb0\x20\xd0\xb4\xd0\xb5\xd0\xbd\xd1\x8c";
Loc::strings["\x70\x61\x79\x72\x6f\x6c\x6c\x2e\x75\x69\x2e\x77\x65\x65\x6b\x6c\x79"]="\xd0\x92\xd1\x81\xd0\xb5\xd0\xb3\xd0\xbe\x20\xd0\xb7\xd0\xb0\x20\x37\x20\xd0\xb4\xd0\xbd\xd0\xb5\xd0\xb9";
Loc::strings["\x70\x61\x79\x72\x6f\x6c\x6c\x2e\x75\x69\x2e\x68\x65\x61\x64\x63\x6f\x75\x6e\x74"]="\xd0\xa3\xd1\x87\xd0\xb0\xd1\x81\xd1\x82\xd0\xbd\xd0\xb8\xd0\xba\xd0\xb8";
Loc::strings["\x70\x61\x79\x72\x6f\x6c\x6c\x2e\x75\x69\x2e\x63\x6f\x6e\x74\x72\x61\x63\x74\x73"]="\xd0\x97\xd0\xb0\xd0\xb2\xd0\xb5\xd1\x80\xd1\x88\xd1\x91\xd0\xbd\xd0\xbd\xd1\x8b\xd0\xb5\x20\xd0\xba\xd0\xbe\xd0\xbd\xd1\x82\xd1\x80\xd0\xb0\xd0\xba\xd1\x82\xd1\x8b";
Loc::strings["\x70\x61\x79\x72\x6f\x6c\x6c\x2e\x75\x69\x2e\x69\x6e\x63\x6f\x6d\x65"]="\xd0\x94\xd0\xbe\xd1\x85\xd0\xbe\xd0\xb4\xd1\x8b";
Loc::strings["\x70\x61\x79\x72\x6f\x6c\x6c\x2e\x75\x69\x2e\x63\x6f\x73\x74"]="\xd0\xa0\xd0\xb0\xd1\x81\xd1\x85\xd0\xbe\xd0\xb4\xd1\x8b";
Loc::strings["\x70\x61\x79\x72\x6f\x6c\x6c\x2e\x75\x69\x2e\x73\x74\x61\x74\x75\x73"]="\xd0\xa1\xd1\x82\xd0\xb0\xd1\x82\xd1\x83\xd1\x81";
Loc::strings["\x70\x61\x79\x72\x6f\x6c\x6c\x2e\x75\x69\x2e\x64\x61\x74\x65"]="\xd0\x94\xd0\xb0\xd1\x82\xd0\xb0";
Loc::strings["\x70\x61\x79\x72\x6f\x6c\x6c\x2e\x75\x69\x2e\x73\x65\x72\x76\x69\x63\x65"]="\xd0\xa1\xd0\xbb\xd1\x83\xd0\xb6\xd0\xb1\xd0\xb0";
Loc::strings["\x70\x61\x79\x72\x6f\x6c\x6c\x2e\x75\x69\x2e\x63\x61\x75\x73\x65"]="\xd0\x9f\xd1\x80\xd0\xb8\xd1\x87\xd0\xb8\xd0\xbd\xd0\xb0";
Loc::strings["\x70\x61\x79\x72\x6f\x6c\x6c\x2e\x75\x69\x2e\x63\x6f\x6d\x70\x65\x6e\x73\x61\x74\x69\x6f\x6e"]="\xd0\x92\xd1\x8b\xd0\xbf\xd0\xbb\xd0\xb0\xd1\x87\xd0\xb5\xd0\xbd\xd0\xbd\xd1\x8b\xd0\xb5\x20\xd0\xba\xd0\xbe\xd0\xbc\xd0\xbf\xd0\xb5\xd0\xbd\xd1\x81\xd0\xb0\xd1\x86\xd0\xb8\xd0\xb8";
Loc::strings["\x70\x61\x79\x72\x6f\x6c\x6c\x2e\x75\x69\x2e\x64\x65\x74\x61\x69\x6c\x73"]="\xd0\x9f\xd0\xbe\xd0\xb4\xd1\x80\xd0\xbe\xd0\xb1\xd0\xbd\xd0\xbe\xd1\x81\xd1\x82\xd0\xb8";
Loc::strings["\x70\x61\x79\x72\x6f\x6c\x6c\x2e\x75\x69\x2e\x64\x61\x79\x73"]="\xd0\xb4\xd0\xbd\xd0\xb5\xd0\xb9";
Loc::strings["\x70\x61\x79\x72\x6f\x6c\x6c\x2e\x75\x69\x2e\x73\x74\x61\x74\x69\x73\x74\x69\x63\x73"]="\xd0\xa1\xd1\x82\xd0\xb0\xd1\x82\xd0\xb8\xd1\x81\xd1\x82\xd0\xb8\xd0\xba\xd0\xb0";
Loc::strings["\x70\x61\x79\x72\x6f\x6c\x6c\x2e\x75\x69\x2e\x74\x72\x61\x6e\x73\x61\x63\x74\x69\x6f\x6e\x73"]="\xd0\x9e\xd0\xbf\xd0\xb5\xd1\x80\xd0\xb0\xd1\x86\xd0\xb8\xd0\xb8";
Loc::strings["\x70\x61\x79\x72\x6f\x6c\x6c\x2e\x75\x69\x2e\x74\x79\x70\x65"]="\xd0\xa2\xd0\xb8\xd0\xbf";
Loc::strings["\x70\x61\x79\x72\x6f\x6c\x6c\x2e\x75\x69\x2e\x64\x65\x73\x63\x72\x69\x70\x74\x69\x6f\x6e"]="\xd0\x9e\xd0\xbf\xd0\xb8\xd1\x81\xd0\xb0\xd0\xbd\xd0\xb8\xd0\xb5";
Loc::strings["\x70\x61\x79\x72\x6f\x6c\x6c\x2e\x75\x69\x2e\x61\x6d\x6f\x75\x6e\x74"]="\xd0\xa1\xd1\x83\xd0\xbc\xd0\xbc\xd0\xb0";
Loc::strings["\x70\x61\x79\x72\x6f\x6c\x6c\x2e\x75\x69\x2e\x62\x61\x6c\x61\x6e\x63\x65"]="\xd0\x91\xd0\xb0\xd0\xbb\xd0\xb0\xd0\xbd\xd1\x81";
Loc::strings["\x70\x61\x79\x72\x6f\x6c\x6c\x2e\x75\x69\x2e\x65\x78\x70\x65\x6e\x73\x65\x73"]="\xd0\xa0\xd0\xb0\xd1\x81\xd1\x85\xd0\xbe\xd0\xb4\xd1\x8b";
Loc::strings["\x70\x61\x79\x72\x6f\x6c\x6c\x2e\x75\x69\x2e\x70\x65\x72\x69\x6f\x64\x5f\x62\x61\x6c\x61\x6e\x63\x65"]="\xd0\x98\xd1\x82\xd0\xbe\xd0\xb3\x20\xd0\xbf\xd0\xbe\xd0\xba\xd0\xb0\xd0\xb7\xd0\xb0\xd0\xbd\xd0\xbd\xd1\x8b\xd1\x85\x20\xd0\xb7\xd0\xb0\xd0\xbf\xd0\xb8\xd1\x81\xd0\xb5\xd0\xb9";
Loc::strings["\x70\x61\x79\x72\x6f\x6c\x6c\x2e\x75\x69\x2e\x65\x6d\x70\x74\x79\x5f\x6d\x65\x6d\x62\x65\x72\x73"]="\xd0\x9d\xd0\x95\xd0\xa2\x20\xd0\x9d\xd0\x90\xd0\x81\xd0\x9c\xd0\x9d\xd0\x98\xd0\x9a\xd0\x9e\xd0\x92";
Loc::strings["\x70\x61\x79\x72\x6f\x6c\x6c\x2e\x75\x69\x2e\x65\x6d\x70\x74\x79\x5f\x66\x6f\x72\x6d\x65\x72"]="\xd0\x9d\xd0\x95\xd0\xa2\x20\xd0\x91\xd0\xab\xd0\x92\xd0\xa8\xd0\x98\xd0\xa5\x20\xd0\x9d\xd0\x90\xd0\x81\xd0\x9c\xd0\x9d\xd0\x98\xd0\x9a\xd0\x9e\xd0\x92";
Loc::strings["\x70\x61\x79\x72\x6f\x6c\x6c\x2e\x75\x69\x2e\x65\x6d\x70\x74\x79\x5f\x68\x69\x73\x74\x6f\x72\x79"]="\xd0\x9d\xd0\x95\xd0\xa2\x20\xd0\x9e\xd0\x9f\xd0\x95\xd0\xa0\xd0\x90\xd0\xa6\xd0\x98\xd0\x99";
Loc::strings["\x70\x61\x79\x72\x6f\x6c\x6c\x2e\x75\x69\x2e\x65\x6d\x70\x74\x79\x5f\x68\x69\x6e\x74"]="\xd0\x9d\xd0\xb5\xd1\x82\x20\xd1\x80\xd0\xb5\xd0\xb7\xd1\x83\xd0\xbb\xd1\x8c\xd1\x82\xd0\xb0\xd1\x82\xd0\xbe\xd0\xb2\x20\xd0\xb4\xd0\xbb\xd1\x8f\x20\xd0\xb2\xd1\x8b\xd0\xb1\xd1\x80\xd0\xb0\xd0\xbd\xd0\xbd\xd1\x8b\xd1\x85\x20\xd1\x84\xd0\xb8\xd0\xbb\xd1\x8c\xd1\x82\xd1\x80\xd0\xbe\xd0\xb2\x2e";
Loc::strings["\x70\x61\x79\x72\x6f\x6c\x6c\x2e\x75\x69\x2e\x72\x61\x74\x65\x73\x5f\x69\x6e\x66\x6f"]="\xd0\x92\xd1\x8b\xd0\xbf\xd0\xbb\xd0\xb0\xd1\x82\xd0\xb0\x20\xd0\xba\xd0\xb0\xd0\xb6\xd0\xb4\xd1\x8b\xd0\xb5\x20\x37\x20\xd0\xb4\xd0\xbd\xd0\xb5\xd0\xb9\x20\x28\x31\x36\x38\x20\xd1\x87\xd0\xb0\xd1\x81\xd0\xbe\xd0\xb2\x20\x4b\x65\x6e\x73\x68\x69\x29\x2e\x0a\x0a\xd0\xa1\xd1\x82\xd0\xb0\xd0\xb2\xd0\xba\xd0\xb0\x20\xd0\xb4\xd0\xb5\xd0\xb9\xd1\x81\xd1\x82\xd0\xb2\xd1\x83\xd0\xb5\xd1\x82\x20\xd0\xb4\xd0\xbb\xd1\x8f\x20\xd1\x83\xd1\x87\xd0\xb0\xd1\x81\xd1\x82\xd0\xbd\xd0\xb8\xd0\xba\xd0\xbe\xd0\xb2\x20\xd0\xb4\xd0\xb0\xd0\xbd\xd0\xbd\xd0\xbe\xd0\xb3\xd0\xbe\x20\xd1\x80\xd0\xb0\xd0\xbd\xd0\xb3\xd0\xb0\x2e\x0a\x0a\xd0\x9d\xd0\xb0\x20\xd0\xbf\xd0\xbe\xd0\xb3\xd0\xb0\xd1\x88\xd0\xb5\xd0\xbd\xd0\xb8\xd0\xb5\x20\xd0\xb4\xd0\xbe\xd0\xbb\xd0\xb3\xd0\xbe\xd0\xb2\x20\xd1\x83\xd1\x85\xd0\xbe\xd0\xb4\xd0\xb8\xd1\x82\x20\xd0\xbd\xd0\xb5\x20\xd0\xb1\xd0\xbe\xd0\xbb\xd0\xb5\xd0\xb5\x20\xd0\xbf\xd0\xbe\xd0\xbb\xd0\xbe\xd0\xb2\xd0\xb8\xd0\xbd\xd1\x8b\x20\xd0\xbd\xd0\xb0\xd0\xb3\xd1\x80\xd0\xb0\xd0\xb4\x2e\x0a\x0a\xd0\xa1\xd0\xba\xd0\xb5\xd0\xbb\xd0\xb5\xd1\x82\xd1\x8b\x20\xd0\xbf\xd0\xbe\xd0\xbb\xd1\x83\xd1\x87\xd0\xb0\xd1\x8e\xd1\x82\x20\x30\x20\xd0\xba\xd0\xb0\xd1\x82\xd0\xbe\xd0\xb2\x2e";
Loc::strings["\x70\x61\x79\x72\x6f\x6c\x6c\x2e\x75\x69\x2e\x66\x6f\x72\x6d\x65\x72\x5f\x69\x6e\x66\x6f"]="\xd0\x91\xd1\x8b\xd0\xb2\xd1\x88\xd0\xb8\xd0\xb5\x20\xd1\x83\xd1\x87\xd0\xb0\xd1\x81\xd1\x82\xd0\xbd\xd0\xb8\xd0\xba\xd0\xb8\x20\xd0\xbe\xd1\x81\xd1\x82\xd0\xb0\xd1\x8e\xd1\x82\xd1\x81\xd1\x8f\x20\xd0\xb2\x20\xd0\xb8\xd1\x81\xd1\x82\xd0\xbe\xd1\x80\xd0\xb8\xd0\xb8\x2e\x20\xd0\xa1\xd1\x82\xd0\xb0\xd1\x82\xd1\x83\xd1\x81\x20\xd0\xb8\x20\xd0\xbf\xd1\x80\xd0\xb8\xd1\x87\xd0\xb8\xd0\xbd\xd0\xb0\x20\xd1\x83\xd1\x85\xd0\xbe\xd0\xb4\xd0\xb0\x20\xd0\xbd\xd0\xb5\x20\xd0\xb7\xd0\xb0\xd0\xbf\xd0\xb8\xd1\x81\xd1\x8b\xd0\xb2\xd0\xb0\xd1\x8e\xd1\x82\xd1\x81\xd1\x8f\x20\xd0\xb8\x20\xd0\xbe\xd1\x81\xd1\x82\xd0\xb0\xd1\x8e\xd1\x82\xd1\x81\xd1\x8f\x20\xd0\xbd\xd0\xb5\xd0\xb8\xd0\xb7\xd0\xb2\xd0\xb5\xd1\x81\xd1\x82\xd0\xbd\xd1\x8b\xd0\xbc\xd0\xb8\x2e\x20\xd0\x94\xd0\xbe\xd0\xbb\xd0\xb3\xd0\xb8\x20\xd1\x81\xd0\xbe\xd1\x85\xd1\x80\xd0\xb0\xd0\xbd\xd1\x8f\xd1\x8e\xd1\x82\xd1\x81\xd1\x8f\x2e\x20\xd0\x9a\xd0\xbe\xd0\xbc\xd0\xbf\xd0\xb5\xd0\xbd\xd1\x81\xd0\xb0\xd1\x86\xd0\xb8\xd1\x8f\x20\xd0\xb7\xd0\xb0\x20\xd0\xbf\xd0\xbe\xd1\x82\xd0\xb5\xd1\x80\xd1\x8e\x20\xd0\xba\xd0\xbe\xd0\xbd\xd0\xb5\xd1\x87\xd0\xbd\xd0\xbe\xd1\x81\xd1\x82\xd0\xb8\x20\xe2\x80\x94\x20\x31\x20\x30\x30\x30\x20\xd0\xba\xd0\xb0\xd1\x82\xd0\xbe\xd0\xb2\x2e";
Loc::strings["\x70\x61\x79\x72\x6f\x6c\x6c\x2e\x75\x69\x2e\x68\x69\x73\x74\x6f\x72\x79\x5f\x69\x6e\x66\x6f"]="\xd0\xa4\xd0\xb8\xd0\xbd\xd0\xb0\xd0\xbd\xd1\x81\xd0\xbe\xd0\xb2\xd1\x8b\xd0\xb9\x20\xd0\xb6\xd1\x83\xd1\x80\xd0\xbd\xd0\xb0\xd0\xbb\x20\xd0\xb3\xd0\xb8\xd0\xbb\xd1\x8c\xd0\xb4\xd0\xb8\xd0\xb8\x2e\x20\xd0\x98\xd1\x82\xd0\xbe\xd0\xb3\xd0\xb8\x20\xd0\xb2\xd0\xba\xd0\xbb\xd1\x8e\xd1\x87\xd0\xb0\xd1\x8e\xd1\x82\x20\xd0\xb2\xd1\x81\xd0\xb5\x20\xd0\xbe\xd1\x82\xd1\x84\xd0\xb8\xd0\xbb\xd1\x8c\xd1\x82\xd1\x80\xd0\xbe\xd0\xb2\xd0\xb0\xd0\xbd\xd0\xbd\xd1\x8b\xd0\xb5\x20\xd1\x81\xd1\x82\xd1\x80\xd0\xbe\xd0\xba\xd0\xb8\x2c\x20\xd0\xb2\x20\xd1\x82\xd0\xbe\xd0\xbc\x20\xd1\x87\xd0\xb8\xd1\x81\xd0\xbb\xd0\xb5\x20\xd0\xbd\xd0\xb0\x20\xd0\xb4\xd1\x80\xd1\x83\xd0\xb3\xd0\xb8\xd1\x85\x20\xd1\x81\xd1\x82\xd1\x80\xd0\xb0\xd0\xbd\xd0\xb8\xd1\x86\xd0\xb0\xd1\x85\x2e\x20\xd0\xa1\xd0\xb2\xd0\xbe\xd0\xb4\xd0\xbd\xd1\x8b\xd0\xb5\x20\xd0\xb0\xd1\x80\xd1\x85\xd0\xb8\xd0\xb2\xd1\x8b\x20\xd0\xbe\xd1\x82\xd0\xbc\xd0\xb5\xd1\x87\xd0\xb5\xd0\xbd\xd1\x8b\x3b\x20\xd0\xbe\xd1\x82\xd1\x81\xd1\x83\xd1\x82\xd1\x81\xd1\x82\xd0\xb2\xd1\x83\xd1\x8e\xd1\x89\xd0\xb8\xd0\xb9\x20\xd0\xb1\xd0\xb0\xd0\xbb\xd0\xb0\xd0\xbd\xd1\x81\x20\xd0\xbd\xd0\xb5\xd0\xb8\xd0\xb7\xd0\xb2\xd0\xb5\xd1\x81\xd1\x82\xd0\xb5\xd0\xbd\x2e\x20\xd0\x94\xd0\xbe\xd0\xbb\xd0\xb3\xd0\xb8\x20\xd0\xb8\x20\xd0\xba\xd0\xbe\xd0\xbc\xd0\xbf\xd0\xb5\xd0\xbd\xd1\x81\xd0\xb0\xd1\x86\xd0\xb8\xd0\xb8\x20\xd0\xb4\xd0\xbe\xd1\x81\xd1\x82\xd1\x83\xd0\xbf\xd0\xbd\xd1\x8b\x20\xd0\xb2\x20\xd1\x81\xd0\xb2\xd0\xb5\xd0\xb4\xd0\xb5\xd0\xbd\xd0\xb8\xd1\x8f\xd1\x85\x20\xd0\xbe\xd0\xb1\x20\xd1\x83\xd1\x87\xd0\xb0\xd1\x81\xd1\x82\xd0\xbd\xd0\xb8\xd0\xba\xd0\xb0\xd1\x85\x2e";
Loc::strings["\x70\x61\x79\x72\x6f\x6c\x6c\x2e\x75\x69\x2e\x64\x65\x63\x65\x61\x73\x65\x64"]="\xd0\x9f\xd0\xbe\xd0\xb3\xd0\xb8\xd0\xb1\xd1\x88\xd0\xb8\xd0\xb5";
Loc::strings["\x70\x61\x79\x72\x6f\x6c\x6c\x2e\x75\x69\x2e\x64\x65\x70\x61\x72\x74\x65\x64"]="\xd0\xa3\xd1\x88\xd0\xb5\xd0\xb4\xd1\x88\xd0\xb8\xd0\xb5";
Loc::strings["\x70\x61\x79\x72\x6f\x6c\x6c\x2e\x73\x68\x65\x65\x74\x2e\x67\x65\x6e\x65\x72\x61\x6c"]="\xd0\x9e\xd0\xb1\xd1\x89\xd0\xb0\xd1\x8f\x20\xd0\xb8\xd0\xbd\xd1\x84\xd0\xbe\xd1\x80\xd0\xbc\xd0\xb0\xd1\x86\xd0\xb8\xd1\x8f";
Loc::strings["\x70\x61\x79\x72\x6f\x6c\x6c\x2e\x73\x68\x65\x65\x74\x2e\x70\x65\x72\x69\x6f\x64"]="\xd0\x9f\xd0\xb5\xd1\x80\xd0\xb8\xd0\xbe\xd0\xb4";
Loc::strings["\x70\x61\x79\x72\x6f\x6c\x6c\x2e\x73\x68\x65\x65\x74\x2e\x6e\x65\x77"]="\xd0\x9d\xd0\xbe\xd0\xb2\xd0\xb0\xd1\x8f\x20\xd0\xb7\xd0\xb0\xd1\x80\xd0\xbf\xd0\xbb\xd0\xb0\xd1\x82\xd0\xb0";
Loc::strings["\x70\x61\x79\x72\x6f\x6c\x6c\x2e\x73\x68\x65\x65\x74\x2e\x63\x61\x73\x68"]="\xd0\xa2\xd0\xb5\xd0\xba\xd1\x83\xd1\x89\xd0\xb8\xd0\xb5\x20\xd1\x81\xd1\x80\xd0\xb5\xd0\xb4\xd1\x81\xd1\x82\xd0\xb2\xd0\xb0";
Loc::strings["\x70\x61\x79\x72\x6f\x6c\x6c\x2e\x73\x68\x65\x65\x74\x2e\x6f\x6c\x64"]="\xd0\x9f\xd1\x80\xd0\xb5\xd0\xb6\xd0\xbd\xd0\xb8\xd0\xb9\x20\xd0\xb4\xd0\xbe\xd0\xbb\xd0\xb3\x20\xd0\xbf\xd0\xbe\x20\xd0\xb7\xd0\xb0\xd1\x80\xd0\xbf\xd0\xbb\xd0\xb0\xd1\x82\xd0\xb5";
Loc::strings["\x70\x61\x79\x72\x6f\x6c\x6c\x2e\x73\x68\x65\x65\x74\x2e\x6c\x69\x6d\x62\x73"]="\xd0\x9a\xd0\xbe\xd0\xbc\xd0\xbf\xd0\xb5\xd0\xbd\xd1\x81\xd0\xb0\xd1\x86\xd0\xb8\xd0\xb8\x20\xd0\xba\x20\xd0\xb2\xd1\x8b\xd0\xbf\xd0\xbb\xd0\xb0\xd1\x82\xd0\xb5";
Loc::strings["\x70\x61\x79\x72\x6f\x6c\x6c\x2e\x73\x68\x65\x65\x74\x2e\x64\x75\x65"]="\xd0\x92\xd1\x81\xd0\xb5\xd0\xb3\xd0\xbe\x20\xd0\xbe\xd1\x81\xd1\x82\xd0\xb0\xd0\xbb\xd0\xbe\xd1\x81\xd1\x8c\x20\xd0\xb2\xd1\x8b\xd0\xbf\xd0\xbb\xd0\xb0\xd1\x82\xd0\xb8\xd1\x82\xd1\x8c";
Loc::strings["\x70\x61\x79\x72\x6f\x6c\x6c\x2e\x73\x68\x65\x65\x74\x2e\x70\x65\x72\x69\x6f\x64\x5f\x76\x61\x6c\x75\x65"]="\xd1\x81\x20\x7b\x73\x74\x61\x72\x74\x7d\x20\xd0\xbf\xd0\xbe\x20\x7b\x65\x6e\x64\x7d";
Loc::strings["\x70\x61\x79\x72\x6f\x6c\x6c\x2e\x73\x68\x65\x65\x74\x2e\x6d\x6f\x74\x74\x6f"]="\xd0\x9a\xd0\xbe\xd0\xbd\xd1\x82\xd1\x80\xd0\xb0\xd0\xba\xd1\x82\xd1\x8b\x2c\x0a\xd0\xb3\xd0\xb8\xd0\xbb\xd1\x8c\xd0\xb4\xd0\xb8\xd1\x8f\x2c\x0a\xd0\xb1\xd0\xbe\xd0\xbb\xd0\xb5\xd0\xb5\x20\xd0\xb1\xd0\xb5\xd0\xb7\xd0\xbe\xd0\xbf\xd0\xb0\xd1\x81\xd0\xbd\xd1\x8b\xd0\xb9\x20\xd0\xbc\xd0\xb8\xd1\x80\x2e";
Loc::strings["\x70\x61\x79\x72\x6f\x6c\x6c\x2e\x73\x68\x65\x65\x74\x2e\x62\x79\x5f\x72\x61\x6e\x6b"]="\xd0\x9f\xd0\xbe\x20\xd1\x80\xd0\xb0\xd0\xbd\xd0\xb3\xd0\xb0\xd0\xbc";
Loc::strings["\x70\x61\x79\x72\x6f\x6c\x6c\x2e\x73\x68\x65\x65\x74\x2e\x72\x61\x6e\x6b"]="\xd0\xa0\xd0\xb0\xd0\xbd\xd0\xb3";
Loc::strings["\x70\x61\x79\x72\x6f\x6c\x6c\x2e\x73\x68\x65\x65\x74\x2e\x63\x6f\x75\x6e\x74"]="\xd0\xa7\xd0\xb8\xd1\x81\xd0\xbb\xd0\xbe\x20\xd0\xbd\xd0\xb0\xd1\x91\xd0\xbc\xd0\xbd\xd0\xb8\xd0\xba\xd0\xbe\xd0\xb2";
Loc::strings["\x70\x61\x79\x72\x6f\x6c\x6c\x2e\x73\x68\x65\x65\x74\x2e\x64\x61\x69\x6c\x79"]="\xd0\xa1\xd1\x82\xd0\xb0\xd0\xb2\xd0\xba\xd0\xb0\x20\xd0\xb2\x20\xd0\xb4\xd0\xb5\xd0\xbd\xd1\x8c";
Loc::strings["\x70\x61\x79\x72\x6f\x6c\x6c\x2e\x73\x68\x65\x65\x74\x2e\x70\x65\x72\x69\x6f\x64\x5f\x74\x6f\x74\x61\x6c"]="\xd0\x98\xd1\x82\xd0\xbe\xd0\xb3\xd0\xbe\x20\xd0\xb7\xd0\xb0\x20\xd0\xbf\xd0\xb5\xd1\x80\xd0\xb8\xd0\xbe\xd0\xb4";
Loc::strings["\x70\x61\x79\x72\x6f\x6c\x6c\x2e\x73\x68\x65\x65\x74\x2e\x76\x61\x72\x69\x61\x62\x6c\x65"]="\xd0\xa0\xd0\xb0\xd0\xb7\xd0\xbd\xd0\xb0\xd1\x8f";
Loc::strings["\x70\x61\x79\x72\x6f\x6c\x6c\x2e\x73\x68\x65\x65\x74\x2e\x67\x72\x61\x6e\x64\x5f\x74\x6f\x74\x61\x6c"]="\xd0\x9e\xd0\x91\xd0\xa9\xd0\x98\xd0\x99\x20\xd0\x98\xd0\xa2\xd0\x9e\xd0\x93";
Loc::strings["\x70\x61\x79\x72\x6f\x6c\x6c\x2e\x73\x68\x65\x65\x74\x2e\x67\x72\x6f\x75\x70\x5f\x6e\x6f\x74\x65"]="\xd0\xa0\xd0\xb0\xd0\xbd\xd0\xb3\x20\xd0\xbd\xd0\xb0\x20\xd0\xb4\xd0\xb0\xd1\x82\xd1\x83\x20\xd1\x80\xd0\xb0\xd1\x81\xd1\x87\xd1\x91\xd1\x82\xd0\xb0\x2e\x20\xd0\xa1\xd1\x83\xd0\xbc\xd0\xbc\xd1\x8b\x20\xd1\x83\xd1\x87\xd0\xb8\xd1\x82\xd1\x8b\xd0\xb2\xd0\xb0\xd1\x8e\xd1\x82\x20\xd0\xb2\xd1\x81\xd0\xb5\x20\xd0\xb8\xd0\xb7\xd0\xbc\xd0\xb5\xd0\xbd\xd0\xb5\xd0\xbd\xd0\xb8\xd1\x8f\x20\xd1\x80\xd0\xb0\xd0\xbd\xd0\xb3\xd0\xb0\x20\xd0\xb8\x20\xd1\x81\xd1\x82\xd0\xb0\xd0\xb2\xd0\xba\xd0\xb8\x20\xd0\xb7\xd0\xb0\x20\xd0\xbf\xd0\xb5\xd1\x80\xd0\xb8\xd0\xbe\xd0\xb4\x2e";
Loc::strings["\x70\x61\x79\x72\x6f\x6c\x6c\x2e\x73\x68\x65\x65\x74\x2e\x64\x65\x74\x61\x69\x6c\x73"]="\xd0\x9f\xd0\xbe\xd0\xba\xd0\xb0\xd0\xb7\xd0\xb0\xd1\x82\xd1\x8c\x20\xd0\xbf\xd0\xbe\xd0\xb4\xd1\x80\xd0\xbe\xd0\xb1\xd0\xbd\xd0\xbe\xd1\x81\xd1\x82\xd0\xb8";
Loc::strings["\x70\x61\x79\x72\x6f\x6c\x6c\x2e\x73\x68\x65\x65\x74\x2e\x68\x69\x64\x65\x5f\x64\x65\x74\x61\x69\x6c\x73"]="\xd0\xa1\xd0\xba\xd1\x80\xd1\x8b\xd1\x82\xd1\x8c\x20\xd0\xbf\xd0\xbe\xd0\xb4\xd1\x80\xd0\xbe\xd0\xb1\xd0\xbd\xd0\xbe\xd1\x81\xd1\x82\xd0\xb8";
Loc::strings["\x70\x61\x79\x72\x6f\x6c\x6c\x2e\x73\x68\x65\x65\x74\x2e\x64\x75\x72\x61\x74\x69\x6f\x6e"]="\x7b\x64\x61\x79\x73\x7d\x20\xd0\xb4\x20\x7b\x68\x6f\x75\x72\x73\x7d\x20\xd1\x87\x20\x7b\x6d\x69\x6e\x75\x74\x65\x73\x7d\x20\xd0\xbc\xd0\xb8\xd0\xbd";
Loc::strings["\x70\x61\x79\x72\x6f\x6c\x6c\x2e\x73\x68\x65\x65\x74\x2e\x6c\x65\x73\x73\x5f\x6d\x69\x6e\x75\x74\x65"]="\xd0\x9c\xd0\xb5\xd0\xbd\xd0\xb5\xd0\xb5\x20\x31\x20\xd0\xbc\xd0\xb8\xd0\xbd";
Loc::strings["\x70\x61\x79\x72\x6f\x6c\x6c\x2e\x73\x68\x65\x65\x74\x2e\x73\x65\x67\x6d\x65\x6e\x74"]="\x7b\x72\x61\x6e\x6b\x7d\x20\xc2\xb7\x20\x7b\x72\x61\x74\x65\x7d\x2f\xd0\xb4\xd0\xb5\xd0\xbd\xd1\x8c\x20\xc2\xb7\x20\x7b\x64\x75\x72\x61\x74\x69\x6f\x6e\x7d\x20\x3d\x20\x7b\x61\x6d\x6f\x75\x6e\x74\x7d";
Loc::strings["\x66\x69\x6e\x61\x6e\x63\x65\x2e\x72\x65\x6e\x74\x73"]="\xd0\x90\xd1\x80\xd0\xb5\xd0\xbd\xd0\xb4\xd0\xb0";
Loc::strings["\x69\x6d\x70\x6f\x72\x74\x2e\x70\x61\x79\x72\x6f\x6c\x6c\x2e\x68\x65\x6c\x70"]="\xd0\x97\xd0\xb0\xd1\x80\xd0\xbf\xd0\xbb\xd0\xb0\xd1\x82\xd1\x8b\x20\xd0\xb2\xd0\xbe\xd0\xb7\xd0\xbe\xd0\xb1\xd0\xbd\xd0\xbe\xd0\xb2\xd1\x8f\xd1\x82\xd1\x81\xd1\x8f\x20\xd0\xb0\xd0\xb2\xd1\x82\xd0\xbe\xd0\xbc\xd0\xb0\xd1\x82\xd0\xb8\xd1\x87\xd0\xb5\xd1\x81\xd0\xba\xd0\xb8\x2c\x20\xd0\xba\xd0\xbe\xd0\xb3\xd0\xb4\xd0\xb0\x20\xd0\xba\xd0\xb0\xd0\xb6\xd0\xb4\xd0\xbe\xd0\xbc\xd1\x83\x20\xd1\x83\xd1\x87\xd0\xb0\xd1\x81\xd1\x82\xd0\xbd\xd0\xb8\xd0\xba\xd1\x83\x20\xd0\xbd\xd0\xb8\xd0\xb6\xd0\xb5\x20\xd0\xb1\xd1\x83\xd0\xb4\xd0\xb5\xd1\x82\x20\xd1\x81\xd0\xbe\xd0\xbe\xd1\x82\xd0\xb2\xd0\xb5\xd1\x82\xd1\x81\xd1\x82\xd0\xb2\xd0\xbe\xd0\xb2\xd0\xb0\xd1\x82\xd1\x8c\x20\xd1\x80\xd0\xbe\xd0\xb2\xd0\xbd\xd0\xbe\x20\xd0\xbe\xd0\xb4\xd0\xb8\xd0\xbd\x20\xd1\x82\xd0\xb5\xd0\xba\xd1\x83\xd1\x89\xd0\xb8\xd0\xb9\x20\xd0\xbf\xd0\xb5\xd1\x80\xd1\x81\xd0\xbe\xd0\xbd\xd0\xb0\xd0\xb6\x20\xd1\x82\xd0\xbe\xd0\xb3\xd0\xbe\x20\xd0\xb6\xd0\xb5\x20\xd0\xb8\xd0\xbc\xd0\xb5\xd0\xbd\xd0\xb8\x20\xd0\xb8\x20\xd1\x82\xd0\xb8\xd0\xbf\xd0\xb0\x2e\x20\xd0\x94\xd0\xbe\xd0\xbb\xd0\xb3\xd0\xb8\x20\xd0\xb8\x20\xd0\xb8\xd1\x81\xd1\x82\xd0\xbe\xd1\x80\xd0\xb8\xd1\x8f\x20\xd1\x81\xd0\xbe\xd1\x85\xd1\x80\xd0\xb0\xd0\xbd\xd1\x8f\xd1\x8e\xd1\x82\xd1\x81\xd1\x8f\x3b\x20\xd0\xb2\xd0\xbe\xd1\x81\xd1\x81\xd1\x82\xd0\xb0\xd0\xbd\xd0\xbe\xd0\xb2\xd0\xbb\xd0\xb5\xd0\xbd\xd0\xb8\xd0\xb5\x20\xd0\xbd\xd0\xb8\xd1\x87\xd0\xb5\xd0\xb3\xd0\xbe\x20\xd0\xbd\xd0\xb5\x20\xd1\x81\xd0\xbf\xd0\xb8\xd1\x81\xd1\x8b\xd0\xb2\xd0\xb0\xd0\xb5\xd1\x82\x20\xd0\xb8\x20\xd0\xbd\xd0\xb5\x20\xd0\xbd\xd0\xb0\xd1\x87\xd0\xb8\xd1\x81\xd0\xbb\xd1\x8f\xd0\xb5\xd1\x82\x20\xd0\xb7\xd0\xb0\xd1\x80\xd0\xbf\xd0\xbb\xd0\xb0\xd1\x82\xd1\x83\x20\xd0\xb7\xd0\xb0\x20\xd0\xb2\xd1\x80\xd0\xb5\xd0\xbc\xd1\x8f\x20\xd0\xbf\xd1\x80\xd0\xb8\xd0\xbe\xd1\x81\xd1\x82\xd0\xb0\xd0\xbd\xd0\xbe\xd0\xb2\xd0\xba\xd0\xb8\x2e";
Loc::strings["\x69\x6d\x70\x6f\x72\x74\x2e\x70\x61\x79\x72\x6f\x6c\x6c\x2e\x61\x6d\x62\x69\x67\x75\x6f\x75\x73"]="\xd0\x9d\xd0\xb5\xd0\xbb\xd1\x8c\xd0\xb7\xd1\x8f\x20\xd0\xb2\xd0\xbe\xd0\xb7\xd0\xbe\xd0\xb1\xd0\xbd\xd0\xbe\xd0\xb2\xd0\xb8\xd1\x82\xd1\x8c\x3a\x20\xd1\x83\xd1\x87\xd0\xb0\xd1\x81\xd1\x82\xd0\xbd\xd0\xb8\xd0\xba\x20\xd0\xbe\xd1\x82\xd1\x81\xd1\x83\xd1\x82\xd1\x81\xd1\x82\xd0\xb2\xd1\x83\xd0\xb5\xd1\x82\x2c\x20\xd0\xb8\xd0\xbc\xd0\xb5\xd0\xbd\xd0\xb0\x20\xd0\xbf\xd0\xbe\xd0\xb2\xd1\x82\xd0\xbe\xd1\x80\xd1\x8f\xd1\x8e\xd1\x82\xd1\x81\xd1\x8f\x20\xd0\xb8\xd0\xbb\xd0\xb8\x20\xd0\xb8\xd0\xb4\xd0\xb5\xd0\xbd\xd1\x82\xd0\xb8\xd1\x84\xd0\xb8\xd0\xba\xd0\xb0\xd1\x82\xd0\xbe\xd1\x80\xd1\x8b\x20\xd0\xba\xd0\xbe\xd0\xbd\xd1\x84\xd0\xbb\xd0\xb8\xd0\xba\xd1\x82\xd1\x83\xd1\x8e\xd1\x82\x2e\x20\xd0\xa1\xd0\xbe\xd0\xb1\xd0\xb5\xd1\x80\xd0\xb8\xd1\x82\xd0\xb5\x20\xd1\x83\xd1\x87\xd0\xb0\xd1\x81\xd1\x82\xd0\xbd\xd0\xb8\xd0\xba\xd0\xbe\xd0\xb2\x20\xd0\xb8\x20\xd0\xb7\xd0\xb0\xd0\xb4\xd0\xb0\xd0\xb9\xd1\x82\xd0\xb5\x20\xd0\xb8\xd0\xbc\x20\xd1\x83\xd0\xbd\xd0\xb8\xd0\xba\xd0\xb0\xd0\xbb\xd1\x8c\xd0\xbd\xd1\x8b\xd0\xb5\x20\xd0\xb8\xd0\xbc\xd0\xb5\xd0\xbd\xd0\xb0\x2c\x20\xd1\x81\xd0\xbe\xd0\xb2\xd0\xbf\xd0\xb0\xd0\xb4\xd0\xb0\xd1\x8e\xd1\x89\xd0\xb8\xd0\xb5\x20\xd1\x81\x20\xd1\x81\xd0\xbe\xd1\x85\xd1\x80\xd0\xb0\xd0\xbd\xd1\x91\xd0\xbd\xd0\xbd\xd1\x8b\xd0\xbc\xd0\xb8\x2e";
Loc::strings["\x69\x6d\x70\x6f\x72\x74\x2e\x70\x61\x79\x72\x6f\x6c\x6c\x2e\x72\x65\x76\x69\x65\x77"]="\xd0\x9f\xd1\x80\xd0\xbe\xd0\xb2\xd0\xb5\xd1\x80\xd0\xb8\xd1\x82\xd1\x8c\x20\xd0\xb2\xd0\xbe\xd0\xb7\xd0\xbe\xd0\xb1\xd0\xbd\xd0\xbe\xd0\xb2\xd0\xbb\xd0\xb5\xd0\xbd\xd0\xb8\xd0\xb5\x20\xd0\xb7\xd0\xb0\xd1\x80\xd0\xbf\xd0\xbb\xd0\xb0\xd1\x82";
Loc::strings["\x69\x6d\x70\x6f\x72\x74\x2e\x63\x6f\x6e\x66\x69\x72\x6d"]="\xd0\x9f\xd0\xbe\xd0\xb4\xd1\x82\xd0\xb2\xd0\xb5\xd1\x80\xd0\xb4\xd0\xb8\xd1\x82\xd1\x8c\x20\xd0\xb2\xd0\xbe\xd0\xb7\xd0\xbe\xd0\xb1\xd0\xbd\xd0\xbe\xd0\xb2\xd0\xbb\xd0\xb5\xd0\xbd\xd0\xb8\xd0\xb5";
Loc::strings["\x69\x6d\x70\x6f\x72\x74\x2e\x61\x72\x74\x69\x73\x61\x6e\x2e\x68\x65\x6c\x70"]="\xd0\x92\xd1\x8b\xd0\xb1\xd0\xb5\xd1\x80\xd0\xb8\xd1\x82\xd0\xb5\x20\xd0\xbf\xd1\x80\xd0\xb5\xd0\xb6\xd0\xbd\xd1\x8e\xd1\x8e\x20\xd0\xbc\xd0\xb0\xd1\x81\xd1\x82\xd0\xb5\xd1\x80\xd1\x81\xd0\xba\xd1\x83\xd1\x8e\x20\xd0\xb4\xd0\xbb\xd1\x8f\x20\xd0\xbf\xd0\xb5\xd1\x80\xd0\xb5\xd0\xbd\xd0\xbe\xd1\x81\xd0\xb0\x2e\x20\xd0\x97\xd0\xb0\xd0\xba\xd0\xb0\xd0\xb7\xd1\x8b\x20\xd0\xbe\xd1\x81\xd1\x82\xd0\xb0\xd1\x8e\xd1\x82\xd1\x81\xd1\x8f\x20\xd0\xbe\xd0\xbf\xd0\xbb\xd0\xb0\xd1\x87\xd0\xb5\xd0\xbd\xd0\xbd\xd1\x8b\xd0\xbc\xd0\xb8\x2c\x20\xd1\x81\x20\xd0\xbe\xd1\x81\xd1\x82\xd0\xb0\xd0\xb2\xd1\x88\xd0\xb8\xd0\xbc\xd1\x81\xd1\x8f\x20\xd0\xba\xd0\xbe\xd0\xbb\xd0\xb8\xd1\x87\xd0\xb5\xd1\x81\xd1\x82\xd0\xb2\xd0\xbe\xd0\xbc\x3b\x20\xd0\xbf\xd0\xbe\xd0\xb2\xd1\x82\xd0\xbe\xd1\x80\xd0\xbd\xd0\xbe\xd0\xb9\x20\xd0\xbe\xd0\xbf\xd0\xbb\xd0\xb0\xd1\x82\xd1\x8b\x20\xd0\xbd\xd0\xb5\xd1\x82\x2e\x20\xd0\x9d\xd1\x83\xd0\xb6\xd0\xb5\xd0\xbd\x20\xd1\x80\xd0\xb5\xd0\xbc\xd0\xb5\xd1\x81\xd0\xbb\xd0\xb5\xd0\xbd\xd0\xbd\xd0\xb8\xd0\xba\x20\xd0\xbf\xd0\xbe\xd0\xb4\xd1\x85\xd0\xbe\xd0\xb4\xd1\x8f\xd1\x89\xd0\xb5\xd0\xb9\x20\xd0\xbf\xd1\x80\xd0\xbe\xd1\x84\xd0\xb5\xd1\x81\xd1\x81\xd0\xb8\xd0\xb8\x20\xd0\xb1\xd0\xb5\xd0\xb7\x20\xd0\xb4\xd1\x80\xd1\x83\xd0\xb3\xd0\xbe\xd0\xb9\x20\xd0\xba\xd0\xbe\xd1\x80\xd0\xb7\xd0\xb8\xd0\xbd\xd1\x8b\x20\xd0\xb8\x20\xd0\xb8\xd1\x81\xd1\x82\xd0\xbe\xd1\x80\xd0\xb8\xd0\xb8\x20\xd0\xb7\xd0\xb0\xd0\xba\xd0\xb0\xd0\xb7\xd0\xbe\xd0\xb2\x2e\x20\xd0\x92\x20\xd1\x81\xd1\x82\xd0\xb0\xd1\x80\xd1\x8b\xd1\x85\x20\xd1\x81\xd0\xbe\xd1\x85\xd1\x80\xd0\xb0\xd0\xbd\xd0\xb5\xd0\xbd\xd0\xb8\xd1\x8f\xd1\x85\x20\xd0\xb1\xd0\xb5\xd0\xb7\x20\xd0\xb2\xd1\x80\xd0\xb5\xd0\xbc\xd0\xb5\xd0\xbd\xd0\xb8\x20\xd0\xbf\xd1\x80\xd0\xb8\xd0\xbe\xd1\x81\xd1\x82\xd0\xb0\xd0\xbd\xd0\xbe\xd0\xb2\xd0\xba\xd0\xb8\x20\xd1\x81\xd1\x80\xd0\xbe\xd0\xba\x20\xd0\xbd\xd0\xb5\xd0\xb7\xd0\xb0\xd0\xb2\xd0\xb5\xd1\x80\xd1\x88\xd1\x91\xd0\xbd\xd0\xbd\xd0\xbe\xd0\xb3\xd0\xbe\x20\xd0\xb8\xd0\xb7\xd0\xb3\xd0\xbe\xd1\x82\xd0\xbe\xd0\xb2\xd0\xbb\xd0\xb5\xd0\xbd\xd0\xb8\xd1\x8f\x20\xd0\xbd\xd0\xb0\xd1\x87\xd0\xb8\xd0\xbd\xd0\xb0\xd0\xb5\xd1\x82\xd1\x81\xd1\x8f\x20\xd0\xb7\xd0\xb0\xd0\xbd\xd0\xbe\xd0\xb2\xd0\xbe\x2e";
Loc::strings["\x69\x6d\x70\x6f\x72\x74\x2e\x61\x72\x74\x69\x73\x61\x6e\x2e\x6f\x70\x65\x6e"]="\xd0\x98\xd0\xbc\xd0\xbf\xd0\xbe\xd1\x80\xd1\x82\xd0\xb8\xd1\x80\xd0\xbe\xd0\xb2\xd0\xb0\xd0\xbd\xd0\xbd\xd1\x8b\xd0\xb5\x20\xd0\xb7\xd0\xb0\xd0\xba\xd0\xb0\xd0\xb7\xd1\x8b";
Loc::strings["\x69\x6d\x70\x6f\x72\x74\x2e\x61\x72\x74\x69\x73\x61\x6e\x2e\x74\x72\x61\x6e\x73\x66\x65\x72"]="\xd0\x9f\xd0\xb5\xd1\x80\xd0\xb5\xd0\xb4\xd0\xb0\xd1\x82\xd1\x8c\x20\xd1\x8d\xd1\x82\xd0\xbe\xd0\xbc\xd1\x83\x20\xd1\x80\xd0\xb5\xd0\xbc\xd0\xb5\xd1\x81\xd0\xbb\xd0\xb5\xd0\xbd\xd0\xbd\xd0\xb8\xd0\xba\xd1\x83";
Loc::strings["\x69\x6d\x70\x6f\x72\x74\x2e\x61\x72\x74\x69\x73\x61\x6e\x2e\x63\x6f\x6e\x66\x69\x72\x6d"]="\xd0\x9f\xd0\xbe\xd0\xb4\xd1\x82\xd0\xb2\xd0\xb5\xd1\x80\xd0\xb4\xd0\xb8\xd1\x82\xd1\x8c\x20\xd0\xbf\xd0\xb5\xd1\x80\xd0\xb5\xd0\xbd\xd0\xbe\xd1\x81\x20\xd0\xbc\xd0\xb0\xd1\x81\xd1\x82\xd0\xb5\xd1\x80\xd1\x81\xd0\xba\xd0\xbe\xd0\xb9\x2c\x20\xd0\xba\xd0\xbe\xd1\x80\xd0\xb7\xd0\xb8\xd0\xbd\xd1\x8b\x20\xd0\xb8\x20\xd0\xb8\xd1\x81\xd1\x82\xd0\xbe\xd1\x80\xd0\xb8\xd0\xb8\x20\xd0\xba\x3a";
Loc::strings["\x69\x6d\x70\x6f\x72\x74\x2e\x61\x72\x74\x69\x73\x61\x6e\x2e\x64\x6f\x6e\x65"]="\xd0\x97\xd0\xb0\xd0\xba\xd0\xb0\xd0\xb7\xd1\x8b\x20\xd0\xb2\xd0\xbe\xd0\xb7\xd0\xbe\xd0\xb1\xd0\xbd\xd0\xbe\xd0\xb2\xd0\xbb\xd0\xb5\xd0\xbd\xd1\x8b\x20\xd0\xb1\xd0\xb5\xd0\xb7\x20\xd0\xbf\xd0\xbe\xd0\xb2\xd1\x82\xd0\xbe\xd1\x80\xd0\xbd\xd0\xbe\xd0\xb9\x20\xd0\xbe\xd0\xbf\xd0\xbb\xd0\xb0\xd1\x82\xd1\x8b\x2e\x20\xd0\xa3\xd0\xb6\xd0\xb5\x20\xd0\xbf\xd0\xbe\xd0\xbb\xd1\x83\xd1\x87\xd0\xb5\xd0\xbd\xd0\xbd\xd1\x8b\xd0\xb5\x20\xd0\xbf\xd1\x80\xd0\xb5\xd0\xb4\xd0\xbc\xd0\xb5\xd1\x82\xd1\x8b\x20\xd0\xbd\xd0\xb5\x20\xd0\xb1\xd1\x83\xd0\xb4\xd1\x83\xd1\x82\x20\xd0\xb2\xd1\x8b\xd0\xb4\xd0\xb0\xd0\xbd\xd1\x8b\x20\xd1\x81\xd0\xbd\xd0\xbe\xd0\xb2\xd0\xb0\x2e";
Loc::strings["\x69\x6d\x70\x6f\x72\x74\x2e\x61\x72\x74\x69\x73\x61\x6e\x2e\x75\x6e\x61\x76\x61\x69\x6c\x61\x62\x6c\x65"]="\xd0\x9d\xd0\xb5\xd0\xbb\xd1\x8c\xd0\xb7\xd1\x8f\x20\xd0\xbf\xd0\xb5\xd1\x80\xd0\xb5\xd0\xbd\xd0\xb5\xd1\x81\xd1\x82\xd0\xb8\x3a\x20\xd0\xbd\xd1\x83\xd0\xb6\xd0\xbd\xd0\xb0\x20\xd0\xbf\xd0\xbe\xd0\xb4\xd1\x85\xd0\xbe\xd0\xb4\xd1\x8f\xd1\x89\xd0\xb0\xd1\x8f\x20\xd0\xbf\xd1\x80\xd0\xbe\xd1\x84\xd0\xb5\xd1\x81\xd1\x81\xd0\xb8\xd1\x8f\x20\xd0\xb8\x20\xd0\xbe\xd1\x82\xd1\x81\xd1\x83\xd1\x82\xd1\x81\xd1\x82\xd0\xb2\xd0\xb8\xd0\xb5\x20\xd0\xb4\xd1\x80\xd1\x83\xd0\xb3\xd0\xbe\xd0\xb9\x20\xd0\xba\xd0\xbe\xd1\x80\xd0\xb7\xd0\xb8\xd0\xbd\xd1\x8b\x20\xd0\xb8\x20\xd0\xb8\xd1\x81\xd1\x82\xd0\xbe\xd1\x80\xd0\xb8\xd0\xb8\x20\xd0\xb7\xd0\xb0\xd0\xba\xd0\xb0\xd0\xb7\xd0\xbe\xd0\xb2\x2e\x20\xd0\x92\xd1\x8b\xd0\xb1\xd0\xb5\xd1\x80\xd0\xb8\xd1\x82\xd0\xb5\x20\xd0\xb4\xd1\x80\xd1\x83\xd0\xb3\xd0\xbe\xd0\xb3\xd0\xbe\x20\xd1\x80\xd0\xb5\xd0\xbc\xd0\xb5\xd1\x81\xd0\xbb\xd0\xb5\xd0\xbd\xd0\xbd\xd0\xb8\xd0\xba\xd0\xb0\x2e";
break;
}}
#include "src/GuildPayroll.h"
namespace Loc{
typedef std::map<std::string,std::string> Catalogue;
std::string format(const char* key,const Catalogue& args){std::string s=text(key);for(Catalogue::const_iterator i=args.begin();i!=args.end();++i){std::string token="{"+i->first+"}";size_t p=0;while((p=s.find(token,p))!=std::string::npos){s.replace(p,token.size(),i->second);p+=i->second.size();}}return s;}
}
enum StatsEnumerated{STAT_STRENGTH,STAT_TOUGHNESS,STAT_DEXTERITY,STAT_MELEE_ATTACK,STAT_MARTIALARTS,STAT_MELEE_DEFENCE,STAT_DODGE};
enum LimbState{LIMB_ORIGINAL,LIMB_STUMP,LIMB_REPLACED,LIMB_CRUSHED};
struct RobotLimbs{enum Limb{LEFT_ARM,RIGHT_ARM,LEFT_LEG,RIGHT_LEG};};
struct Character;std::map<std::string,Character*> actors;
struct hand{std::string id;hand(const std::string& s=""):id(s){}std::string toString(){return id;}void fromString(const std::string& s){id=s;}bool isNull(){return id.empty();}Character* getCharacter(){return actors.count(id)?actors[id]:0;}};
struct Faction{} faction;
struct RaceData{bool robot;RaceData():robot(false){}};
struct CharStats{float stats[7];CharStats(){for(int i=0;i<7;++i)stats[i]=40;}float getStat(int i,bool base){assert(base);return stats[i];}};
struct Medical{LimbState limbs[4];Medical(){for(int i=0;i<4;++i)limbs[i]=LIMB_ORIGINAL;}LimbState getLimbState(RobotLimbs::Limb i){return limbs[i];}};
struct Character{std::string id;CharStats stats;RaceData race;Medical medical;bool animal,dead;Character(const std::string& s):id(s),animal(false),dead(false){actors[s]=this;}CharStats* getStats(){return &stats;}RaceData* getRace(){return &race;}bool isDead(){return dead;}Character* isAnimal(){return animal?this:0;}Faction* getFaction(){return &faction;}hand getHandle(){return hand(id);}std::string getName(){return id;}};
struct Player{std::vector<Character*> playerCharacters;Faction* getFaction(){return &faction;}};
struct Engine{Player* player;bool paused;std::vector<std::string> notices;Engine():player(0),paused(false){}void showPlayerAMessage(const std::string& s,bool){notices.push_back(s);}bool isPaused(){return paused;}void userPause(bool p){paused=p;}} engine;
Engine* ou=&engine;bool importedDomainsSuspended=false;bool progressWriteBlocked=false;double currentGameHours=0;int wallet=10000;bool refuseCredit=false,refuseDebit=false;
#include "src/FinancePresentation.h"
struct Ledger{Finance::Journal cash;} fiscalLedger;
const char* fnCategories[]={"contracts","purchases","sales","wages","offices","maintenance","equipment","travel","taxes","investments","other"};
std::string fnText(const char* k){return Loc::text((std::string("finance.")+k).c_str());}
bool financeReady(){return true;}int financeBalance(){return wallet;}
void financeChange(int n,int,const char*){if(n>=0&&!refuseCredit)wallet+=n;if(n<0&&!refuseDebit)wallet=std::max(0,wallet+n);}
struct PortraitManager{static PortraitManager* getInstance(){static PortraitManager p;return &p;}void setImageWidget(hand,MyGUI::ImageBox*,bool){}};
#include "GuildPayrollRuntime.h"
MyGUI::Colour registerGreen(.65f,.83f,.49f);
int navigationRefreshes=0;
void refreshRegisterNavigation(){++navigationRefreshes;}
#include "GuildPayrollView.h"
void payrollCatalogue(int lang){setCatalogue(lang);setPayrollCatalogue(lang);}
void assertPayrollGeometry(MyGUI::Widget* w,bool scroll=false){
 for(size_t i=0;i<w->children.size();++i){MyGUI::Widget* c=w->children[i];assert(c->w>0&&c->h>0&&c->x>=0&&c->y>=0);
  if(!scroll){if(c->x+c->w>w->w||c->y+c->h>w->h)std::cerr<<"overflow "<<c->type()<<" "<<c->x<<","<<c->y<<","<<c->w<<","<<c->h<<" parent "<<w->w<<","<<w->h<<"\n";assert(c->x+c->w<=w->w&&c->y+c->h<=w->h);}
  MyGUI::TextBox* t=dynamic_cast<MyGUI::TextBox*>(c);if(t&&!t->caption.empty()){if(t->getTextSize().width>c->w||t->getTextSize().height>c->h)std::cerr<<"text overflow: "<<t->caption<<" actual "<<t->getTextSize().width<<","<<t->getTextSize().height<<" box "<<c->w<<","<<c->h<<"\n";assert(t->getTextSize().width<=c->w&&t->getTextSize().height<=c->h);}
  assertPayrollGeometry(c,scroll||dynamic_cast<MyGUI::ScrollView*>(c)!=0);
 }
}
MyGUI::Button* action(MyGUI::Widget* w,const std::string& name){for(size_t i=0;i<w->children.size();++i){MyGUI::Widget* c=w->children[i];if(c->getUserString("payrollAction")==name)return dynamic_cast<MyGUI::Button*>(c);if(MyGUI::Button* found=action(c,name))return found;}return 0;}
bool containsText(MyGUI::Widget* w,const std::string& value){MyGUI::TextBox* t=dynamic_cast<MyGUI::TextBox*>(w);if(t&&t->caption.find(value)!=std::string::npos)return true;for(size_t i=0;i<w->children.size();++i)if(containsText(w->children[i],value))return true;return false;}
void click(MyGUI::Window* w,const std::string& name){MyGUI::Button* b=action(w,name);assert(b&&b->eventMouseButtonClick.callback==payrollUiClick);b->eventMouseButtonClick.callback(b);}
void sheetSnapshot(MyGUI::Widget* w,std::ofstream& f,int x,int y,int left,int top,int right,int bottom){
 x+=w->x;y+=w->y;MyGUI::TextBox* t=dynamic_cast<MyGUI::TextBox*>(w);MyGUI::ImageBox* icon=dynamic_cast<MyGUI::ImageBox*>(w);
 f<<w->type()<<"\t"<<x<<"\t"<<y<<"\t"<<w->w<<"\t"<<w->h<<"\t"<<w->colour.r<<"\t"<<w->colour.g<<"\t"<<w->colour.b<<"\t"<<(t?t->font:0)<<"\t"<<(t?t->align:0)<<"\t"<<(t?hex(t->caption):"")<<"\t"<<(icon?icon->texture:"")<<"\t"<<(icon?icon->uv.left:0)<<"\t"<<(icon?icon->uv.top:0)<<"\t"<<(icon?icon->uv.width:0)<<"\t"<<(icon?icon->uv.height:0)<<"\t"<<left<<"\t"<<top<<"\t"<<right<<"\t"<<bottom<<"\n";
 if(dynamic_cast<MyGUI::ScrollView*>(w)){left=std::max(left,x);top=std::max(top,y);right=std::min(right,x+w->w);bottom=std::min(bottom,y+w->h);}
 for(size_t i=0;i<w->children.size();++i)sheetSnapshot(w->children[i],f,x,y,left,top,right,bottom);
}
// The real developer handler is extracted from GuildEscort.cpp by the runner.
#include "MissionArchive.h"
float developerTimeOffsetHours=0;
MyGUI::Widget* guildWindow=0;MyGUI::Widget* missionBookContentText=0;
void updateDelegatedMission(){}void updateMailMissions(float){}
void updateGuildMenu(){}void refreshMissionBook(){}void updateTrackerUI(){}
    void developerAdvanceWorldTime(float hours)
    {
        if(hours<=0)return;
        // The developer clock also runs while simulation is paused. Establish
        // the current cycle before jumping, then service every crossed deadline
        // here instead of waiting for another simulation update.
        payrollSync();
        developerTimeOffsetHours+=hours;currentGameHours+=hours;
        payrollSync();updatePayrollWindows();
        updateDelegatedMission();updateMailMissions(2.0f);
        if(guildWindow&&guildWindow->getVisible())updateGuildMenu();
        if(missionBookContentText)refreshMissionBook();
        updateTrackerUI();
    }

void reloadPayroll(){MissionArchive out;guildPayroll.archive(out);closePayrollWindowsForWorld();guildPayroll=GuildPayroll::State();MissionArchive in(out.bytes);guildPayroll.archive(in);in.finish();}
void developerDays(int days){for(int i=0;i<days;++i)developerAdvanceWorldTime(24);}
void testPayrollRecurrence(){
 Player player;Character person("Recurring"),robot("Recurring robot");robot.race.robot=true;player.playerCharacters.push_back(&person);player.playerCharacters.push_back(&robot);ou->player=&player;
 payrollCatalogue(0);MyGUI::RenderManager::getInstance().size=MyGUI::IntSize(1024,768);ou->paused=true;wallet=10000;
 payrollSync();
 // Reproduce the reported sequence: the first sheet is serviced by a normal
 // update, then only the paused developer handler advances the next week.
 developerDays(7);payrollSync();updatePayrollWindows();assert(payrollSheetWindow);click(payrollSheetWindow,"pay");
 developerDays(7);assert(payrollSheetWindow&&guildPayroll.bills.size()==2);click(payrollSheetWindow,"pay");
 closePayrollWindowsForWorld();guildPayroll=GuildPayroll::State();currentGameHours=0;developerTimeOffsetHours=0;wallet=10000;payrollSync();
 const char* actions[]={"pay","refuse","pay","pay"};
 const int remaining[]={0,560,920,0};
 for(int cycle=0;cycle<4;++cycle){
  if(cycle==1){developerDays(3);assert(!guildPayroll.pending());reloadPayroll();assert(guildPayroll.next==336);developerDays(3);assert(!payrollSheetWindow);developerDays(1);}else developerDays(7);
  assert(currentGameHours==168*(cycle+1)&&guildPayroll.next==168*(cycle+2));
  assert(payrollSheetWindow&&guildPayroll.bills.size()==cycle+1&&guildPayroll.pending()->total==560);
  GuildPayroll::Money id=payrollDisplayedBill;
  if(cycle==2)wallet=200;if(cycle==3)wallet=10000;
  int before=wallet;click(payrollSheetWindow,actions[cycle]);
  assert(!payrollSheetWindow&&!guildPayroll.pending()&&guildPayroll.debt()==remaining[cycle]);
  assert(before-wallet==(cycle==0?560:cycle==1?0:cycle==2?200:1480));
  assert(!guildPayroll.answer(id));int after=wallet;payrollSync();updatePayrollWindows();assert(wallet==after&&!payrollSheetWindow&&guildPayroll.bills.size()==cycle+1);
 }
 assert(guildPayroll.members[person.id].wages==2240);size_t payments=0;for(size_t i=0;i<guildPayroll.debts.size();++i)payments+=guildPayroll.debts[i].repayments.size();assert(payments==5);
 developerDays(7);assert(payrollSheetWindow);MyGUI::Button* x=action(payrollSheetWindow,"refuse");assert(x&&x->w==28);click(payrollSheetWindow,"refuse");developerDays(7);assert(payrollSheetWindow&&guildPayroll.debt()==1120);click(payrollSheetWindow,"pay");
 payrollSetEnabled(false);size_t bills=guildPayroll.bills.size();developerDays(20);assert(!payrollSheetWindow&&guildPayroll.bills.size()==bills);payrollSetEnabled(true);double next=currentGameHours+168;assert(guildPayroll.next==next);
 for(int i=0;i<3;++i){developerDays(7);assert(payrollSheetWindow&&guildPayroll.next==next+168*(i+1));click(payrollSheetWindow,"pay");}
 // A rank and a rate change during the new cycle retain both accrual segments.
 developerDays(3);for(int i=0;i<7;++i)person.stats.stats[i]=65;payrollSync();guildPayroll.rate(3,150,currentGameHours);developerDays(4);assert(payrollSheetWindow&&guildPayroll.pending()->total==840);assert(guildPayroll.pending()->lines[0].segments.size()==2);click(payrollSheetWindow,"pay");
 developerDays(7);assert(payrollSheetWindow&&guildPayroll.pending()->total==1050);click(payrollSheetWindow,"pay");
 // Normal simulation updates still use the same recurring scheduler.
 currentGameHours+=168;payrollSync();updatePayrollWindows();assert(payrollSheetWindow&&guildPayroll.pending()->total==1050);click(payrollSheetWindow,"pay");
 closePayrollWindowsForWorld();guildPayroll=GuildPayroll::State();actors.clear();ou->player=0;ou->paused=false;currentGameHours=0;developerTimeOffsetHours=0;wallet=10000;
 std::cout<<"PASS recurrence: real developer handler paused; four cycles pay/refuse/partial/pay, exact amounts, no duplicate debit, X, debt, 3+4-day reload, off/on + three cycles, rank/rate segments, normal simulation\n";
}

int main(){
 testPayrollRecurrence();
 Player player;ou->player=&player;Character kang("Kang"),burn("Burn"),goat("Goat");burn.race.robot=true;goat.animal=true;player.playerCharacters.push_back(&kang);player.playerCharacters.push_back(&burn);player.playerCharacters.push_back(&goat);
 payrollCatalogue(0);MyGUI::RenderManager::getInstance().size=MyGUI::IntSize(1024,768);payrollSync();assert(guildPayroll.members.size()==2&&guildPayroll.members["Burn"].rate==0);
 currentGameHours=168;payrollSync();assert(guildPayroll.debt()==560);wallet=200;updatePayrollWindows();assert(payrollSheetWindow&&ou->paused);assertPayrollGeometry(payrollSheetWindow);click(payrollSheetWindow,"pay");assert(wallet==0&&guildPayroll.debt()==360&&!ou->paused&&!payrollSheetWindow);
 currentGameHours=336;payrollSync();updatePayrollWindows();assert(payrollSheetWindow);MyGUI::Button* x=action(payrollSheetWindow,"refuse");assert(x&&x->w==28);click(payrollSheetWindow,"refuse");assert(wallet==0&&guildPayroll.debt()==920);
 wallet=100;currentGameHours=337;kang.medical.limbs[0]=LIMB_STUMP;payrollSync();assert(wallet==0&&guildPayroll.debt(GuildPayroll::Limb)==900&&guildPayroll.members["Kang"].compensation==100);
 kang.medical.limbs[0]=LIMB_REPLACED;payrollSync();kang.medical.limbs[0]=LIMB_STUMP;payrollSync();assert(guildPayroll.debt(GuildPayroll::Limb)==900);
 payrollContractReward("personal:1",1000,"finance.contract");assert(wallet==500&&guildPayroll.receipt("personal:1")->repaid==500);payrollContractReward("personal:1",1000,"finance.contract");assert(wallet==500);
 payrollContractReward("advance:2",200,"finance.advance");assert(guildPayroll.receipt("advance:2")->repaid==100);payrollContractReward("personal:2",200,"finance.contract");assert(guildPayroll.receipt("personal:2")->repaid==100);
 int before=wallet;refuseCredit=true;payrollContractReward("failure",1000,"finance.contract");assert(wallet==before&&!guildPayroll.receipt("failure"));refuseCredit=false;
 wallet+=1000;before=wallet;payrollContractReward("bounty:1",1000,"finance.bounty","",true);assert(wallet==before-500);
 std::vector<Character*> crew;crew.push_back(&kang);crew.push_back(&burn);payrollRememberParticipants("delegated:crew",crew);guildPayroll.complete("delegated:crew");payrollContractReward("delegated:1",101,"finance.delegated","delegated:crew");assert(guildPayroll.members["Burn"].income+guildPayroll.members["Kang"].income==101);
 payrollSetEnabled(false);
 before=wallet;GuildPayroll::Money debt=guildPayroll.debt();currentGameHours=2000;kang.medical.limbs[1]=LIMB_STUMP;payrollSync();payrollContractReward("disabled",1000,"finance.mail");assert(wallet==before+1000&&guildPayroll.debt()==debt);payrollSetEnabled(true);assert(guildPayroll.next==2168);
 currentGameHours=2168;payrollSync();
 const int widths[]={800,1024,1280,1920,2560},heights[]={600,768,720,1080,1440};
 for(int lang=0;lang<4;++lang)for(int r=0;r<5;++r){payrollCatalogue(lang);MyGUI::RenderManager::getInstance().size=MyGUI::IntSize(widths[r],heights[r]);for(int tab=0;tab<4;++tab){payrollPage=tab;buildPayrollManagement();assertPayrollGeometry(payrollManagementWindow);if(lang==0&&r==3){std::ostringstream file;file<<"reports/payroll-page-"<<tab<<".tsv";std::ofstream out(file.str().c_str());dump(payrollManagementWindow,out);}payrollClose(payrollManagementWindow);}buildPayrollSheet();assertPayrollGeometry(payrollSheetWindow);payrollClose(payrollSheetWindow);}
 payrollCatalogue(0);currentGameHours=2168;payrollSync();updatePayrollWindows();assert(payrollSheetWindow);{std::ofstream out("reports/payroll-sheet.tsv");dump(payrollSheetWindow,out);}click(payrollSheetWindow,"refuse");
 kang.dead=true;currentGameHours+=1;payrollSync();assert(guildPayroll.members["Kang"].former);closePayrollWindowsForWorld();guildPayroll=GuildPayroll::State();assert(guildPayroll.members.empty()&&guildPayroll.debt()==0);
 // Exercise real buttons, a rejected debit, and scrolling through live refreshes.
 kang.dead=false;currentGameHours=0;wallet=10000;payrollSync();
 const size_t noticesBefore=ou->notices.size();kang.stats.stats[0]=80;kang.stats.stats[1]=80;kang.stats.stats[2]=80;kang.stats.stats[3]=80;kang.stats.stats[5]=80;payrollSync();assert(guildPayroll.members["Kang"].rank==4&&ou->notices.size()==noticesBefore);
 kang.medical.limbs[2]=LIMB_CRUSHED;payrollSync();assert(guildPayroll.debt(GuildPayroll::Limb)==0);
 payrollPage=3;int navigationBefore=navigationRefreshes;openPayrollFinances(0);assert(payrollPage==0&&payrollManagementIsOpen()&&navigationRefreshes>navigationBefore);click(payrollManagementWindow,"rate+4");assert(guildPayroll.rates[4]==145&&guildPayroll.members["Kang"].rate==145&&guildPayroll.members["Burn"].rate==0);
 click(payrollManagementWindow,"rate-4");assert(guildPayroll.rates[4]==140);click(payrollManagementWindow,"rate-4");assert(guildPayroll.rates[4]==135);
 payrollManagementScroll->setViewOffset(MyGUI::IntPoint(0,-180));currentGameHours=1;updatePayrollWindows();assert(payrollManagementScroll->getViewOffset().top==-180);
 click(payrollManagementWindow,"tab1");assert(payrollManagementScroll->getViewOffset().top==0);navigationBefore=navigationRefreshes;click(payrollManagementWindow,"close");assert(!payrollManagementIsOpen()&&navigationRefreshes>navigationBefore);
 currentGameHours=168;payrollSync();ou->paused=true;updatePayrollWindows();GuildPayroll::Money due=guildPayroll.debt();before=wallet;click(payrollSheetWindow,"pay");assert(wallet==before-due&&guildPayroll.debt()==0&&ou->paused);
 currentGameHours=336;payrollSync();updatePayrollWindows();refuseDebit=true;due=guildPayroll.debt();before=wallet;click(payrollSheetWindow,"pay");assert(wallet==before&&guildPayroll.debt()==due);refuseDebit=false;
 currentGameHours=504;payrollSync();updatePayrollWindows();MyGUI::Button* refuseButton=0;for(size_t i=0;i<payrollSheetWindow->children.size();++i){MyGUI::Widget* w=payrollSheetWindow->children[i];if(w->getUserString("payrollAction")=="refuse"&&w->getWidth()>28)refuseButton=dynamic_cast<MyGUI::Button*>(w);}assert(refuseButton);due=guildPayroll.debt();refuseButton->eventMouseButtonClick.callback(refuseButton);assert(wallet==before&&guildPayroll.debt()==due&&!guildPayroll.pending());

 // Representative long roster, recorded transactions, filters, details and CJK names.
 closePayrollWindowsForWorld();guildPayroll=GuildPayroll::State();currentGameHours=240;
 for(int i=0;i<36;++i){std::ostringstream id;id<<"Member "<<i;guildPayroll.observe(id.str(),id.str(),i%5,false,false,0,0);}
 guildPayroll.advance(240);guildPayroll.observe("Member 0","Member 0",0,false,true,0,240);
 for(int i=0;i<85;++i)fiscalLedger.cash.record(i%2?100:-50,1000+i,i,Finance::Contract,"finance.contract");
 payrollCatalogue(0);payrollPage=1;buildPayrollManagement();assertPayrollGeometry(payrollManagementWindow);
 click(payrollManagementWindow,"detailMember 1");assert(payrollSelected[1]=="Member 1");assertPayrollGeometry(payrollManagementWindow);
 payrollManagementScroll->setViewOffset(MyGUI::IntPoint(-20,-200));buildPayrollManagement();assert(payrollManagementScroll->getViewOffset().top==-200);
 pvFilter(0,2);assert(payrollFilter[1]==2&&payrollResetScroll);buildPayrollManagement();assert(payrollManagementScroll->getViewOffset().top==0);
 MyGUI::EditBox edit;edit.caption="Member 1";pvSearch(&edit);buildPayrollManagement();assert(payrollQuery[1]=="Member 1");assert(payrollMatches("MEMBER 1"));assert(!payrollMatches("Member 2"));
 pvSort(0,1);buildPayrollManagement();assert(payrollSort[1]==1);payrollQuery[1]="";payrollFilter[1]=0;
 for(int lang=0;lang<4;++lang)for(int r=0;r<5;++r){payrollCatalogue(lang);MyGUI::RenderManager::getInstance().size=MyGUI::IntSize(widths[r],heights[r]);for(int tab=0;tab<4;++tab){payrollPage=tab;buildPayrollManagement();assertPayrollGeometry(payrollManagementWindow);if(lang==0&&r==3){std::ostringstream file;file<<"reports/payroll-redesign-"<<tab<<".tsv";std::ofstream out(file.str().c_str());dump(payrollManagementWindow,out);}}}
 payrollPage=3;buildPayrollManagement();assert(containsText(payrollFooter,payrollMoney(4200)));assert(containsText(payrollFooter,payrollMoney(-2150)));assert(containsText(payrollFooter,payrollMoney(2050)));click(payrollManagementWindow,"next");assert(payrollHistoryPage==1);click(payrollManagementWindow,"next");assert(payrollHistoryPage==2&&!action(payrollManagementWindow,"next")->getEnabled());click(payrollManagementWindow,"previous");assert(payrollHistoryPage==1);
 fiscalLedger.cash.record(500,2000,240,Finance::Sale,"finance.sales");buildPayrollManagement();assert(payrollCategoryMap.size()==3);pvFilter(0,2);buildPayrollManagement();assert(containsText(payrollFooter,payrollMoney(500)));assert(payrollHistoryPage==0);pvFilter(0,0);
 guildPayroll.members["Member 1"].name=std::string(400,'W');payrollPage=1;buildPayrollManagement();assertPayrollGeometry(payrollManagementWindow);click(payrollManagementWindow,"detailMember 1");assertPayrollGeometry(payrollManagementWindow);
 for(int lang=4;lang<7;++lang){payrollCatalogue(1);setCatalogue(lang);guildPayroll.members["Member 1"].name=fixtureText[lang][2];for(int r=0;r<5;++r){MyGUI::RenderManager::getInstance().size=MyGUI::IntSize(widths[r],heights[r]);for(int tab=0;tab<4;++tab){payrollPage=tab;buildPayrollManagement();assertPayrollGeometry(payrollManagementWindow);}}}
 closePayrollWindowsForWorld();guildPayroll=GuildPayroll::State();
 for(int i=0;i<51;++i){std::ostringstream id;id<<"SheetMember "<<i;guildPayroll.observe(id.str(),id.str(),i%5,false,false,0,0);}
 guildPayroll.rate(4,10,.000001);guildPayroll.advance(168);GuildPayroll::Money sheetDebt=guildPayroll.debt();
 for(int lang=0;lang<4;++lang)for(int r=0;r<5;++r){payrollCatalogue(lang);MyGUI::RenderManager::getInstance().size=MyGUI::IntSize(widths[r],heights[r]);buildPayrollSheet();assert(!payrollSheetDetails&&!containsText(payrollSheetWindow,"SheetMember"));assertPayrollGeometry(payrollSheetWindow);assert(containsText(payrollSheetWindow,payrollMoney(guildPayroll.bills[0].total)));
  if(lang==0){std::ostringstream path;path<<"reports/payroll-sheet-summary-"<<widths[r]<<".tsv";std::ofstream file(path.str().c_str());sheetSnapshot(payrollSheetWindow,file,-payrollSheetWindow->x,-payrollSheetWindow->y,0,0,payrollSheetWindow->w,payrollSheetWindow->h);}
  click(payrollSheetWindow,"sheet_details");assert(payrollSheetDetails&&containsText(payrollSheetWindow,"SheetMember 0"));assertPayrollGeometry(payrollSheetWindow);assert(payrollDuration(.000001)==Loc::text("payroll.sheet.less_minute"));assert(guildPayroll.debt()==sheetDebt);
  click(payrollSheetWindow,"sheet_details");assert(!payrollSheetDetails);payrollClose(payrollSheetWindow);
 }
 for(int lang=4;lang<7;++lang){payrollCatalogue(1);setCatalogue(lang);guildPayroll.bills[0].lines[0].name=fixtureText[lang][2];buildPayrollSheet();click(payrollSheetWindow,"sheet_details");assertPayrollGeometry(payrollSheetWindow);click(payrollSheetWindow,"sheet_details");payrollClose(payrollSheetWindow);}
 closePayrollWindowsForWorld();
 importedDomainsSuspended=true;const int heldWallet=wallet;const GuildPayroll::Money heldDebt=guildPayroll.debt();assert(payrollDebit(1000,"test")==0);currentGameHours+=168;payrollSync();assert(wallet==heldWallet&&guildPayroll.debt()==heldDebt);importedDomainsSuspended=false;
 closePayrollWindowsForWorld();guildPayroll=GuildPayroll::State();guildPayroll.observe("old-import","NewMerc",1,false,false,0,0);guildPayroll.advance(168);Character newMerc("NewMerc");ou->player->playerCharacters.clear();ou->player->playerCharacters.push_back(&newMerc);importedDomainsSuspended=true;payrollRecoveryConfirm.clear();payrollPage=0;payrollCatalogue(0);buildPayrollManagement();assertPayrollGeometry(payrollManagementWindow);int beforeResume=wallet;GuildPayroll::Money debtBeforeResume=guildPayroll.debt();click(payrollManagementWindow,"recover_payroll");assert(importedDomainsSuspended&&!payrollRecoveryConfirm.empty());click(payrollManagementWindow,"recover_payroll");assert(!importedDomainsSuspended&&wallet==beforeResume&&guildPayroll.debt()==debtBeforeResume&&guildPayroll.members.count("NewMerc"));MyGUI::Button staleResume;staleResume.setUserString("payrollAction","recover_payroll");payrollUiClick(&staleResume);assert(wallet==beforeResume&&guildPayroll.debt()==debtBeforeResume);closePayrollWindowsForWorld();
 std::cout<<"PASS actual payroll adapter and UI: native base stats, player roster, skeleton/animal, wallet, 50% personal/delegated/vanilla-paid bounty, debit guards, prostheses, death, modal/pay/refuse/X, options, 4 languages x 5 resolutions x 4 pages; real rate buttons, silent dynamic rank, crushed limb exclusion, full/refused debit, pause preservation and scroll refresh\n";
}
